date,country,metric,category,series_label,fred_series,value,mom_change_pct,yoy_change_pct,era,post_tariff_era
2015-01-01,USA,CPI,All Items,USA_CPI_All,CPIAUCSL,234.747,,,Pre-Trade War,False
2015-02-01,USA,CPI,All Items,USA_CPI_All,CPIAUCSL,235.342,0.25346436802173855,,Pre-Trade War,False
2015-03-01,USA,CPI,All Items,USA_CPI_All,CPIAUCSL,235.976,0.26939517808124425,,Pre-Trade War,False
2015-04-01,USA,CPI,All Items,USA_CPI_All,CPIAUCSL,236.222,0.10424788961589382,,Pre-Trade War,False
2015-05-01,USA,CPI,All Items,USA_CPI_All,CPIAUCSL,237.001,0.3297745341246827,,Pre-Trade War,False
2015-06-01,USA,CPI,All Items,USA_CPI_All,CPIAUCSL,237.657,0.27679208104607333,,Pre-Trade War,False
2015-07-01,USA,CPI,All Items,USA_CPI_All,CPIAUCSL,238.034,0.15863197801873063,,Pre-Trade War,False
2015-08-01,USA,CPI,All Items,USA_CPI_All,CPIAUCSL,238.033,-0.000420108051790713,,Pre-Trade War,False
2015-09-01,USA,CPI,All Items,USA_CPI_All,CPIAUCSL,237.498,-0.22475875193775918,,Pre-Trade War,False
2015-10-01,USA,CPI,All Items,USA_CPI_All,CPIAUCSL,237.733,0.09894820166906904,,Pre-Trade War,False
2015-11-01,USA,CPI,All Items,USA_CPI_All,CPIAUCSL,238.017,0.11946174910508756,,Pre-Trade War,False
2015-12-01,USA,CPI,All Items,USA_CPI_All,CPIAUCSL,237.761,-0.10755534268560574,,Pre-Trade War,False
2016-01-01,USA,CPI,All Items,USA_CPI_All,CPIAUCSL,237.652,-0.04584435630738959,1.2375025026943876,Pre-Trade War,False
2016-02-01,USA,CPI,All Items,USA_CPI_All,CPIAUCSL,237.336,-0.13296753235823022,0.8472775790126619,Pre-Trade War,False
2016-03-01,USA,CPI,All Items,USA_CPI_All,CPIAUCSL,238.08,0.31347962382444194,0.8916160965521946,Pre-Trade War,False
2016-04-01,USA,CPI,All Items,USA_CPI_All,CPIAUCSL,238.992,0.38306451612901693,1.1726257503534843,Pre-Trade War,False
2016-05-01,USA,CPI,All Items,USA_CPI_All,CPIAUCSL,239.557,0.23640958693178504,1.0784764621246223,Pre-Trade War,False
2016-06-01,USA,CPI,All Items,USA_CPI_All,CPIAUCSL,240.222,0.2775957287827202,1.0792865347959424,Pre-Trade War,False
2016-07-01,USA,CPI,All Items,USA_CPI_All,CPIAUCSL,240.101,-0.05037007434789409,0.8683633430518256,Pre-Trade War,False
2016-08-01,USA,CPI,All Items,USA_CPI_All,CPIAUCSL,240.545,0.18492217858316895,1.0553158595656864,Pre-Trade War,False
2016-09-01,USA,CPI,All Items,USA_CPI_All,CPIAUCSL,241.176,0.26232097944252075,1.5486446201652182,Pre-Trade War,False
2016-10-01,USA,CPI,All Items,USA_CPI_All,CPIAUCSL,241.741,0.23426874979268764,1.685924966243646,Pre-Trade War,False
2016-11-01,USA,CPI,All Items,USA_CPI_All,CPIAUCSL,242.026,0.11789477167711837,1.6843334719788938,Pre-Trade War,False
2016-12-01,USA,CPI,All Items,USA_CPI_All,CPIAUCSL,242.637,0.2524522158776188,2.0507989115119862,Pre-Trade War,False
2017-01-01,USA,CPI,All Items,USA_CPI_All,CPIAUCSL,243.618,0.4043076694815628,2.5103933482571117,Pre-Trade War,False
2017-02-01,USA,CPI,All Items,USA_CPI_All,CPIAUCSL,244.006,0.15926573570097524,2.8103616813294208,Pre-Trade War,False
2017-03-01,USA,CPI,All Items,USA_CPI_All,CPIAUCSL,243.892,-0.04672016261895173,2.44119623655914,Pre-Trade War,False
2017-04-01,USA,CPI,All Items,USA_CPI_All,CPIAUCSL,244.193,0.12341528217407749,2.176223471915395,Pre-Trade War,False
2017-05-01,USA,CPI,All Items,USA_CPI_All,CPIAUCSL,244.004,-0.07739779600562935,1.8563431667619756,Pre-Trade War,False
2017-06-01,USA,CPI,All Items,USA_CPI_All,CPIAUCSL,244.163,0.0651628661825221,1.640565809959127,Pre-Trade War,False
2017-07-01,USA,CPI,All Items,USA_CPI_All,CPIAUCSL,244.243,0.03276499715354486,1.7251073506566073,Pre-Trade War,False
2017-08-01,USA,CPI,All Items,USA_CPI_All,CPIAUCSL,245.183,0.38486261632881824,1.92812155729698,Pre-Trade War,False
2017-09-01,USA,CPI,All Items,USA_CPI_All,CPIAUCSL,246.435,0.5106389920997767,2.1805652303711787,Pre-Trade War,False
2017-10-01,USA,CPI,All Items,USA_CPI_All,CPIAUCSL,246.626,0.07750522450138408,2.020757753132485,Pre-Trade War,False
2017-11-01,USA,CPI,All Items,USA_CPI_All,CPIAUCSL,247.284,0.2668007428251684,2.172493864295566,Pre-Trade War,False
2017-12-01,USA,CPI,All Items,USA_CPI_All,CPIAUCSL,247.805,0.21068892447551058,2.129930719552253,Pre-Trade War,False
2018-01-01,USA,CPI,All Items,USA_CPI_All,CPIAUCSL,248.859,0.42533443635115464,2.151318868063945,Pre-Trade War,False
2018-02-01,USA,CPI,All Items,USA_CPI_All,CPIAUCSL,249.529,0.26922876006090224,2.263468931091861,Pre-Trade War,False
2018-03-01,USA,CPI,All Items,USA_CPI_All,CPIAUCSL,249.577,0.0192362410782021,2.3309497646499366,Trade War 1.0,False
2018-04-01,USA,CPI,All Items,USA_CPI_All,CPIAUCSL,250.227,0.2604406656061986,2.4709963021052994,Trade War 1.0,False
2018-05-01,USA,CPI,All Items,USA_CPI_All,CPIAUCSL,250.792,0.2257949781598212,2.781921607842497,Trade War 1.0,False
2018-06-01,USA,CPI,All Items,USA_CPI_All,CPIAUCSL,251.018,0.09011451720948305,2.8075506935940187,Trade War 1.0,False
2018-07-01,USA,CPI,All Items,USA_CPI_All,CPIAUCSL,251.214,0.07808204989283585,2.854124785561929,Trade War 1.0,False
2018-08-01,USA,CPI,All Items,USA_CPI_All,CPIAUCSL,251.663,0.17873207703393845,2.6429238568742575,Trade War 1.0,False
2018-09-01,USA,CPI,All Items,USA_CPI_All,CPIAUCSL,252.182,0.2062281702117419,2.332055105808828,Trade War 1.0,False
2018-10-01,USA,CPI,All Items,USA_CPI_All,CPIAUCSL,252.772,0.2339580144498754,2.492032470218053,Trade War 1.0,False
2018-11-01,USA,CPI,All Items,USA_CPI_All,CPIAUCSL,252.594,-0.07041919199911595,2.147328577667773,Trade War 1.0,False
2018-12-01,USA,CPI,All Items,USA_CPI_All,CPIAUCSL,252.767,0.06848935445813442,2.0023809043401064,Trade War 1.0,False
2019-01-01,USA,CPI,All Items,USA_CPI_All,CPIAUCSL,252.561,-0.08149798035343991,1.4875893578291333,Trade War 1.0,False
2019-02-01,USA,CPI,All Items,USA_CPI_All,CPIAUCSL,253.319,0.3001255142321968,1.5188615351321877,Trade War 1.0,False
2019-03-01,USA,CPI,All Items,USA_CPI_All,CPIAUCSL,254.277,0.37817929172307974,1.8831863513063984,Trade War 1.0,False
2019-04-01,USA,CPI,All Items,USA_CPI_All,CPIAUCSL,255.233,0.3759679404743643,2.000583470209061,Trade War 1.0,False
2019-05-01,USA,CPI,All Items,USA_CPI_All,CPIAUCSL,255.296,0.02468332856644384,1.7959105553606136,Trade War 1.0,False
2019-06-01,USA,CPI,All Items,USA_CPI_All,CPIAUCSL,255.213,-0.03251128102280676,1.671194894390049,Trade War 1.0,False
2019-07-01,USA,CPI,All Items,USA_CPI_All,CPIAUCSL,255.802,0.23078761661827762,1.826331335037068,Trade War 1.0,False
2019-08-01,USA,CPI,All Items,USA_CPI_All,CPIAUCSL,256.036,0.09147700174354512,1.7376412106666406,Trade War 1.0,False
2019-09-01,USA,CPI,All Items,USA_CPI_All,CPIAUCSL,256.43,0.1538846099767177,1.6844977040391562,Trade War 1.0,False
2019-10-01,USA,CPI,All Items,USA_CPI_All,CPIAUCSL,257.155,0.2827282299262768,1.7339736996186295,Trade War 1.0,False
2019-11-01,USA,CPI,All Items,USA_CPI_All,CPIAUCSL,257.879,0.281542260504386,2.092290394862917,Trade War 1.0,False
2019-12-01,USA,CPI,All Items,USA_CPI_All,CPIAUCSL,258.63,0.29122185210892493,2.3195274699624457,Trade War 1.0,False
2020-01-01,USA,CPI,All Items,USA_CPI_All,CPIAUCSL,259.127,0.19216641534238743,2.599767976845202,Trade War 1.0,False
2020-02-01,USA,CPI,All Items,USA_CPI_All,CPIAUCSL,259.25,0.04746707213065804,2.3413166797595197,Phase 1 + COVID,False
2020-03-01,USA,CPI,All Items,USA_CPI_All,CPIAUCSL,258.076,-0.4528447444551498,1.4940399642909163,Phase 1 + COVID,False
2020-04-01,USA,CPI,All Items,USA_CPI_All,CPIAUCSL,256.032,-0.7920147553434065,0.3130472940411133,Phase 1 + COVID,False
2020-05-01,USA,CPI,All Items,USA_CPI_All,CPIAUCSL,255.802,-0.08983252093487382,0.1982013035848551,Phase 1 + COVID,False
2020-06-01,USA,CPI,All Items,USA_CPI_All,CPIAUCSL,257.042,0.4847499237691677,0.7166562831830481,Phase 1 + COVID,False
2020-07-01,USA,CPI,All Items,USA_CPI_All,CPIAUCSL,258.352,0.5096443382793581,0.9968647625897997,Phase 1 + COVID,False
2020-08-01,USA,CPI,All Items,USA_CPI_All,CPIAUCSL,259.316,0.3731343283582156,1.2810698495523853,Phase 1 + COVID,False
2020-09-01,USA,CPI,All Items,USA_CPI_All,CPIAUCSL,259.997,0.2626139536318739,1.3910228912373812,Phase 1 + COVID,False
2020-10-01,USA,CPI,All Items,USA_CPI_All,CPIAUCSL,260.319,0.1238475828567287,1.2303863428671624,Phase 1 + COVID,False
2020-11-01,USA,CPI,All Items,USA_CPI_All,CPIAUCSL,260.911,0.2274132890799363,1.1757452138405844,Phase 1 + COVID,False
2020-12-01,USA,CPI,All Items,USA_CPI_All,CPIAUCSL,262.045,0.4346309661148906,1.3204191315779434,Phase 1 + COVID,False
2021-01-01,USA,CPI,All Items,USA_CPI_All,CPIAUCSL,262.687,0.24499608845809373,1.3738437137002402,Phase 1 + COVID,False
2021-02-01,USA,CPI,All Items,USA_CPI_All,CPIAUCSL,263.579,0.33956762230333837,1.6698167791706853,Phase 1 + COVID,False
2021-03-01,USA,CPI,All Items,USA_CPI_All,CPIAUCSL,264.961,0.524320981565296,2.6678187820641908,Phase 1 + COVID,False
2021-04-01,USA,CPI,All Items,USA_CPI_All,CPIAUCSL,266.614,0.6238653990587206,4.133077115360573,Phase 1 + COVID,False
2021-05-01,USA,CPI,All Items,USA_CPI_All,CPIAUCSL,268.383,0.6635060424433847,4.918257089467626,Phase 1 + COVID,False
2021-06-01,USA,CPI,All Items,USA_CPI_All,CPIAUCSL,270.654,0.8461787818155431,5.295632620349999,Phase 1 + COVID,False
2021-07-01,USA,CPI,All Items,USA_CPI_All,CPIAUCSL,271.903,0.4614747980816958,5.245169381309234,Phase 1 + COVID,False
2021-08-01,USA,CPI,All Items,USA_CPI_All,CPIAUCSL,272.676,0.2842925602144719,5.152015301793966,Phase 1 + COVID,False
2021-09-01,USA,CPI,All Items,USA_CPI_All,CPIAUCSL,273.91,0.4525517463950024,5.351215590949132,Phase 1 + COVID,False
2021-10-01,USA,CPI,All Items,USA_CPI_All,CPIAUCSL,276.55,0.9638202329232071,6.235042390298062,Phase 1 + COVID,False
2021-11-01,USA,CPI,All Items,USA_CPI_All,CPIAUCSL,278.919,0.8566262881938069,6.901970403700863,Phase 1 + COVID,False
2021-12-01,USA,CPI,All Items,USA_CPI_All,CPIAUCSL,280.845,0.6905230550805275,7.174340285065539,Phase 1 + COVID,False
2022-01-01,USA,CPI,All Items,USA_CPI_All,CPIAUCSL,282.543,0.6046039630400957,7.558805726967832,Phase 1 + COVID,False
2022-02-01,USA,CPI,All Items,USA_CPI_All,CPIAUCSL,284.5,0.6926379347568234,7.937278766517819,Phase 1 + COVID,False
2022-03-01,USA,CPI,All Items,USA_CPI_All,CPIAUCSL,287.674,1.115641476274165,8.572204966013853,Phase 1 + COVID,False
2022-04-01,USA,CPI,All Items,USA_CPI_All,CPIAUCSL,288.561,0.30833512934780316,8.231750770777225,Phase 1 + COVID,False
2022-05-01,USA,CPI,All Items,USA_CPI_All,CPIAUCSL,291.298,0.9484996239963239,8.538171195642065,Phase 1 + COVID,False
2022-06-01,USA,CPI,All Items,USA_CPI_All,CPIAUCSL,294.957,1.2561019986405686,8.979361103105798,Phase 1 + COVID,False
2022-07-01,USA,CPI,All Items,USA_CPI_All,CPIAUCSL,294.913,-0.014917428642136077,8.462576727730099,Phase 1 + COVID,False
2022-08-01,USA,CPI,All Items,USA_CPI_All,CPIAUCSL,295.097,0.062391281496565476,8.222579178218826,Phase 1 + COVID,False
2022-09-01,USA,CPI,All Items,USA_CPI_All,CPIAUCSL,296.349,0.42426727482827165,8.192106896425821,Phase 1 + COVID,False
2022-10-01,USA,CPI,All Items,USA_CPI_All,CPIAUCSL,298.007,0.5594754832984217,7.758813957693,Phase 1 + COVID,False
2022-11-01,USA,CPI,All Items,USA_CPI_All,CPIAUCSL,298.786,0.2614032556282231,7.122856456533988,Phase 1 + COVID,False
2022-12-01,USA,CPI,All Items,USA_CPI_All,CPIAUCSL,298.832,0.01539563433359259,6.404600402357152,Phase 1 + COVID,False
2023-01-01,USA,CPI,All Items,USA_CPI_All,CPIAUCSL,300.42,0.5314022594635093,6.327178517960097,Phase 1 + COVID,False
2023-02-01,USA,CPI,All Items,USA_CPI_All,CPIAUCSL,301.45,0.3428533386591992,5.957820738137087,Phase 1 + COVID,False
2023-03-01,USA,CPI,All Items,USA_CPI_All,CPIAUCSL,301.821,0.12307181953890023,4.917719362889961,Phase 1 + COVID,False
2023-04-01,USA,CPI,All Items,USA_CPI_All,CPIAUCSL,302.845,0.3392739405144063,4.950079879124369,Phase 1 + COVID,False
2023-05-01,USA,CPI,All Items,USA_CPI_All,CPIAUCSL,303.334,0.1614687381333635,4.131851231385042,Phase 1 + COVID,False
2023-06-01,USA,CPI,All Items,USA_CPI_All,CPIAUCSL,304.014,0.224175331482801,3.070617072997095,Phase 1 + COVID,False
2023-07-01,USA,CPI,All Items,USA_CPI_All,CPIAUCSL,304.609,0.1957146710348745,3.287749268428297,Phase 1 + COVID,False
2023-08-01,USA,CPI,All Items,USA_CPI_All,CPIAUCSL,306.082,0.4835707415079771,3.722504803505289,Phase 1 + COVID,False
2023-09-01,USA,CPI,All Items,USA_CPI_All,CPIAUCSL,307.276,0.3900915440960384,3.687206638119256,Phase 1 + COVID,False
2023-10-01,USA,CPI,All Items,USA_CPI_All,CPIAUCSL,307.696,0.13668493471667986,3.2512659098611785,Phase 1 + COVID,False
2023-11-01,USA,CPI,All Items,USA_CPI_All,CPIAUCSL,308.148,0.14689823722116024,3.1333462745911866,Phase 1 + COVID,False
2023-12-01,USA,CPI,All Items,USA_CPI_All,CPIAUCSL,308.741,0.1924399963653789,3.3159099427102934,Phase 1 + COVID,False
2024-01-01,USA,CPI,All Items,USA_CPI_All,CPIAUCSL,309.698,0.30996854969052023,3.0883429864855705,Phase 1 + COVID,False
2024-02-01,USA,CPI,All Items,USA_CPI_All,CPIAUCSL,310.967,0.40975401843086345,3.157074141648697,Phase 1 + COVID,False
2024-03-01,USA,CPI,All Items,USA_CPI_All,CPIAUCSL,312.345,0.4431338373525273,3.4868349120836584,Phase 1 + COVID,False
2024-04-01,USA,CPI,All Items,USA_CPI_All,CPIAUCSL,313.023,0.21706766556210955,3.3607951262196734,Phase 1 + COVID,False
2024-05-01,USA,CPI,All Items,USA_CPI_All,CPIAUCSL,313.175,0.04855873210594108,3.244278584003113,Phase 1 + COVID,False
2024-06-01,USA,CPI,All Items,USA_CPI_All,CPIAUCSL,313.044,-0.041829647960411886,2.9702579486470926,Phase 1 + COVID,False
2024-07-01,USA,CPI,All Items,USA_CPI_All,CPIAUCSL,313.569,0.16770805381991494,2.9414757935583014,Phase 1 + COVID,False
2024-08-01,USA,CPI,All Items,USA_CPI_All,CPIAUCSL,314.062,0.1572221743858515,2.607144490692037,Phase 1 + COVID,False
2024-09-01,USA,CPI,All Items,USA_CPI_All,CPIAUCSL,314.732,0.2133336729690294,2.4264830315416708,Phase 1 + COVID,False
2024-10-01,USA,CPI,All Items,USA_CPI_All,CPIAUCSL,315.631,0.2856398459641696,2.578844053871343,Phase 1 + COVID,False
2024-11-01,USA,CPI,All Items,USA_CPI_All,CPIAUCSL,316.528,0.28419261732848256,2.719472461284833,Phase 1 + COVID,False
2024-12-01,USA,CPI,All Items,USA_CPI_All,CPIAUCSL,317.604,0.3399383308901438,2.870690967509981,Phase 1 + COVID,False
2025-01-01,USA,CPI,All Items,USA_CPI_All,CPIAUCSL,318.961,0.42726162139017365,2.9909783078999608,Trade War 2.0,False
2025-02-01,USA,CPI,All Items,USA_CPI_All,CPIAUCSL,319.679,0.22510589068882592,2.8015834477613355,Trade War 2.0,False
2025-03-01,USA,CPI,All Items,USA_CPI_All,CPIAUCSL,319.785,0.03315826188146076,2.381981462805549,Trade War 2.0,False
2025-04-01,USA,CPI,All Items,USA_CPI_All,CPIAUCSL,320.302,0.16167112278562268,2.32538823025783,Trade War 2.0,False
2025-05-01,USA,CPI,All Items,USA_CPI_All,CPIAUCSL,320.62,0.09928130327003792,2.3772651073680873,Trade War 2.0,True
2025-06-01,USA,CPI,All Items,USA_CPI_All,CPIAUCSL,321.435,0.2541949971929469,2.680453865910226,Trade War 2.0,True
2025-07-01,USA,CPI,All Items,USA_CPI_All,CPIAUCSL,322.169,0.22835098853577485,2.742618052167134,Trade War 2.0,True
2025-08-01,USA,CPI,All Items,USA_CPI_All,CPIAUCSL,323.291,0.3482644202266627,2.9385917430316155,Trade War 2.0,True
2025-09-01,USA,CPI,All Items,USA_CPI_All,CPIAUCSL,324.245,0.2950901819104068,3.0225715847133294,Trade War 2.0,True
2025-11-01,USA,CPI,All Items,USA_CPI_All,CPIAUCSL,325.063,0.2522783697512576,2.988299628363511,Trade War 2.0,True
2025-12-01,USA,CPI,All Items,USA_CPI_All,CPIAUCSL,326.031,0.297788428704604,3.00226204316838,Trade War 2.0,True
2026-01-01,USA,CPI,All Items,USA_CPI_All,CPIAUCSL,326.588,0.170842649932057,2.8286797395498997,Trade War 2.0,True
2026-02-01,USA,CPI,All Items,USA_CPI_All,CPIAUCSL,327.46,0.26700307420970404,2.6645890876940914,Trade War 2.0,True
2026-03-01,USA,CPI,All Items,USA_CPI_All,CPIAUCSL,330.293,0.8651438343614481,3.3202055812236786,Trade War 2.0,True
2015-01-01,USA,CPI,Commodities,USA_CPI_Goods,CUSR0000SACL1,150.717,,,Pre-Trade War,False
2015-02-01,USA,CPI,Commodities,USA_CPI_Goods,CUSR0000SACL1,151.72,0.6654856452822155,,Pre-Trade War,False
2015-03-01,USA,CPI,Commodities,USA_CPI_Goods,CUSR0000SACL1,152.896,0.7751120485103957,,Pre-Trade War,False
2015-04-01,USA,CPI,Commodities,USA_CPI_Goods,CUSR0000SACL1,152.595,-0.19686584344913438,,Pre-Trade War,False
2015-05-01,USA,CPI,Commodities,USA_CPI_Goods,CUSR0000SACL1,154.157,1.0236246272813831,,Pre-Trade War,False
2015-06-01,USA,CPI,Commodities,USA_CPI_Goods,CUSR0000SACL1,154.648,0.31850645770219455,,Pre-Trade War,False
2015-07-01,USA,CPI,Commodities,USA_CPI_Goods,CUSR0000SACL1,154.584,-0.04138430500232326,,Pre-Trade War,False
2015-08-01,USA,CPI,Commodities,USA_CPI_Goods,CUSR0000SACL1,153.694,-0.5757387569218175,,Pre-Trade War,False
2015-09-01,USA,CPI,Commodities,USA_CPI_Goods,CUSR0000SACL1,151.025,-1.7365674652230934,,Pre-Trade War,False
2015-10-01,USA,CPI,Commodities,USA_CPI_Goods,CUSR0000SACL1,150.496,-0.3502731335871534,,Pre-Trade War,False
2015-11-01,USA,CPI,Commodities,USA_CPI_Goods,CUSR0000SACL1,150.314,-0.12093344673613782,,Pre-Trade War,False
2015-12-01,USA,CPI,Commodities,USA_CPI_Goods,CUSR0000SACL1,149.211,-0.7337972510877089,,Pre-Trade War,False
2016-01-01,USA,CPI,Commodities,USA_CPI_Goods,CUSR0000SACL1,147.856,-0.9081099918906932,-1.898259652195844,Pre-Trade War,False
2016-02-01,USA,CPI,Commodities,USA_CPI_Goods,CUSR0000SACL1,146.065,-1.211313710637374,-3.727260743474825,Pre-Trade War,False
2016-03-01,USA,CPI,Commodities,USA_CPI_Goods,CUSR0000SACL1,147.351,0.8804299455721809,-3.626648179154446,Pre-Trade War,False
2016-04-01,USA,CPI,Commodities,USA_CPI_Goods,CUSR0000SACL1,148.568,0.825919064003644,-2.639011763163923,Pre-Trade War,False
2016-05-01,USA,CPI,Commodities,USA_CPI_Goods,CUSR0000SACL1,148.958,0.26250605783209036,-3.3725357914334175,Pre-Trade War,False
2016-06-01,USA,CPI,Commodities,USA_CPI_Goods,CUSR0000SACL1,149.648,0.4632178197881309,-3.2331488283068643,Pre-Trade War,False
2016-07-01,USA,CPI,Commodities,USA_CPI_Goods,CUSR0000SACL1,148.221,-0.9535710467229674,-4.116208663251053,Pre-Trade War,False
2016-08-01,USA,CPI,Commodities,USA_CPI_Goods,CUSR0000SACL1,148.129,-0.06206947733452539,-3.620831001860836,Pre-Trade War,False
2016-09-01,USA,CPI,Commodities,USA_CPI_Goods,CUSR0000SACL1,149.021,0.602177831484707,-1.326932627048516,Pre-Trade War,False
2016-10-01,USA,CPI,Commodities,USA_CPI_Goods,CUSR0000SACL1,149.792,0.5173767455593614,-0.4677865192430408,Pre-Trade War,False
2016-11-01,USA,CPI,Commodities,USA_CPI_Goods,CUSR0000SACL1,149.473,-0.21296197393718685,-0.5594954561783827,Pre-Trade War,False
2016-12-01,USA,CPI,Commodities,USA_CPI_Goods,CUSR0000SACL1,150.13,0.4395442655195092,0.615906333983407,Pre-Trade War,False
2017-01-01,USA,CPI,Commodities,USA_CPI_Goods,CUSR0000SACL1,151.624,0.9951375474588797,2.548425495076301,Pre-Trade War,False
2017-02-01,USA,CPI,Commodities,USA_CPI_Goods,CUSR0000SACL1,151.232,-0.2585342689811587,3.537466196556327,Pre-Trade War,False
2017-03-01,USA,CPI,Commodities,USA_CPI_Goods,CUSR0000SACL1,150.895,-0.22283643673295384,2.405141464937466,Pre-Trade War,False
2017-04-01,USA,CPI,Commodities,USA_CPI_Goods,CUSR0000SACL1,150.685,-0.13916962125982701,1.424936729309123,Pre-Trade War,False
2017-05-01,USA,CPI,Commodities,USA_CPI_Goods,CUSR0000SACL1,149.151,-1.0180177190828532,0.12956672350596943,Pre-Trade War,False
2017-06-01,USA,CPI,Commodities,USA_CPI_Goods,CUSR0000SACL1,148.762,-0.2608095151893086,-0.5920560248048767,Pre-Trade War,False
2017-07-01,USA,CPI,Commodities,USA_CPI_Goods,CUSR0000SACL1,148.103,-0.4429894731181272,-0.07961085136384272,Pre-Trade War,False
2017-08-01,USA,CPI,Commodities,USA_CPI_Goods,CUSR0000SACL1,149.25,0.7744610169949206,0.756772812886064,Pre-Trade War,False
2017-09-01,USA,CPI,Commodities,USA_CPI_Goods,CUSR0000SACL1,151.652,1.6093802345058528,1.7655229799826921,Pre-Trade War,False
2017-10-01,USA,CPI,Commodities,USA_CPI_Goods,CUSR0000SACL1,150.945,-0.46619892912720395,0.769734031189917,Pre-Trade War,False
2017-11-01,USA,CPI,Commodities,USA_CPI_Goods,CUSR0000SACL1,151.873,0.6147934678194078,1.6056411525827263,Pre-Trade War,False
2017-12-01,USA,CPI,Commodities,USA_CPI_Goods,CUSR0000SACL1,151.924,0.033580689128420715,1.1949643642176877,Pre-Trade War,False
2018-01-01,USA,CPI,Commodities,USA_CPI_Goods,CUSR0000SACL1,153.188,0.8319949448408304,1.031498971139122,Pre-Trade War,False
2018-02-01,USA,CPI,Commodities,USA_CPI_Goods,CUSR0000SACL1,153.768,0.3786197352273035,1.6768937790943683,Pre-Trade War,False
2018-03-01,USA,CPI,Commodities,USA_CPI_Goods,CUSR0000SACL1,152.927,-0.5469278393423926,1.3466317638092695,Trade War 1.0,False
2018-04-01,USA,CPI,Commodities,USA_CPI_Goods,CUSR0000SACL1,153.777,0.5558207510773183,2.0519627036533095,Trade War 1.0,False
2018-05-01,USA,CPI,Commodities,USA_CPI_Goods,CUSR0000SACL1,154.159,0.24841166104163648,3.357671085007796,Trade War 1.0,False
2018-06-01,USA,CPI,Commodities,USA_CPI_Goods,CUSR0000SACL1,153.983,-0.11416783969796507,3.5096328363426244,Trade War 1.0,False
2018-07-01,USA,CPI,Commodities,USA_CPI_Goods,CUSR0000SACL1,153.569,-0.2688608482754651,3.690674733124899,Trade War 1.0,False
2018-08-01,USA,CPI,Commodities,USA_CPI_Goods,CUSR0000SACL1,153.706,0.08921071309964113,2.985594639865985,Trade War 1.0,False
2018-09-01,USA,CPI,Commodities,USA_CPI_Goods,CUSR0000SACL1,154.25,0.3539224233276572,1.713132698546671,Trade War 1.0,False
2018-10-01,USA,CPI,Commodities,USA_CPI_Goods,CUSR0000SACL1,154.892,0.4162074554294959,2.614859717115503,Trade War 1.0,False
2018-11-01,USA,CPI,Commodities,USA_CPI_Goods,CUSR0000SACL1,153.347,-0.9974692043488331,0.9705477602997448,Trade War 1.0,False
2018-12-01,USA,CPI,Commodities,USA_CPI_Goods,CUSR0000SACL1,152.034,-0.8562280318493487,0.07240462336430831,Trade War 1.0,False
2019-01-01,USA,CPI,Commodities,USA_CPI_Goods,CUSR0000SACL1,150.643,-0.9149269242406222,-1.661357286471521,Trade War 1.0,False
2019-02-01,USA,CPI,Commodities,USA_CPI_Goods,CUSR0000SACL1,151.576,0.6193450741156292,-1.4255241662764706,Trade War 1.0,False
2019-03-01,USA,CPI,Commodities,USA_CPI_Goods,CUSR0000SACL1,153.0,0.9394627117749632,0.047735193916054186,Trade War 1.0,False
2019-04-01,USA,CPI,Commodities,USA_CPI_Goods,CUSR0000SACL1,154.447,0.9457516339869354,0.43569584528246885,Trade War 1.0,False
2019-05-01,USA,CPI,Commodities,USA_CPI_Goods,CUSR0000SACL1,153.927,-0.3366850764339957,-0.15049397051096758,Trade War 1.0,False
2019-06-01,USA,CPI,Commodities,USA_CPI_Goods,CUSR0000SACL1,152.708,-0.7919338387677222,-0.8280134820077611,Trade War 1.0,False
2019-07-01,USA,CPI,Commodities,USA_CPI_Goods,CUSR0000SACL1,153.12,0.26979595044136495,-0.2923767166550406,Trade War 1.0,False
2019-08-01,USA,CPI,Commodities,USA_CPI_Goods,CUSR0000SACL1,152.524,-0.3892371995820265,-0.7690005595097027,Trade War 1.0,False
2019-09-01,USA,CPI,Commodities,USA_CPI_Goods,CUSR0000SACL1,152.306,-0.1429283260339309,-1.260291734197727,Trade War 1.0,False
2019-10-01,USA,CPI,Commodities,USA_CPI_Goods,CUSR0000SACL1,152.789,0.3171247357293794,-1.3577202179583248,Trade War 1.0,False
2019-11-01,USA,CPI,Commodities,USA_CPI_Goods,CUSR0000SACL1,153.341,0.3612825530633801,-0.003912694738072986,Trade War 1.0,False
2019-12-01,USA,CPI,Commodities,USA_CPI_Goods,CUSR0000SACL1,154.296,0.6227949472091598,1.4878250917558011,Trade War 1.0,False
2020-01-01,USA,CPI,Commodities,USA_CPI_Goods,CUSR0000SACL1,153.834,-0.2994244828122494,2.118253088427613,Trade War 1.0,False
2020-02-01,USA,CPI,Commodities,USA_CPI_Goods,CUSR0000SACL1,153.016,-0.5317420076186075,0.9500184725814043,Phase 1 + COVID,False
2020-03-01,USA,CPI,Commodities,USA_CPI_Goods,CUSR0000SACL1,150.276,-1.7906624143880223,-1.7803921568627423,Phase 1 + COVID,False
2020-04-01,USA,CPI,Commodities,USA_CPI_Goods,CUSR0000SACL1,145.258,-3.339189225159045,-5.9496137833690454,Phase 1 + COVID,False
2020-05-01,USA,CPI,Commodities,USA_CPI_Goods,CUSR0000SACL1,144.349,-0.6257830893995675,-6.22243011297563,Phase 1 + COVID,False
2020-06-01,USA,CPI,Commodities,USA_CPI_Goods,CUSR0000SACL1,145.962,1.1174306714975435,-4.417581266207405,Phase 1 + COVID,False
2020-07-01,USA,CPI,Commodities,USA_CPI_Goods,CUSR0000SACL1,147.336,0.941340896945797,-3.7774294670846364,Phase 1 + COVID,False
2020-08-01,USA,CPI,Commodities,USA_CPI_Goods,CUSR0000SACL1,148.828,1.0126513547266125,-2.4232251973459906,Phase 1 + COVID,False
2020-09-01,USA,CPI,Commodities,USA_CPI_Goods,CUSR0000SACL1,150.158,0.8936490445346168,-1.4103187005108264,Phase 1 + COVID,False
2020-10-01,USA,CPI,Commodities,USA_CPI_Goods,CUSR0000SACL1,150.353,0.12986321075134644,-1.594355614605747,Phase 1 + COVID,False
2020-11-01,USA,CPI,Commodities,USA_CPI_Goods,CUSR0000SACL1,150.651,0.19820023544592225,-1.7542601130812963,Phase 1 + COVID,False
2020-12-01,USA,CPI,Commodities,USA_CPI_Goods,CUSR0000SACL1,152.627,1.311640812208359,-1.0816871467827949,Phase 1 + COVID,False
2021-01-01,USA,CPI,Commodities,USA_CPI_Goods,CUSR0000SACL1,154.113,0.9736154153590082,0.1813643277818855,Phase 1 + COVID,False
2021-02-01,USA,CPI,Commodities,USA_CPI_Goods,CUSR0000SACL1,155.128,0.6586076450396661,1.3802478172217247,Phase 1 + COVID,False
2021-03-01,USA,CPI,Commodities,USA_CPI_Goods,CUSR0000SACL1,157.328,1.4181836934660463,4.692698767600945,Phase 1 + COVID,False
2021-04-01,USA,CPI,Commodities,USA_CPI_Goods,CUSR0000SACL1,158.878,0.985202888233494,9.376419887372789,Phase 1 + COVID,False
2021-05-01,USA,CPI,Commodities,USA_CPI_Goods,CUSR0000SACL1,161.424,1.6024874431954217,11.828970065604905,Phase 1 + COVID,False
2021-06-01,USA,CPI,Commodities,USA_CPI_Goods,CUSR0000SACL1,164.666,2.008375458420053,12.814294131349268,Phase 1 + COVID,False
2021-07-01,USA,CPI,Commodities,USA_CPI_Goods,CUSR0000SACL1,165.48,0.49433398515783544,12.314709236031906,Phase 1 + COVID,False
2021-08-01,USA,CPI,Commodities,USA_CPI_Goods,CUSR0000SACL1,166.351,0.5263475948755092,11.773994140887467,Phase 1 + COVID,False
2021-09-01,USA,CPI,Commodities,USA_CPI_Goods,CUSR0000SACL1,167.623,0.7646482437736912,11.631081927036856,Phase 1 + COVID,False
2021-10-01,USA,CPI,Commodities,USA_CPI_Goods,CUSR0000SACL1,170.934,1.9752659241273562,13.688453173531624,Phase 1 + COVID,False
2021-11-01,USA,CPI,Commodities,USA_CPI_Goods,CUSR0000SACL1,174.34,1.9925819322077487,15.72442267226901,Phase 1 + COVID,False
2021-12-01,USA,CPI,Commodities,USA_CPI_Goods,CUSR0000SACL1,177.15,1.6117930480670006,16.06727512170192,Phase 1 + COVID,False
2022-01-01,USA,CPI,Commodities,USA_CPI_Goods,CUSR0000SACL1,178.445,0.7310189105278031,15.788414994192568,Phase 1 + COVID,False
2022-02-01,USA,CPI,Commodities,USA_CPI_Goods,CUSR0000SACL1,180.242,1.007032979349387,16.18921148986643,Phase 1 + COVID,False
2022-03-01,USA,CPI,Commodities,USA_CPI_Goods,CUSR0000SACL1,184.612,2.4245181478234734,17.34211329197599,Phase 1 + COVID,False
2022-04-01,USA,CPI,Commodities,USA_CPI_Goods,CUSR0000SACL1,182.54,-1.1223539098216828,14.89318848424579,Phase 1 + COVID,False
2022-05-01,USA,CPI,Commodities,USA_CPI_Goods,CUSR0000SACL1,185.103,1.4040758189985958,14.668822479928645,Phase 1 + COVID,False
2022-06-01,USA,CPI,Commodities,USA_CPI_Goods,CUSR0000SACL1,189.282,2.2576619503735795,14.949048376714092,Phase 1 + COVID,False
2022-07-01,USA,CPI,Commodities,USA_CPI_Goods,CUSR0000SACL1,186.218,-1.6187487452584137,12.532028039642263,Phase 1 + COVID,False
2022-08-01,USA,CPI,Commodities,USA_CPI_Goods,CUSR0000SACL1,183.006,-1.7248601101934269,10.011962657272866,Phase 1 + COVID,False
2022-09-01,USA,CPI,Commodities,USA_CPI_Goods,CUSR0000SACL1,182.115,-0.48686928297432264,8.645591595425461,Phase 1 + COVID,False
2022-10-01,USA,CPI,Commodities,USA_CPI_Goods,CUSR0000SACL1,183.519,0.7709414381023016,7.362490785917375,Phase 1 + COVID,False
2022-11-01,USA,CPI,Commodities,USA_CPI_Goods,CUSR0000SACL1,183.147,-0.20270380723522718,5.051623264884708,Phase 1 + COVID,False
2022-12-01,USA,CPI,Commodities,USA_CPI_Goods,CUSR0000SACL1,180.281,-1.5648631973223637,1.7674287327123839,Phase 1 + COVID,False
2023-01-01,USA,CPI,Commodities,USA_CPI_Goods,CUSR0000SACL1,180.918,0.35333729011930437,1.385861189722326,Phase 1 + COVID,False
2023-02-01,USA,CPI,Commodities,USA_CPI_Goods,CUSR0000SACL1,180.927,0.004974629390108731,0.38004460669545104,Phase 1 + COVID,False
2023-03-01,USA,CPI,Commodities,USA_CPI_Goods,CUSR0000SACL1,180.666,-0.14425707605829619,-2.1374558533573063,Phase 1 + COVID,False
2023-04-01,USA,CPI,Commodities,USA_CPI_Goods,CUSR0000SACL1,181.263,0.33044402377868654,-0.6995726963953008,Phase 1 + COVID,False
2023-05-01,USA,CPI,Commodities,USA_CPI_Goods,CUSR0000SACL1,181.069,-0.10702680635320538,-2.179327185404889,Phase 1 + COVID,False
2023-06-01,USA,CPI,Commodities,USA_CPI_Goods,CUSR0000SACL1,181.068,-0.0005522756518105965,-4.339556851681614,Phase 1 + COVID,False
2023-07-01,USA,CPI,Commodities,USA_CPI_Goods,CUSR0000SACL1,180.439,-0.3473833035102958,-3.1033519853075453,Phase 1 + COVID,False
2023-08-01,USA,CPI,Commodities,USA_CPI_Goods,CUSR0000SACL1,182.041,0.8878346698884432,-0.5273051156792663,Phase 1 + COVID,False
2023-09-01,USA,CPI,Commodities,USA_CPI_Goods,CUSR0000SACL1,182.44,0.21918139320262764,0.17845866622738793,Phase 1 + COVID,False
2023-10-01,USA,CPI,Commodities,USA_CPI_Goods,CUSR0000SACL1,181.475,-0.5289410217057644,-1.1137811343784665,Phase 1 + COVID,False
2023-11-01,USA,CPI,Commodities,USA_CPI_Goods,CUSR0000SACL1,179.991,-0.8177434908389514,-1.723205949319384,Phase 1 + COVID,False
2023-12-01,USA,CPI,Commodities,USA_CPI_Goods,CUSR0000SACL1,179.533,-0.25445716730282397,-0.4149078383190785,Phase 1 + COVID,False
2024-01-01,USA,CPI,Commodities,USA_CPI_Goods,CUSR0000SACL1,178.742,-0.44058752429915193,-1.2027548392089304,Phase 1 + COVID,False
2024-02-01,USA,CPI,Commodities,USA_CPI_Goods,CUSR0000SACL1,179.545,0.44925087556366705,-0.7638439812742148,Phase 1 + COVID,False
2024-03-01,USA,CPI,Commodities,USA_CPI_Goods,CUSR0000SACL1,180.32,0.431646662396612,-0.1915136218214819,Phase 1 + COVID,False
2024-04-01,USA,CPI,Commodities,USA_CPI_Goods,CUSR0000SACL1,180.12,-0.11091393078970224,-0.6305754621737436,Phase 1 + COVID,False
2024-05-01,USA,CPI,Commodities,USA_CPI_Goods,CUSR0000SACL1,179.272,-0.4707972462802634,-0.9924393463265346,Phase 1 + COVID,False
2024-06-01,USA,CPI,Commodities,USA_CPI_Goods,CUSR0000SACL1,177.881,-0.7759159266366167,-1.7601122230322397,Phase 1 + COVID,False
2024-07-01,USA,CPI,Commodities,USA_CPI_Goods,CUSR0000SACL1,177.487,-0.22149639365643958,-1.6360099535022932,Phase 1 + COVID,False
2024-08-01,USA,CPI,Commodities,USA_CPI_Goods,CUSR0000SACL1,176.888,-0.33748950627369156,-2.8306810004339655,Phase 1 + COVID,False
2024-09-01,USA,CPI,Commodities,USA_CPI_Goods,CUSR0000SACL1,176.322,-0.3199764822938822,-3.3534312650734477,Phase 1 + COVID,False
2024-10-01,USA,CPI,Commodities,USA_CPI_Goods,CUSR0000SACL1,176.241,-0.04593868036886217,-2.8841438214630033,Phase 1 + COVID,False
2024-11-01,USA,CPI,Commodities,USA_CPI_Goods,CUSR0000SACL1,176.609,0.20880498862352326,-1.878982838030796,Phase 1 + COVID,False
2024-12-01,USA,CPI,Commodities,USA_CPI_Goods,CUSR0000SACL1,177.669,0.6001959130055745,-1.038249235516575,Phase 1 + COVID,False
2025-01-01,USA,CPI,Commodities,USA_CPI_Goods,CUSR0000SACL1,178.298,0.3540291215687441,-0.2484027257163901,Trade War 2.0,False
2025-02-01,USA,CPI,Commodities,USA_CPI_Goods,CUSR0000SACL1,178.306,0.004486870295794532,-0.6900776963992161,Trade War 2.0,False
2025-03-01,USA,CPI,Commodities,USA_CPI_Goods,CUSR0000SACL1,177.24,-0.5978486422217988,-1.7080745341614856,Trade War 2.0,False
2025-04-01,USA,CPI,Commodities,USA_CPI_Goods,CUSR0000SACL1,176.775,-0.262356127285035,-1.8570952698201193,Trade War 2.0,False
2025-05-01,USA,CPI,Commodities,USA_CPI_Goods,CUSR0000SACL1,176.247,-0.2986847687738603,-1.6873800705073716,Trade War 2.0,True
2025-06-01,USA,CPI,Commodities,USA_CPI_Goods,CUSR0000SACL1,176.568,0.18213075967250525,-0.7381339209921123,Trade War 2.0,True
2025-07-01,USA,CPI,Commodities,USA_CPI_Goods,CUSR0000SACL1,176.627,0.03341488831498651,-0.48454252987542024,Trade War 2.0,True
2025-08-01,USA,CPI,Commodities,USA_CPI_Goods,CUSR0000SACL1,177.345,0.40650636652379557,0.2583555696259676,Trade War 2.0,True
2025-09-01,USA,CPI,Commodities,USA_CPI_Goods,CUSR0000SACL1,178.476,0.6377399983083842,1.2216286112907149,Trade War 2.0,True
2025-11-01,USA,CPI,Commodities,USA_CPI_Goods,CUSR0000SACL1,178.898,0.23644635693313987,1.507594714056304,Trade War 2.0,True
2025-12-01,USA,CPI,Commodities,USA_CPI_Goods,CUSR0000SACL1,178.867,-0.01732830998669721,1.2785305392137403,Trade War 2.0,True
2026-01-01,USA,CPI,Commodities,USA_CPI_Goods,CUSR0000SACL1,178.147,-0.402533726176435,0.26903961861663994,Trade War 2.0,True
2026-02-01,USA,CPI,Commodities,USA_CPI_Goods,CUSR0000SACL1,178.555,0.22902434506335556,0.1441407082524826,Trade War 2.0,True
2026-03-01,USA,CPI,Commodities,USA_CPI_Goods,CUSR0000SACL1,184.266,3.1984542577917052,3.3425683936603168,Trade War 2.0,True
2015-01-01,USA,PPI,All Commodities,USA_PPI_All,PPIACO,192.0,,,Pre-Trade War,False
2015-02-01,USA,PPI,All Commodities,USA_PPI_All,PPIACO,191.1,-0.46875000000000666,,Pre-Trade War,False
2015-03-01,USA,PPI,All Commodities,USA_PPI_All,PPIACO,191.5,0.20931449502878952,,Pre-Trade War,False
2015-04-01,USA,PPI,All Commodities,USA_PPI_All,PPIACO,190.9,-0.3133159268929431,,Pre-Trade War,False
2015-05-01,USA,PPI,All Commodities,USA_PPI_All,PPIACO,193.4,1.3095861707700385,,Pre-Trade War,False
2015-06-01,USA,PPI,All Commodities,USA_PPI_All,PPIACO,194.8,0.7238883143743546,,Pre-Trade War,False
2015-07-01,USA,PPI,All Commodities,USA_PPI_All,PPIACO,193.9,-0.462012320328542,,Pre-Trade War,False
2015-08-01,USA,PPI,All Commodities,USA_PPI_All,PPIACO,191.9,-1.0314595152140282,,Pre-Trade War,False
2015-09-01,USA,PPI,All Commodities,USA_PPI_All,PPIACO,189.1,-1.4590932777488352,,Pre-Trade War,False
2015-10-01,USA,PPI,All Commodities,USA_PPI_All,PPIACO,187.5,-0.8461131676361644,,Pre-Trade War,False
2015-11-01,USA,PPI,All Commodities,USA_PPI_All,PPIACO,185.7,-0.9600000000000053,,Pre-Trade War,False
2015-12-01,USA,PPI,All Commodities,USA_PPI_All,PPIACO,183.5,-1.184706515885836,,Pre-Trade War,False
2016-01-01,USA,PPI,All Commodities,USA_PPI_All,PPIACO,182.6,-0.49046321525886283,-4.895833333333332,Pre-Trade War,False
2016-02-01,USA,PPI,All Commodities,USA_PPI_All,PPIACO,181.3,-0.7119386637458813,-5.128205128205121,Pre-Trade War,False
2016-03-01,USA,PPI,All Commodities,USA_PPI_All,PPIACO,182.1,0.44125758411470706,-4.908616187989557,Pre-Trade War,False
2016-04-01,USA,PPI,All Commodities,USA_PPI_All,PPIACO,183.2,0.6040637012630468,-4.033525405971716,Pre-Trade War,False
2016-05-01,USA,PPI,All Commodities,USA_PPI_All,PPIACO,185.3,1.1462882096070048,-4.188210961737326,Pre-Trade War,False
2016-06-01,USA,PPI,All Commodities,USA_PPI_All,PPIACO,187.6,1.2412304371289817,-3.696098562628347,Pre-Trade War,False
2016-07-01,USA,PPI,All Commodities,USA_PPI_All,PPIACO,187.7,0.05330490405117683,-3.1975244971634953,Pre-Trade War,False
2016-08-01,USA,PPI,All Commodities,USA_PPI_All,PPIACO,186.6,-0.586041555673944,-2.7618551328817187,Pre-Trade War,False
2016-09-01,USA,PPI,All Commodities,USA_PPI_All,PPIACO,186.9,0.1607717041800738,-1.1634056054997344,Pre-Trade War,False
2016-10-01,USA,PPI,All Commodities,USA_PPI_All,PPIACO,186.7,-0.10700909577314732,-0.4266666666666752,Pre-Trade War,False
2016-11-01,USA,PPI,All Commodities,USA_PPI_All,PPIACO,186.3,-0.2142474558114449,0.3231017770597866,Pre-Trade War,False
2016-12-01,USA,PPI,All Commodities,USA_PPI_All,PPIACO,188.2,1.0198604401502775,2.5613079019073615,Pre-Trade War,False
2017-01-01,USA,PPI,All Commodities,USA_PPI_All,PPIACO,190.7,1.3283740701381497,4.435925520262862,Pre-Trade War,False
2017-02-01,USA,PPI,All Commodities,USA_PPI_All,PPIACO,191.6,0.47194546407971494,5.681191395477092,Pre-Trade War,False
2017-03-01,USA,PPI,All Commodities,USA_PPI_All,PPIACO,191.5,-0.052192066805845094,5.161998901702369,Pre-Trade War,False
2017-04-01,USA,PPI,All Commodities,USA_PPI_All,PPIACO,193.0,0.7832898172323688,5.349344978165949,Pre-Trade War,False
2017-05-01,USA,PPI,All Commodities,USA_PPI_All,PPIACO,192.8,-0.10362694300517505,4.04749055585536,Pre-Trade War,False
2017-06-01,USA,PPI,All Commodities,USA_PPI_All,PPIACO,193.6,0.4149377593360981,3.1982942430703654,Pre-Trade War,False
2017-07-01,USA,PPI,All Commodities,USA_PPI_All,PPIACO,193.5,-0.05165289256198191,3.090037293553549,Pre-Trade War,False
2017-08-01,USA,PPI,All Commodities,USA_PPI_All,PPIACO,193.8,0.15503875968991832,3.8585209003215493,Pre-Trade War,False
2017-09-01,USA,PPI,All Commodities,USA_PPI_All,PPIACO,194.8,0.5159958720330149,4.226859283039053,Pre-Trade War,False
2017-10-01,USA,PPI,All Commodities,USA_PPI_All,PPIACO,194.9,0.051334702258731824,4.3920728441349866,Pre-Trade War,False
2017-11-01,USA,PPI,All Commodities,USA_PPI_All,PPIACO,195.9,0.5130836326321164,5.152979066022545,Pre-Trade War,False
2017-12-01,USA,PPI,All Commodities,USA_PPI_All,PPIACO,196.3,0.20418580908627693,4.303931987247611,Pre-Trade War,False
2018-01-01,USA,PPI,All Commodities,USA_PPI_All,PPIACO,197.9,0.8150789607743292,3.775563712637653,Pre-Trade War,False
2018-02-01,USA,PPI,All Commodities,USA_PPI_All,PPIACO,199.3,0.707427993936327,4.018789144050117,Pre-Trade War,False
2018-03-01,USA,PPI,All Commodities,USA_PPI_All,PPIACO,199.3,0.0,4.073107049608371,Trade War 1.0,False
2018-04-01,USA,PPI,All Commodities,USA_PPI_All,PPIACO,200.3,0.5017561465127995,3.782383419689128,Trade War 1.0,False
2018-05-01,USA,PPI,All Commodities,USA_PPI_All,PPIACO,203.2,1.4478282576135593,5.394190871369275,Trade War 1.0,False
2018-06-01,USA,PPI,All Commodities,USA_PPI_All,PPIACO,204.2,0.49212598425196763,5.475206611570238,Trade War 1.0,False
2018-07-01,USA,PPI,All Commodities,USA_PPI_All,PPIACO,204.3,0.04897159647405669,5.581395348837215,Trade War 1.0,False
2018-08-01,USA,PPI,All Commodities,USA_PPI_All,PPIACO,203.4,-0.4405286343612369,4.9535603715170184,Trade War 1.0,False
2018-09-01,USA,PPI,All Commodities,USA_PPI_All,PPIACO,203.6,0.0983284169124854,4.517453798767956,Trade War 1.0,False
2018-10-01,USA,PPI,All Commodities,USA_PPI_All,PPIACO,204.6,0.4911591355599265,4.976911236531545,Trade War 1.0,False
2018-11-01,USA,PPI,All Commodities,USA_PPI_All,PPIACO,202.3,-1.1241446725317572,3.2669729453802976,Trade War 1.0,False
2018-12-01,USA,PPI,All Commodities,USA_PPI_All,PPIACO,201.0,-0.6426099851705391,2.3942944472745697,Trade War 1.0,False
2019-01-01,USA,PPI,All Commodities,USA_PPI_All,PPIACO,199.1,-0.9452736318408039,0.6063668519454168,Trade War 1.0,False
2019-02-01,USA,PPI,All Commodities,USA_PPI_All,PPIACO,199.2,0.050226017076848706,-0.05017561465129328,Trade War 1.0,False
2019-03-01,USA,PPI,All Commodities,USA_PPI_All,PPIACO,200.8,0.8032128514056325,0.7526342197691882,Trade War 1.0,False
2019-04-01,USA,PPI,All Commodities,USA_PPI_All,PPIACO,202.1,0.6474103585657254,0.8986520219670391,Trade War 1.0,False
2019-05-01,USA,PPI,All Commodities,USA_PPI_All,PPIACO,201.7,-0.19792182088075316,-0.7381889763779514,Trade War 1.0,False
2019-06-01,USA,PPI,All Commodities,USA_PPI_All,PPIACO,200.3,-0.6941001487357323,-1.9098922624877446,Trade War 1.0,False
2019-07-01,USA,PPI,All Commodities,USA_PPI_All,PPIACO,200.7,0.19970044932600128,-1.7621145374449476,Trade War 1.0,False
2019-08-01,USA,PPI,All Commodities,USA_PPI_All,PPIACO,199.2,-0.7473841554558991,-2.064896755162249,Trade War 1.0,False
2019-09-01,USA,PPI,All Commodities,USA_PPI_All,PPIACO,198.4,-0.40160642570280514,-2.5540275049115824,Trade War 1.0,False
2019-10-01,USA,PPI,All Commodities,USA_PPI_All,PPIACO,198.6,0.10080645161290036,-2.9325513196480912,Trade War 1.0,False
2019-11-01,USA,PPI,All Commodities,USA_PPI_All,PPIACO,199.0,0.20140986908359082,-1.6312407315867583,Trade War 1.0,False
2019-12-01,USA,PPI,All Commodities,USA_PPI_All,PPIACO,199.0,0.0,-0.995024875621886,Trade War 1.0,False
2020-01-01,USA,PPI,All Commodities,USA_PPI_All,PPIACO,199.3,0.1507537688442362,0.10045203415369741,Trade War 1.0,False
2020-02-01,USA,PPI,All Commodities,USA_PPI_All,PPIACO,196.7,-1.304565980933281,-1.2550200803212896,Phase 1 + COVID,False
2020-03-01,USA,PPI,All Commodities,USA_PPI_All,PPIACO,193.1,-1.8301982714794107,-3.834661354581681,Phase 1 + COVID,False
2020-04-01,USA,PPI,All Commodities,USA_PPI_All,PPIACO,185.5,-3.9357845675815573,-8.213755566551207,Phase 1 + COVID,False
2020-05-01,USA,PPI,All Commodities,USA_PPI_All,PPIACO,188.6,1.6711590296495826,-6.494794248884483,Phase 1 + COVID,False
2020-06-01,USA,PPI,All Commodities,USA_PPI_All,PPIACO,191.2,1.3785790031813239,-4.543185222166757,Phase 1 + COVID,False
2020-07-01,USA,PPI,All Commodities,USA_PPI_All,PPIACO,193.0,0.9414225941422716,-3.8365719980069657,Phase 1 + COVID,False
2020-08-01,USA,PPI,All Commodities,USA_PPI_All,PPIACO,194.3,0.6735751295336767,-2.459839357429705,Phase 1 + COVID,False
2020-09-01,USA,PPI,All Commodities,USA_PPI_All,PPIACO,195.5,0.6176016469377155,-1.4616935483870996,Phase 1 + COVID,False
2020-10-01,USA,PPI,All Commodities,USA_PPI_All,PPIACO,196.5,0.5115089514066584,-1.0574018126888185,Phase 1 + COVID,False
2020-11-01,USA,PPI,All Commodities,USA_PPI_All,PPIACO,198.3,0.9160305343511421,-0.35175879396984744,Phase 1 + COVID,False
2020-12-01,USA,PPI,All Commodities,USA_PPI_All,PPIACO,200.5,1.1094301563287834,0.7537688442211143,Phase 1 + COVID,False
2021-01-01,USA,PPI,All Commodities,USA_PPI_All,PPIACO,204.8,2.14463840399004,2.759658805820364,Phase 1 + COVID,False
2021-02-01,USA,PPI,All Commodities,USA_PPI_All,PPIACO,210.6,2.83203125,7.066598881545505,Phase 1 + COVID,False
2021-03-01,USA,PPI,All Commodities,USA_PPI_All,PPIACO,215.0,2.089268755935425,11.341273951320563,Phase 1 + COVID,False
2021-04-01,USA,PPI,All Commodities,USA_PPI_All,PPIACO,217.9,1.3488372093023226,17.466307277628033,Phase 1 + COVID,False
2021-05-01,USA,PPI,All Commodities,USA_PPI_All,PPIACO,224.9,3.2124827902707764,19.24708377518558,Phase 1 + COVID,False
2021-06-01,USA,PPI,All Commodities,USA_PPI_All,PPIACO,228.9,1.7785682525566893,19.717573221757334,Phase 1 + COVID,False
2021-07-01,USA,PPI,All Commodities,USA_PPI_All,PPIACO,231.85,1.2887723896898073,20.129533678756474,Phase 1 + COVID,False
2021-08-01,USA,PPI,All Commodities,USA_PPI_All,PPIACO,233.415,0.6750053914168719,20.131240349974266,Phase 1 + COVID,False
2021-09-01,USA,PPI,All Commodities,USA_PPI_All,PPIACO,235.678,0.9695178116230663,20.551406649616368,Phase 1 + COVID,False
2021-10-01,USA,PPI,All Commodities,USA_PPI_All,PPIACO,240.465,2.0311611605665414,22.37404580152671,Phase 1 + COVID,False
2021-11-01,USA,PPI,All Commodities,USA_PPI_All,PPIACO,243.287,1.173559561682569,22.686333837619756,Phase 1 + COVID,False
2021-12-01,USA,PPI,All Commodities,USA_PPI_All,PPIACO,241.338,-0.8011114445079293,20.36807980049875,Phase 1 + COVID,False
2022-01-01,USA,PPI,All Commodities,USA_PPI_All,PPIACO,246.453,2.1194341545881734,20.338378906249986,Phase 1 + COVID,False
2022-02-01,USA,PPI,All Commodities,USA_PPI_All,PPIACO,252.66,2.5185329454297634,19.97150997150998,Phase 1 + COVID,False
2022-03-01,USA,PPI,All Commodities,USA_PPI_All,PPIACO,260.014,2.9106308873585007,20.936744186046518,Phase 1 + COVID,False
2022-04-01,USA,PPI,All Commodities,USA_PPI_All,PPIACO,265.31,2.036813402355264,21.757687012391003,Phase 1 + COVID,False
2022-05-01,USA,PPI,All Commodities,USA_PPI_All,PPIACO,273.251,2.9931024085032565,21.49888839484213,Phase 1 + COVID,False
2022-06-01,USA,PPI,All Commodities,USA_PPI_All,PPIACO,280.251,2.561747258015523,22.433813892529475,Phase 1 + COVID,False
2022-07-01,USA,PPI,All Commodities,USA_PPI_All,PPIACO,272.274,-2.846376997762712,17.43541082596507,Phase 1 + COVID,False
2022-08-01,USA,PPI,All Commodities,USA_PPI_All,PPIACO,269.546,-1.001931877446982,15.47929653192812,Phase 1 + COVID,False
2022-09-01,USA,PPI,All Commodities,USA_PPI_All,PPIACO,267.898,-0.6113984255006422,13.67119544463209,Phase 1 + COVID,False
2022-10-01,USA,PPI,All Commodities,USA_PPI_All,PPIACO,265.061,-1.0589851361339164,10.228515584388575,Phase 1 + COVID,False
2022-11-01,USA,PPI,All Commodities,USA_PPI_All,PPIACO,263.157,-0.7183252157050624,8.16730856971395,Phase 1 + COVID,False
2022-12-01,USA,PPI,All Commodities,USA_PPI_All,PPIACO,257.897,-1.9988067959430977,6.861331410718585,Phase 1 + COVID,False
2023-01-01,USA,PPI,All Commodities,USA_PPI_All,PPIACO,260.227,0.9034614594198409,5.588895245746639,Phase 1 + COVID,False
2023-02-01,USA,PPI,All Commodities,USA_PPI_All,PPIACO,258.669,-0.5987080510477361,2.378294941819048,Phase 1 + COVID,False
2023-03-01,USA,PPI,All Commodities,USA_PPI_All,PPIACO,257.062,-0.6212572824729534,-1.1353234825817071,Phase 1 + COVID,False
2023-04-01,USA,PPI,All Commodities,USA_PPI_All,PPIACO,256.908,-0.059907726540675554,-3.166861407410193,Phase 1 + COVID,False
2023-05-01,USA,PPI,All Commodities,USA_PPI_All,PPIACO,253.67,-1.2603733632273184,-7.165939008457423,Phase 1 + COVID,False
2023-06-01,USA,PPI,All Commodities,USA_PPI_All,PPIACO,253.86,0.07490046122917704,-9.416915550702754,Phase 1 + COVID,False
2023-07-01,USA,PPI,All Commodities,USA_PPI_All,PPIACO,253.835,-0.009847947687702252,-6.772222099796521,Phase 1 + COVID,False
2023-08-01,USA,PPI,All Commodities,USA_PPI_All,PPIACO,257.68,1.5147635274883386,-4.402217061280811,Phase 1 + COVID,False
2023-09-01,USA,PPI,All Commodities,USA_PPI_All,PPIACO,258.934,0.4866501086619124,-3.346049615898583,Phase 1 + COVID,False
2023-10-01,USA,PPI,All Commodities,USA_PPI_All,PPIACO,255.192,-1.4451559084554422,-3.723293883294776,Phase 1 + COVID,False
2023-11-01,USA,PPI,All Commodities,USA_PPI_All,PPIACO,252.856,-0.9153891971535155,-3.9143933089372474,Phase 1 + COVID,False
2023-12-01,USA,PPI,All Commodities,USA_PPI_All,PPIACO,249.866,-1.1824912202992977,-3.114033897253543,Phase 1 + COVID,False
2024-01-01,USA,PPI,All Commodities,USA_PPI_All,PPIACO,251.306,0.5763089015712319,-3.428160798072444,Phase 1 + COVID,False
2024-02-01,USA,PPI,All Commodities,USA_PPI_All,PPIACO,254.926,1.440474958815141,-1.447023029431438,Phase 1 + COVID,False
2024-03-01,USA,PPI,All Commodities,USA_PPI_All,PPIACO,255.095,0.06629374798960974,-0.7651850526332216,Phase 1 + COVID,False
2024-04-01,USA,PPI,All Commodities,USA_PPI_All,PPIACO,256.978,0.7381563731158947,0.027247107914107893,Phase 1 + COVID,False
2024-05-01,USA,PPI,All Commodities,USA_PPI_All,PPIACO,255.313,-0.647915385752873,0.6476918831552769,Phase 1 + COVID,False
2024-06-01,USA,PPI,All Commodities,USA_PPI_All,PPIACO,255.914,0.23539733581916522,0.8091073820215788,Phase 1 + COVID,False
2024-07-01,USA,PPI,All Commodities,USA_PPI_All,PPIACO,257.321,0.549794071445886,1.3733330706955371,Phase 1 + COVID,False
2024-08-01,USA,PPI,All Commodities,USA_PPI_All,PPIACO,255.463,-0.7220553316674594,-0.8603694504812243,Phase 1 + COVID,False
2024-09-01,USA,PPI,All Commodities,USA_PPI_All,PPIACO,252.682,-1.088611658048333,-2.414514895687714,Phase 1 + COVID,False
2024-10-01,USA,PPI,All Commodities,USA_PPI_All,PPIACO,253.081,0.1579059845972397,-0.8272202890372782,Phase 1 + COVID,False
2024-11-01,USA,PPI,All Commodities,USA_PPI_All,PPIACO,253.211,0.05136695366305677,0.14039611478471326,Phase 1 + COVID,False
2024-12-01,USA,PPI,All Commodities,USA_PPI_All,PPIACO,253.423,0.08372464071466634,1.4235630297839696,Phase 1 + COVID,False
2025-01-01,USA,PPI,All Commodities,USA_PPI_All,PPIACO,257.36,1.5535290798388557,2.4090153040516427,Trade War 2.0,False
2025-02-01,USA,PPI,All Commodities,USA_PPI_All,PPIACO,259.498,0.8307429281939616,1.7934616320030239,Trade War 2.0,False
2025-03-01,USA,PPI,All Commodities,USA_PPI_All,PPIACO,258.525,-0.37495472026759513,1.3445971108802413,Trade War 2.0,False
2025-04-01,USA,PPI,All Commodities,USA_PPI_All,PPIACO,258.392,-0.05144570157624706,0.5502416549276523,Trade War 2.0,False
2025-05-01,USA,PPI,All Commodities,USA_PPI_All,PPIACO,258.678,0.11068454131706318,1.317990074927633,Trade War 2.0,True
2025-06-01,USA,PPI,All Commodities,USA_PPI_All,PPIACO,260.491,0.7008713535747058,1.7884914463452528,Trade War 2.0,True
2025-07-01,USA,PPI,All Commodities,USA_PPI_All,PPIACO,262.358,0.7167234184674465,1.9574772366032889,Trade War 2.0,True
2025-08-01,USA,PPI,All Commodities,USA_PPI_All,PPIACO,262.11,-0.09452732525785379,2.60194235564446,Trade War 2.0,True
2025-09-01,USA,PPI,All Commodities,USA_PPI_All,PPIACO,262.054,-0.021365075731583083,3.709009743472036,Trade War 2.0,True
2025-10-01,USA,PPI,All Commodities,USA_PPI_All,PPIACO,260.591,-0.5582818808337109,2.967429400073507,Trade War 2.0,True
2025-11-01,USA,PPI,All Commodities,USA_PPI_All,PPIACO,261.914,0.5076921305801063,3.437054472357026,Trade War 2.0,True
2025-12-01,USA,PPI,All Commodities,USA_PPI_All,PPIACO,261.349,-0.21571966370640405,3.1275772128023016,Trade War 2.0,True
2026-01-01,USA,PPI,All Commodities,USA_PPI_All,PPIACO,263.485,0.8172979425978388,2.3799347217904776,Trade War 2.0,True
2026-02-01,USA,PPI,All Commodities,USA_PPI_All,PPIACO,269.296,2.2054386397707626,3.7757516435579452,Trade War 2.0,True
2026-03-01,USA,PPI,All Commodities,USA_PPI_All,PPIACO,274.102,1.784653318281726,6.025336041001839,Trade War 2.0,True
2015-01-01,USA,PCE,Core (ex Food & Energy),USA_PCE_Core,PCEPILFE,96.214,,,Pre-Trade War,False
2015-02-01,USA,PCE,Core (ex Food & Energy),USA_PCE_Core,PCEPILFE,96.324,0.11432847610535202,,Pre-Trade War,False
2015-03-01,USA,PCE,Core (ex Food & Energy),USA_PCE_Core,PCEPILFE,96.47,0.1515717785806281,,Pre-Trade War,False
2015-04-01,USA,PCE,Core (ex Food & Energy),USA_PCE_Core,PCEPILFE,96.648,0.18451332020317235,,Pre-Trade War,False
2015-05-01,USA,PCE,Core (ex Food & Energy),USA_PCE_Core,PCEPILFE,96.766,0.12209254200812314,,Pre-Trade War,False
2015-06-01,USA,PCE,Core (ex Food & Energy),USA_PCE_Core,PCEPILFE,96.882,0.11987681623710778,,Pre-Trade War,False
2015-07-01,USA,PCE,Core (ex Food & Energy),USA_PCE_Core,PCEPILFE,96.978,0.09908961416980056,,Pre-Trade War,False
2015-08-01,USA,PCE,Core (ex Food & Energy),USA_PCE_Core,PCEPILFE,97.056,0.08043061312874578,,Pre-Trade War,False
2015-09-01,USA,PCE,Core (ex Food & Energy),USA_PCE_Core,PCEPILFE,97.196,0.14424662050775972,,Pre-Trade War,False
2015-10-01,USA,PCE,Core (ex Food & Energy),USA_PCE_Core,PCEPILFE,97.228,0.032923165562359635,,Pre-Trade War,False
2015-11-01,USA,PCE,Core (ex Food & Energy),USA_PCE_Core,PCEPILFE,97.332,0.10696507179002168,,Pre-Trade War,False
2015-12-01,USA,PCE,Core (ex Food & Energy),USA_PCE_Core,PCEPILFE,97.396,0.06575432540172343,,Pre-Trade War,False
2016-01-01,USA,PCE,Core (ex Food & Energy),USA_PCE_Core,PCEPILFE,97.567,0.17557189206949264,1.4062402560957699,Pre-Trade War,False
2016-02-01,USA,PCE,Core (ex Food & Energy),USA_PCE_Core,PCEPILFE,97.736,0.17321430401673332,1.4658859681907055,Pre-Trade War,False
2016-03-01,USA,PCE,Core (ex Food & Energy),USA_PCE_Core,PCEPILFE,97.876,0.14324302201849104,1.4574479112677619,Pre-Trade War,False
2016-04-01,USA,PCE,Core (ex Food & Energy),USA_PCE_Core,PCEPILFE,98.117,0.24622992357676843,1.5199486797450534,Pre-Trade War,False
2016-05-01,USA,PCE,Core (ex Food & Energy),USA_PCE_Core,PCEPILFE,98.284,0.17020495938522284,1.5687328193787042,Pre-Trade War,False
2016-06-01,USA,PCE,Core (ex Food & Energy),USA_PCE_Core,PCEPILFE,98.386,0.10378087989906248,1.5524039553270974,Pre-Trade War,False
2016-07-01,USA,PCE,Core (ex Food & Energy),USA_PCE_Core,PCEPILFE,98.529,0.14534588254426772,1.5993318072140106,Pre-Trade War,False
2016-08-01,USA,PCE,Core (ex Food & Energy),USA_PCE_Core,PCEPILFE,98.703,0.17659775294585067,1.6969584569733076,Pre-Trade War,False
2016-09-01,USA,PCE,Core (ex Food & Energy),USA_PCE_Core,PCEPILFE,98.834,0.13272139651276937,1.6852545372237682,Pre-Trade War,False
2016-10-01,USA,PCE,Core (ex Food & Energy),USA_PCE_Core,PCEPILFE,98.961,0.12849829006211788,1.7824083597317797,Pre-Trade War,False
2016-11-01,USA,PCE,Core (ex Food & Energy),USA_PCE_Core,PCEPILFE,99.005,0.044461959761932235,1.7188591624542893,Pre-Trade War,False
2016-12-01,USA,PCE,Core (ex Food & Energy),USA_PCE_Core,PCEPILFE,99.12,0.11615574970962328,1.770093227647962,Pre-Trade War,False
2017-01-01,USA,PCE,Core (ex Food & Energy),USA_PCE_Core,PCEPILFE,99.385,0.2673527037933887,1.863334939067518,Pre-Trade War,False
2017-02-01,USA,PCE,Core (ex Food & Energy),USA_PCE_Core,PCEPILFE,99.561,0.1770890979523987,1.867275108455435,Pre-Trade War,False
2017-03-01,USA,PCE,Core (ex Food & Energy),USA_PCE_Core,PCEPILFE,99.519,-0.042185192997257204,1.6786546242183897,Pre-Trade War,False
2017-04-01,USA,PCE,Core (ex Food & Energy),USA_PCE_Core,PCEPILFE,99.723,0.20498598257618905,1.6368213459441172,Pre-Trade War,False
2017-05-01,USA,PCE,Core (ex Food & Energy),USA_PCE_Core,PCEPILFE,99.803,0.08022221553702913,1.545521142810613,Pre-Trade War,False
2017-06-01,USA,PCE,Core (ex Food & Energy),USA_PCE_Core,PCEPILFE,99.937,0.13426450106710508,1.5764438029800987,Pre-Trade War,False
2017-07-01,USA,PCE,Core (ex Food & Energy),USA_PCE_Core,PCEPILFE,100.01,0.07304601899196239,1.5031107592688553,Pre-Trade War,False
2017-08-01,USA,PCE,Core (ex Food & Energy),USA_PCE_Core,PCEPILFE,100.118,0.1079892010798833,1.433593710424197,Pre-Trade War,False
2017-09-01,USA,PCE,Core (ex Food & Energy),USA_PCE_Core,PCEPILFE,100.24,0.12185620967257726,1.4225873687192525,Pre-Trade War,False
2017-10-01,USA,PCE,Core (ex Food & Energy),USA_PCE_Core,PCEPILFE,100.486,0.24541101356745365,1.5410111053849596,Pre-Trade War,False
2017-11-01,USA,PCE,Core (ex Food & Energy),USA_PCE_Core,PCEPILFE,100.535,0.04876301176282016,1.5453764961365524,Pre-Trade War,False
2017-12-01,USA,PCE,Core (ex Food & Energy),USA_PCE_Core,PCEPILFE,100.683,0.14721241358732762,1.5768765133171936,Pre-Trade War,False
2018-01-01,USA,PCE,Core (ex Food & Energy),USA_PCE_Core,PCEPILFE,101.007,0.32180209171359664,1.6320370277204788,Pre-Trade War,False
2018-02-01,USA,PCE,Core (ex Food & Energy),USA_PCE_Core,PCEPILFE,101.198,0.18909580524120173,1.6442181175359671,Pre-Trade War,False
2018-03-01,USA,PCE,Core (ex Food & Energy),USA_PCE_Core,PCEPILFE,101.419,0.21838376252496516,1.909183171052753,Trade War 1.0,False
2018-04-01,USA,PCE,Core (ex Food & Energy),USA_PCE_Core,PCEPILFE,101.602,0.18043956260662686,1.8842192874261698,Trade War 1.0,False
2018-05-01,USA,PCE,Core (ex Food & Energy),USA_PCE_Core,PCEPILFE,101.78,0.17519340170468745,1.9809023776840462,Trade War 1.0,False
2018-06-01,USA,PCE,Core (ex Food & Energy),USA_PCE_Core,PCEPILFE,101.872,0.09039103949695093,1.9362198184856405,Trade War 1.0,False
2018-07-01,USA,PCE,Core (ex Food & Energy),USA_PCE_Core,PCEPILFE,102.006,0.13153761583162282,1.9958004199579937,Trade War 1.0,False
2018-08-01,USA,PCE,Core (ex Food & Energy),USA_PCE_Core,PCEPILFE,102.016,0.00980334490128243,1.8957629996604108,Trade War 1.0,False
2018-09-01,USA,PCE,Core (ex Food & Energy),USA_PCE_Core,PCEPILFE,102.205,0.1852650564617253,1.9602952913008842,Trade War 1.0,False
2018-10-01,USA,PCE,Core (ex Food & Energy),USA_PCE_Core,PCEPILFE,102.366,0.157526539797459,1.8709073900841755,Trade War 1.0,False
2018-11-01,USA,PCE,Core (ex Food & Energy),USA_PCE_Core,PCEPILFE,102.556,0.18560850282320907,2.0102451882429095,Trade War 1.0,False
2018-12-01,USA,PCE,Core (ex Food & Energy),USA_PCE_Core,PCEPILFE,102.735,0.1745387885643046,2.0380799141860972,Trade War 1.0,False
2019-01-01,USA,PCE,Core (ex Food & Energy),USA_PCE_Core,PCEPILFE,102.87,0.13140604467805073,1.844426623897344,Trade War 1.0,False
2019-02-01,USA,PCE,Core (ex Food & Energy),USA_PCE_Core,PCEPILFE,102.963,0.09040536599591587,1.7441056147354805,Trade War 1.0,False
2019-03-01,USA,PCE,Core (ex Food & Energy),USA_PCE_Core,PCEPILFE,103.058,0.09226615386110915,1.61606799514884,Trade War 1.0,False
2019-04-01,USA,PCE,Core (ex Food & Energy),USA_PCE_Core,PCEPILFE,103.265,0.2008577694113889,1.6367788035668518,Trade War 1.0,False
2019-05-01,USA,PCE,Core (ex Food & Energy),USA_PCE_Core,PCEPILFE,103.371,0.10264852563792726,1.563175476517964,Trade War 1.0,False
2019-06-01,USA,PCE,Core (ex Food & Energy),USA_PCE_Core,PCEPILFE,103.56,0.18283657892446126,1.6569813098790576,Trade War 1.0,False
2019-07-01,USA,PCE,Core (ex Food & Energy),USA_PCE_Core,PCEPILFE,103.678,0.11394360757048805,1.6391192674940713,Trade War 1.0,False
2019-08-01,USA,PCE,Core (ex Food & Energy),USA_PCE_Core,PCEPILFE,103.797,0.11477844865834808,1.745804579673771,Trade War 1.0,False
2019-09-01,USA,PCE,Core (ex Food & Energy),USA_PCE_Core,PCEPILFE,103.873,0.07321984257735448,1.6320140893302693,Trade War 1.0,False
2019-10-01,USA,PCE,Core (ex Food & Energy),USA_PCE_Core,PCEPILFE,104.028,0.1492206829493803,1.6235859562745425,Trade War 1.0,False
2019-11-01,USA,PCE,Core (ex Food & Energy),USA_PCE_Core,PCEPILFE,104.092,0.06152189795054497,1.4977183197472543,Trade War 1.0,False
2019-12-01,USA,PCE,Core (ex Food & Energy),USA_PCE_Core,PCEPILFE,104.322,0.22095838296891657,1.544751058548699,Trade War 1.0,False
2020-01-01,USA,PCE,Core (ex Food & Energy),USA_PCE_Core,PCEPILFE,104.507,0.17733555721708427,1.5913288616700605,Trade War 1.0,False
2020-02-01,USA,PCE,Core (ex Food & Energy),USA_PCE_Core,PCEPILFE,104.711,0.19520223525695268,1.6976972310441596,Phase 1 + COVID,False
2020-03-01,USA,PCE,Core (ex Food & Energy),USA_PCE_Core,PCEPILFE,104.632,-0.0754457506852102,1.5272953094374042,Phase 1 + COVID,False
2020-04-01,USA,PCE,Core (ex Food & Energy),USA_PCE_Core,PCEPILFE,104.293,-0.3239926599892917,0.9954970222243897,Phase 1 + COVID,False
2020-05-01,USA,PCE,Core (ex Food & Energy),USA_PCE_Core,PCEPILFE,104.402,0.10451324633484749,0.9973783749794407,Phase 1 + COVID,False
2020-06-01,USA,PCE,Core (ex Food & Energy),USA_PCE_Core,PCEPILFE,104.565,0.15612727725522468,0.9704519119350996,Phase 1 + COVID,False
2020-07-01,USA,PCE,Core (ex Food & Energy),USA_PCE_Core,PCEPILFE,104.937,0.3557595753837406,1.2143366963097257,Phase 1 + COVID,False
2020-08-01,USA,PCE,Core (ex Food & Energy),USA_PCE_Core,PCEPILFE,105.243,0.29160353354868995,1.3931038469319867,Phase 1 + COVID,False
2020-09-01,USA,PCE,Core (ex Food & Energy),USA_PCE_Core,PCEPILFE,105.41,0.15868038729416334,1.4796915464076354,Phase 1 + COVID,False
2020-10-01,USA,PCE,Core (ex Food & Energy),USA_PCE_Core,PCEPILFE,105.507,0.09202162982639983,1.4217326104510208,Phase 1 + COVID,False
2020-11-01,USA,PCE,Core (ex Food & Energy),USA_PCE_Core,PCEPILFE,105.605,0.09288483228599986,1.453521884486797,Phase 1 + COVID,False
2020-12-01,USA,PCE,Core (ex Food & Energy),USA_PCE_Core,PCEPILFE,105.896,0.2755551347000562,1.508790092214496,Phase 1 + COVID,False
2021-01-01,USA,PCE,Core (ex Food & Energy),USA_PCE_Core,PCEPILFE,106.281,0.36356425171866213,1.6974939477738316,Phase 1 + COVID,False
2021-02-01,USA,PCE,Core (ex Food & Energy),USA_PCE_Core,PCEPILFE,106.501,0.20699842869373875,1.7094670091967412,Phase 1 + COVID,False
2021-03-01,USA,PCE,Core (ex Food & Energy),USA_PCE_Core,PCEPILFE,106.933,0.40562999408455536,2.1991360195733556,Phase 1 + COVID,False
2021-04-01,USA,PCE,Core (ex Food & Energy),USA_PCE_Core,PCEPILFE,107.558,0.5844781311662439,3.1306032044336574,Phase 1 + COVID,False
2021-05-01,USA,PCE,Core (ex Food & Energy),USA_PCE_Core,PCEPILFE,108.099,0.5029844363041214,3.5411199019175887,Phase 1 + COVID,False
2021-06-01,USA,PCE,Core (ex Food & Energy),USA_PCE_Core,PCEPILFE,108.603,0.46623928065938625,3.8617128102137466,Phase 1 + COVID,False
2021-07-01,USA,PCE,Core (ex Food & Energy),USA_PCE_Core,PCEPILFE,109.058,0.418957119048291,3.92711817566731,Phase 1 + COVID,False
2021-08-01,USA,PCE,Core (ex Food & Energy),USA_PCE_Core,PCEPILFE,109.409,0.32184709053897365,3.9584580447155737,Phase 1 + COVID,False
2021-09-01,USA,PCE,Core (ex Food & Energy),USA_PCE_Core,PCEPILFE,109.641,0.21204836896415724,4.013850678303776,Phase 1 + COVID,False
2021-10-01,USA,PCE,Core (ex Food & Energy),USA_PCE_Core,PCEPILFE,110.188,0.498900958583004,4.436672448273571,Phase 1 + COVID,False
2021-11-01,USA,PCE,Core (ex Food & Energy),USA_PCE_Core,PCEPILFE,110.77,0.5281881874614314,4.8908669097107005,Phase 1 + COVID,False
2021-12-01,USA,PCE,Core (ex Food & Energy),USA_PCE_Core,PCEPILFE,111.418,0.5849959375282099,5.2145501246505965,Phase 1 + COVID,False
2022-01-01,USA,PCE,Core (ex Food & Energy),USA_PCE_Core,PCEPILFE,111.976,0.5008167441526545,5.35843659732218,Phase 1 + COVID,False
2022-02-01,USA,PCE,Core (ex Food & Energy),USA_PCE_Core,PCEPILFE,112.468,0.4393798671143756,5.602764293293028,Phase 1 + COVID,False
2022-03-01,USA,PCE,Core (ex Food & Energy),USA_PCE_Core,PCEPILFE,112.914,0.39655724294911376,5.593221924008485,Phase 1 + COVID,False
2022-04-01,USA,PCE,Core (ex Food & Energy),USA_PCE_Core,PCEPILFE,113.307,0.34805250013285605,5.345023150300299,Phase 1 + COVID,False
2022-05-01,USA,PCE,Core (ex Food & Energy),USA_PCE_Core,PCEPILFE,113.703,0.3494929704254801,5.184136763522318,Phase 1 + COVID,False
2022-06-01,USA,PCE,Core (ex Food & Energy),USA_PCE_Core,PCEPILFE,114.376,0.59189291399524,5.31569109508947,Phase 1 + COVID,False
2022-07-01,USA,PCE,Core (ex Food & Energy),USA_PCE_Core,PCEPILFE,114.628,0.22032594250540605,5.107374057840786,Phase 1 + COVID,False
2022-08-01,USA,PCE,Core (ex Food & Energy),USA_PCE_Core,PCEPILFE,115.276,0.5653069058170646,5.362447330658338,Phase 1 + COVID,False
2022-09-01,USA,PCE,Core (ex Food & Energy),USA_PCE_Core,PCEPILFE,115.788,0.4441514278774372,5.606479327988612,Phase 1 + COVID,False
2022-10-01,USA,PCE,Core (ex Food & Energy),USA_PCE_Core,PCEPILFE,116.204,0.3592772998929128,5.459759683450094,Phase 1 + COVID,False
2022-11-01,USA,PCE,Core (ex Food & Energy),USA_PCE_Core,PCEPILFE,116.539,0.2882861175174778,5.20808883271644,Phase 1 + COVID,False
2022-12-01,USA,PCE,Core (ex Food & Energy),USA_PCE_Core,PCEPILFE,116.952,0.35438780150851557,4.9668814733705435,Phase 1 + COVID,False
2023-01-01,USA,PCE,Core (ex Food & Energy),USA_PCE_Core,PCEPILFE,117.505,0.4728435597510128,4.937665213974429,Phase 1 + COVID,False
2023-02-01,USA,PCE,Core (ex Food & Energy),USA_PCE_Core,PCEPILFE,117.929,0.3608357091187564,4.855603371625716,Phase 1 + COVID,False
2023-03-01,USA,PCE,Core (ex Food & Energy),USA_PCE_Core,PCEPILFE,118.315,0.3273155881929002,4.783286394955444,Phase 1 + COVID,False
2023-04-01,USA,PCE,Core (ex Food & Energy),USA_PCE_Core,PCEPILFE,118.734,0.3541393737057863,4.789642299240104,Phase 1 + COVID,False
2023-05-01,USA,PCE,Core (ex Food & Energy),USA_PCE_Core,PCEPILFE,119.083,0.29393434062694457,4.731625374880166,Phase 1 + COVID,False
2023-06-01,USA,PCE,Core (ex Food & Energy),USA_PCE_Core,PCEPILFE,119.39,0.2578033808352087,4.383786808421353,Phase 1 + COVID,False
2023-07-01,USA,PCE,Core (ex Food & Energy),USA_PCE_Core,PCEPILFE,119.556,0.13904012061312088,4.299124123250864,Phase 1 + COVID,False
2023-08-01,USA,PCE,Core (ex Food & Energy),USA_PCE_Core,PCEPILFE,119.689,0.11124493960987802,3.8282036156702226,Phase 1 + COVID,False
2023-09-01,USA,PCE,Core (ex Food & Energy),USA_PCE_Core,PCEPILFE,120.058,0.3082990082631021,3.687774208035388,Phase 1 + COVID,False
2023-10-01,USA,PCE,Core (ex Food & Energy),USA_PCE_Core,PCEPILFE,120.241,0.15242632727514582,3.4740628549791763,Phase 1 + COVID,False
2023-11-01,USA,PCE,Core (ex Food & Energy),USA_PCE_Core,PCEPILFE,120.374,0.11061118919502011,3.2907438711504255,Phase 1 + COVID,False
2023-12-01,USA,PCE,Core (ex Food & Energy),USA_PCE_Core,PCEPILFE,120.592,0.18110223137888237,3.1123879882344996,Phase 1 + COVID,False
2024-01-01,USA,PCE,Core (ex Food & Energy),USA_PCE_Core,PCEPILFE,121.217,0.5182765025872449,3.159014510020852,Phase 1 + COVID,False
2024-02-01,USA,PCE,Core (ex Food & Energy),USA_PCE_Core,PCEPILFE,121.537,0.26398937442768666,3.059467984974007,Phase 1 + COVID,False
2024-03-01,USA,PCE,Core (ex Food & Energy),USA_PCE_Core,PCEPILFE,122.009,0.3883591005208187,3.122173857921662,Phase 1 + COVID,False
2024-04-01,USA,PCE,Core (ex Food & Energy),USA_PCE_Core,PCEPILFE,122.304,0.2417854420575516,3.006720905553606,Phase 1 + COVID,False
2024-05-01,USA,PCE,Core (ex Food & Energy),USA_PCE_Core,PCEPILFE,122.383,0.06459314495028678,2.7711764063720334,Phase 1 + COVID,False
2024-06-01,USA,PCE,Core (ex Food & Energy),USA_PCE_Core,PCEPILFE,122.677,0.2402294436318897,2.7531619063573265,Phase 1 + COVID,False
2024-07-01,USA,PCE,Core (ex Food & Energy),USA_PCE_Core,PCEPILFE,122.911,0.19074480138900896,2.8062163337682744,Phase 1 + COVID,False
2024-08-01,USA,PCE,Core (ex Food & Energy),USA_PCE_Core,PCEPILFE,123.128,0.17655051215921258,2.873279917118543,Phase 1 + COVID,False
2024-09-01,USA,PCE,Core (ex Food & Energy),USA_PCE_Core,PCEPILFE,123.466,0.2745110779026616,2.838627996468368,Phase 1 + COVID,False
2024-10-01,USA,PCE,Core (ex Food & Energy),USA_PCE_Core,PCEPILFE,123.832,0.29643788573372465,2.9865021082658982,Phase 1 + COVID,False
2024-11-01,USA,PCE,Core (ex Food & Energy),USA_PCE_Core,PCEPILFE,123.962,0.10498094192132879,2.980710120125618,Phase 1 + COVID,False
2024-12-01,USA,PCE,Core (ex Food & Energy),USA_PCE_Core,PCEPILFE,124.196,0.1887675255320076,2.9885896245190446,Phase 1 + COVID,False
2025-01-01,USA,PCE,Core (ex Food & Energy),USA_PCE_Core,PCEPILFE,124.587,0.3148249541047976,2.7801380994415092,Trade War 2.0,False
2025-02-01,USA,PCE,Core (ex Food & Energy),USA_PCE_Core,PCEPILFE,125.145,0.44787979484215423,2.9686432938117457,Trade War 2.0,False
2025-03-01,USA,PCE,Core (ex Food & Energy),USA_PCE_Core,PCEPILFE,125.267,0.09748691517839081,2.670294814316976,Trade War 2.0,False
2025-04-01,USA,PCE,Core (ex Food & Energy),USA_PCE_Core,PCEPILFE,125.502,0.1875992879210031,2.614795918367352,Trade War 2.0,False
2025-05-01,USA,PCE,Core (ex Food & Energy),USA_PCE_Core,PCEPILFE,125.79,0.22947841468663466,2.783883382495933,Trade War 2.0,True
2025-06-01,USA,PCE,Core (ex Food & Energy),USA_PCE_Core,PCEPILFE,126.121,0.26313697432227556,2.8073722050588,Trade War 2.0,True
2025-07-01,USA,PCE,Core (ex Food & Energy),USA_PCE_Core,PCEPILFE,126.43,0.24500281475725583,2.86304724556794,Trade War 2.0,True
2025-08-01,USA,PCE,Core (ex Food & Energy),USA_PCE_Core,PCEPILFE,126.714,0.2246302301668779,2.912416347215907,Trade War 2.0,True
2025-09-01,USA,PCE,Core (ex Food & Energy),USA_PCE_Core,PCEPILFE,126.954,0.18940290733462373,2.825069249833967,Trade War 2.0,True
2025-10-01,USA,PCE,Core (ex Food & Energy),USA_PCE_Core,PCEPILFE,127.243,0.22764150794776228,2.75453840687383,Trade War 2.0,True
2025-11-01,USA,PCE,Core (ex Food & Energy),USA_PCE_Core,PCEPILFE,127.469,0.17761291387345945,2.8290927864990767,Trade War 2.0,True
2025-12-01,USA,PCE,Core (ex Food & Energy),USA_PCE_Core,PCEPILFE,127.886,0.32713836305298116,2.971110180682146,Trade War 2.0,True
2026-01-01,USA,PCE,Core (ex Food & Energy),USA_PCE_Core,PCEPILFE,128.429,0.4245969066199562,3.0837888383218104,Trade War 2.0,True
2026-02-01,USA,PCE,Core (ex Food & Energy),USA_PCE_Core,PCEPILFE,128.901,0.36751823964993324,3.0013184705741436,Trade War 2.0,True
2026-03-01,USA,PCE,Core (ex Food & Energy),USA_PCE_Core,PCEPILFE,129.279,0.2932483068401215,3.202758906974701,Trade War 2.0,True
2015-01-01,USA,Import Price Index,All,USA_Import_Prices,IR,126.0,,,Pre-Trade War,False
2015-02-01,USA,Import Price Index,All,USA_Import_Prices,IR,125.5,-0.3968253968253954,,Pre-Trade War,False
2015-03-01,USA,Import Price Index,All,USA_Import_Prices,IR,125.3,-0.1593625498008011,,Pre-Trade War,False
2015-04-01,USA,Import Price Index,All,USA_Import_Prices,IR,125.1,-0.15961691939345712,,Pre-Trade War,False
2015-05-01,USA,Import Price Index,All,USA_Import_Prices,IR,126.5,1.1191047162270262,,Pre-Trade War,False
2015-06-01,USA,Import Price Index,All,USA_Import_Prices,IR,126.6,0.07905138339920903,,Pre-Trade War,False
2015-07-01,USA,Import Price Index,All,USA_Import_Prices,IR,125.4,-0.9478672985781866,,Pre-Trade War,False
2015-08-01,USA,Import Price Index,All,USA_Import_Prices,IR,123.2,-1.7543859649122862,,Pre-Trade War,False
2015-09-01,USA,Import Price Index,All,USA_Import_Prices,IR,121.9,-1.0551948051948035,,Pre-Trade War,False
2015-10-01,USA,Import Price Index,All,USA_Import_Prices,IR,121.5,-0.3281378178835115,,Pre-Trade War,False
2015-11-01,USA,Import Price Index,All,USA_Import_Prices,IR,120.8,-0.576131687242798,,Pre-Trade War,False
2015-12-01,USA,Import Price Index,All,USA_Import_Prices,IR,119.3,-1.2417218543046338,,Pre-Trade War,False
2016-01-01,USA,Import Price Index,All,USA_Import_Prices,IR,117.8,-1.257334450963954,-6.507936507936507,Pre-Trade War,False
2016-02-01,USA,Import Price Index,All,USA_Import_Prices,IR,117.2,-0.5093378607809784,-6.613545816733069,Pre-Trade War,False
2016-03-01,USA,Import Price Index,All,USA_Import_Prices,IR,117.7,0.426621160409546,-6.065442936951316,Pre-Trade War,False
2016-04-01,USA,Import Price Index,All,USA_Import_Prices,IR,118.5,0.679694137638065,-5.275779376498802,Pre-Trade War,False
2016-05-01,USA,Import Price Index,All,USA_Import_Prices,IR,119.9,1.181434599156117,-5.217391304347818,Pre-Trade War,False
2016-06-01,USA,Import Price Index,All,USA_Import_Prices,IR,120.7,0.6672226855713115,-4.660347551342802,Pre-Trade War,False
2016-07-01,USA,Import Price Index,All,USA_Import_Prices,IR,120.8,0.08285004142500885,-3.6682615629984094,Pre-Trade War,False
2016-08-01,USA,Import Price Index,All,USA_Import_Prices,IR,120.5,-0.2483443708609201,-2.191558441558439,Pre-Trade War,False
2016-09-01,USA,Import Price Index,All,USA_Import_Prices,IR,120.6,0.08298755186721962,-1.066447908121415,Pre-Trade War,False
2016-10-01,USA,Import Price Index,All,USA_Import_Prices,IR,121.2,0.4975124378109541,-0.24691358024691024,Pre-Trade War,False
2016-11-01,USA,Import Price Index,All,USA_Import_Prices,IR,121.1,-0.08250825082508628,0.2483443708609201,Pre-Trade War,False
2016-12-01,USA,Import Price Index,All,USA_Import_Prices,IR,121.6,0.41288191577208977,1.9279128248113953,Pre-Trade War,False
2017-01-01,USA,Import Price Index,All,USA_Import_Prices,IR,122.3,0.5756578947368363,3.8200339558573937,Pre-Trade War,False
2017-02-01,USA,Import Price Index,All,USA_Import_Prices,IR,122.7,0.3270645952575757,4.692832764505117,Pre-Trade War,False
2017-03-01,USA,Import Price Index,All,USA_Import_Prices,IR,122.5,-0.16299918500407573,4.078164825828368,Pre-Trade War,False
2017-04-01,USA,Import Price Index,All,USA_Import_Prices,IR,122.8,0.2448979591836764,3.6286919831223674,Pre-Trade War,False
2017-05-01,USA,Import Price Index,All,USA_Import_Prices,IR,122.7,-0.08143322475570036,2.335279399499579,Pre-Trade War,False
2017-06-01,USA,Import Price Index,All,USA_Import_Prices,IR,122.4,-0.24449877750610804,1.4084507042253502,Pre-Trade War,False
2017-07-01,USA,Import Price Index,All,USA_Import_Prices,IR,122.2,-0.16339869281045694,1.1589403973510048,Pre-Trade War,False
2017-08-01,USA,Import Price Index,All,USA_Import_Prices,IR,122.9,0.5728314238952592,1.9917012448132931,Pre-Trade War,False
2017-09-01,USA,Import Price Index,All,USA_Import_Prices,IR,123.9,0.8136696501220397,2.736318407960203,Pre-Trade War,False
2017-10-01,USA,Import Price Index,All,USA_Import_Prices,IR,124.1,0.16142050040355294,2.39273927392738,Pre-Trade War,False
2017-11-01,USA,Import Price Index,All,USA_Import_Prices,IR,125.3,0.966962127316684,3.4682080924855585,Pre-Trade War,False
2017-12-01,USA,Import Price Index,All,USA_Import_Prices,IR,125.5,0.15961691939345712,3.2072368421052655,Pre-Trade War,False
2018-01-01,USA,Import Price Index,All,USA_Import_Prices,IR,126.5,0.7968127490039834,3.4341782502044227,Pre-Trade War,False
2018-02-01,USA,Import Price Index,All,USA_Import_Prices,IR,126.8,0.2371541501976271,3.3414832925835247,Pre-Trade War,False
2018-03-01,USA,Import Price Index,All,USA_Import_Prices,IR,126.5,-0.23659305993690705,3.2653061224489743,Trade War 1.0,False
2018-04-01,USA,Import Price Index,All,USA_Import_Prices,IR,127.1,0.4743083003952542,3.5016286644951045,Trade War 1.0,False
2018-05-01,USA,Import Price Index,All,USA_Import_Prices,IR,128.2,0.8654602675058909,4.482477587612044,Trade War 1.0,False
2018-06-01,USA,Import Price Index,All,USA_Import_Prices,IR,128.2,0.0,4.738562091503251,Trade War 1.0,False
2018-07-01,USA,Import Price Index,All,USA_Import_Prices,IR,128.1,-0.07800312012480326,4.828150572831413,Trade War 1.0,False
2018-08-01,USA,Import Price Index,All,USA_Import_Prices,IR,127.6,-0.3903200624512104,3.824247355573629,Trade War 1.0,False
2018-09-01,USA,Import Price Index,All,USA_Import_Prices,IR,127.7,0.07836990595611049,3.0669895076674614,Trade War 1.0,False
2018-10-01,USA,Import Price Index,All,USA_Import_Prices,IR,128.3,0.469851213782313,3.384367445608394,Trade War 1.0,False
2018-11-01,USA,Import Price Index,All,USA_Import_Prices,IR,126.2,-1.6367887763055422,0.7182761372705571,Trade War 1.0,False
2018-12-01,USA,Import Price Index,All,USA_Import_Prices,IR,124.4,-1.426307448494446,-0.8764940239043728,Trade War 1.0,False
2019-01-01,USA,Import Price Index,All,USA_Import_Prices,IR,124.6,0.1607717041800516,-1.5019762845849827,Trade War 1.0,False
2019-02-01,USA,Import Price Index,All,USA_Import_Prices,IR,125.9,1.043338683788142,-0.7097791798107211,Trade War 1.0,False
2019-03-01,USA,Import Price Index,All,USA_Import_Prices,IR,126.6,0.5559968228752821,0.07905138339920903,Trade War 1.0,False
2019-04-01,USA,Import Price Index,All,USA_Import_Prices,IR,126.8,0.15797788309637184,-0.2360346184106965,Trade War 1.0,False
2019-05-01,USA,Import Price Index,All,USA_Import_Prices,IR,127.0,0.1577287066246047,-0.9360374414976502,Trade War 1.0,False
2019-06-01,USA,Import Price Index,All,USA_Import_Prices,IR,125.6,-1.1023622047244164,-2.028081123244929,Trade War 1.0,False
2019-07-01,USA,Import Price Index,All,USA_Import_Prices,IR,125.6,0.0,-1.9516003122560521,Trade War 1.0,False
2019-08-01,USA,Import Price Index,All,USA_Import_Prices,IR,124.9,-0.5573248407643172,-2.1159874608150386,Trade War 1.0,False
2019-09-01,USA,Import Price Index,All,USA_Import_Prices,IR,125.0,0.08006405124099114,-2.114330462020364,Trade War 1.0,False
2019-10-01,USA,Import Price Index,All,USA_Import_Prices,IR,124.5,-0.40000000000000036,-2.961808261886212,Trade War 1.0,False
2019-11-01,USA,Import Price Index,All,USA_Import_Prices,IR,124.7,0.16064257028112205,-1.188589540412044,Trade War 1.0,False
2019-12-01,USA,Import Price Index,All,USA_Import_Prices,IR,125.0,0.2405773857257376,0.4823151125401992,Trade War 1.0,False
2020-01-01,USA,Import Price Index,All,USA_Import_Prices,IR,125.2,0.16000000000000458,0.48154093097914075,Trade War 1.0,False
2020-02-01,USA,Import Price Index,All,USA_Import_Prices,IR,124.3,-0.7188498402555976,-1.2708498808578272,Phase 1 + COVID,False
2020-03-01,USA,Import Price Index,All,USA_Import_Prices,IR,121.3,-2.413515687851975,-4.18641390205371,Phase 1 + COVID,False
2020-04-01,USA,Import Price Index,All,USA_Import_Prices,IR,118.2,-2.5556471558120353,-6.782334384858036,Phase 1 + COVID,False
2020-05-01,USA,Import Price Index,All,USA_Import_Prices,IR,119.0,0.6768189509306133,-6.299212598425196,Phase 1 + COVID,False
2020-06-01,USA,Import Price Index,All,USA_Import_Prices,IR,120.6,1.3445378151260456,-3.9808917197452276,Phase 1 + COVID,False
2020-07-01,USA,Import Price Index,All,USA_Import_Prices,IR,122.1,1.243781094527363,-2.7866242038216527,Phase 1 + COVID,False
2020-08-01,USA,Import Price Index,All,USA_Import_Prices,IR,123.2,0.9009009009009139,-1.3610888710968827,Phase 1 + COVID,False
2020-09-01,USA,Import Price Index,All,USA_Import_Prices,IR,123.4,0.16233766233766378,-1.2799999999999923,Phase 1 + COVID,False
2020-10-01,USA,Import Price Index,All,USA_Import_Prices,IR,123.3,-0.08103727714749986,-0.9638554216867545,Phase 1 + COVID,False
2020-11-01,USA,Import Price Index,All,USA_Import_Prices,IR,123.4,0.08110300081103361,-1.0425020048115408,Phase 1 + COVID,False
2020-12-01,USA,Import Price Index,All,USA_Import_Prices,IR,124.6,0.9724473257698429,-0.32000000000000917,Phase 1 + COVID,False
2021-01-01,USA,Import Price Index,All,USA_Import_Prices,IR,126.5,1.5248796147672605,1.0383386581469534,Phase 1 + COVID,False
2021-02-01,USA,Import Price Index,All,USA_Import_Prices,IR,128.0,1.1857707509881354,2.976669348350769,Phase 1 + COVID,False
2021-03-01,USA,Import Price Index,All,USA_Import_Prices,IR,129.9,1.4843750000000044,7.089859851607594,Phase 1 + COVID,False
2021-04-01,USA,Import Price Index,All,USA_Import_Prices,IR,131.1,0.9237875288683473,10.913705583756329,Phase 1 + COVID,False
2021-05-01,USA,Import Price Index,All,USA_Import_Prices,IR,132.8,1.2967200610221274,11.596638655462188,Phase 1 + COVID,False
2021-06-01,USA,Import Price Index,All,USA_Import_Prices,IR,134.2,1.0542168674698704,11.27694859038142,Phase 1 + COVID,False
2021-07-01,USA,Import Price Index,All,USA_Import_Prices,IR,134.6,0.29806259314455463,10.237510237510229,Phase 1 + COVID,False
2021-08-01,USA,Import Price Index,All,USA_Import_Prices,IR,134.3,-0.22288261515600594,9.009740259740262,Phase 1 + COVID,False
2021-09-01,USA,Import Price Index,All,USA_Import_Prices,IR,134.9,0.44676098287415034,9.319286871961108,Phase 1 + COVID,False
2021-10-01,USA,Import Price Index,All,USA_Import_Prices,IR,136.9,1.4825796886582587,11.030008110300082,Phase 1 + COVID,False
2021-11-01,USA,Import Price Index,All,USA_Import_Prices,IR,137.9,0.7304601899196461,11.750405186385727,Phase 1 + COVID,False
2021-12-01,USA,Import Price Index,All,USA_Import_Prices,IR,137.4,-0.36258158085569203,10.272873194221521,Phase 1 + COVID,False
2022-01-01,USA,Import Price Index,All,USA_Import_Prices,IR,140.1,1.9650655021834051,10.750988142292496,Phase 1 + COVID,False
2022-02-01,USA,Import Price Index,All,USA_Import_Prices,IR,142.6,1.7844396859386213,11.406249999999996,Phase 1 + COVID,False
2022-03-01,USA,Import Price Index,All,USA_Import_Prices,IR,146.8,2.9453015427770124,13.010007698229419,Phase 1 + COVID,False
2022-04-01,USA,Import Price Index,All,USA_Import_Prices,IR,147.5,0.47683923705721387,12.50953470633105,Phase 1 + COVID,False
2022-05-01,USA,Import Price Index,All,USA_Import_Prices,IR,148.2,0.4745762711864332,11.596385542168663,Phase 1 + COVID,False
2022-06-01,USA,Import Price Index,All,USA_Import_Prices,IR,148.5,0.2024291497975783,10.655737704918034,Phase 1 + COVID,False
2022-07-01,USA,Import Price Index,All,USA_Import_Prices,IR,146.4,-1.4141414141414121,8.766716196136715,Phase 1 + COVID,False
2022-08-01,USA,Import Price Index,All,USA_Import_Prices,IR,144.6,-1.2295081967213184,7.6693968726730954,Phase 1 + COVID,False
2022-09-01,USA,Import Price Index,All,USA_Import_Prices,IR,143.1,-1.0373443983402453,6.078576723498874,Phase 1 + COVID,False
2022-10-01,USA,Import Price Index,All,USA_Import_Prices,IR,142.7,-0.2795248078267032,4.236669101533952,Phase 1 + COVID,False
2022-11-01,USA,Import Price Index,All,USA_Import_Prices,IR,141.6,-0.7708479327259932,2.683103698332112,Phase 1 + COVID,False
2022-12-01,USA,Import Price Index,All,USA_Import_Prices,IR,141.8,0.14124293785311437,3.2023289665211063,Phase 1 + COVID,False
2023-01-01,USA,Import Price Index,All,USA_Import_Prices,IR,141.3,-0.35260930888575404,0.8565310492505418,Phase 1 + COVID,False
2023-02-01,USA,Import Price Index,All,USA_Import_Prices,IR,141.0,-0.2123142250530896,-1.1220196353436185,Phase 1 + COVID,False
2023-03-01,USA,Import Price Index,All,USA_Import_Prices,IR,139.9,-0.7801418439716268,-4.700272479564038,Phase 1 + COVID,False
2023-04-01,USA,Import Price Index,All,USA_Import_Prices,IR,140.3,0.2859185132237263,-4.8813559322033795,Phase 1 + COVID,False
2023-05-01,USA,Import Price Index,All,USA_Import_Prices,IR,139.7,-0.4276550249465605,-5.735492577597845,Phase 1 + COVID,False
2023-06-01,USA,Import Price Index,All,USA_Import_Prices,IR,139.4,-0.21474588403721517,-6.127946127946126,Phase 1 + COVID,False
2023-07-01,USA,Import Price Index,All,USA_Import_Prices,IR,139.4,0.0,-4.781420765027322,Phase 1 + COVID,False
2023-08-01,USA,Import Price Index,All,USA_Import_Prices,IR,140.3,0.6456241032998689,-2.97372060857537,Phase 1 + COVID,False
2023-09-01,USA,Import Price Index,All,USA_Import_Prices,IR,141.0,0.49893086243761875,-1.467505241090139,Phase 1 + COVID,False
2023-10-01,USA,Import Price Index,All,USA_Import_Prices,IR,140.1,-0.638297872340432,-1.8220042046250828,Phase 1 + COVID,False
2023-11-01,USA,Import Price Index,All,USA_Import_Prices,IR,139.4,-0.49964311206280865,-1.5536723163841692,Phase 1 + COVID,False
2023-12-01,USA,Import Price Index,All,USA_Import_Prices,IR,138.4,-0.717360114777621,-2.3977433004231385,Phase 1 + COVID,False
2024-01-01,USA,Import Price Index,All,USA_Import_Prices,IR,139.4,0.7225433526011571,-1.3446567586695046,Phase 1 + COVID,False
2024-02-01,USA,Import Price Index,All,USA_Import_Prices,IR,139.7,0.21520803443326741,-0.9219858156028438,Phase 1 + COVID,False
2024-03-01,USA,Import Price Index,All,USA_Import_Prices,IR,140.5,0.5726556907659441,0.42887776983560055,Phase 1 + COVID,False
2024-04-01,USA,Import Price Index,All,USA_Import_Prices,IR,141.7,0.8540925266903754,0.9978617248752597,Phase 1 + COVID,False
2024-05-01,USA,Import Price Index,All,USA_Import_Prices,IR,141.5,-0.14114326040930436,1.2884753042233354,Phase 1 + COVID,False
2024-06-01,USA,Import Price Index,All,USA_Import_Prices,IR,141.6,0.07067137809186885,1.5781922525107461,Phase 1 + COVID,False
2024-07-01,USA,Import Price Index,All,USA_Import_Prices,IR,141.8,0.14124293785311437,1.7216642754662947,Phase 1 + COVID,False
2024-08-01,USA,Import Price Index,All,USA_Import_Prices,IR,141.4,-0.28208744710860323,0.784034212401985,Phase 1 + COVID,False
2024-09-01,USA,Import Price Index,All,USA_Import_Prices,IR,140.9,-0.35360678925034916,-0.07092198581559739,Phase 1 + COVID,False
2024-10-01,USA,Import Price Index,All,USA_Import_Prices,IR,141.1,0.14194464158976405,0.7137758743754441,Phase 1 + COVID,False
2024-11-01,USA,Import Price Index,All,USA_Import_Prices,IR,141.3,0.14174344436570507,1.3629842180774787,Phase 1 + COVID,False
2024-12-01,USA,Import Price Index,All,USA_Import_Prices,IR,141.4,0.07077140835101137,2.1676300578034713,Phase 1 + COVID,False
2025-01-01,USA,Import Price Index,All,USA_Import_Prices,IR,141.8,0.28288543140029265,1.7216642754662947,Trade War 2.0,False
2025-02-01,USA,Import Price Index,All,USA_Import_Prices,IR,142.1,0.21156558533144132,1.717967072297788,Trade War 2.0,False
2025-03-01,USA,Import Price Index,All,USA_Import_Prices,IR,141.6,-0.3518648838845895,0.782918149466183,Trade War 2.0,False
2025-04-01,USA,Import Price Index,All,USA_Import_Prices,IR,141.7,0.07062146892655718,0.0,Trade War 2.0,False
2025-05-01,USA,Import Price Index,All,USA_Import_Prices,IR,141.0,-0.49400141143259857,-0.35335689045936647,Trade War 2.0,True
2025-06-01,USA,Import Price Index,All,USA_Import_Prices,IR,140.8,-0.14184397163119478,-0.5649717514124131,Trade War 2.0,True
2025-07-01,USA,Import Price Index,All,USA_Import_Prices,IR,141.2,0.28409090909089496,-0.42313117066292705,Trade War 2.0,True
2025-08-01,USA,Import Price Index,All,USA_Import_Prices,IR,141.0,-0.14164305949008194,-0.28288543140028155,Trade War 2.0,True
2025-09-01,USA,Import Price Index,All,USA_Import_Prices,IR,140.8,-0.14184397163119478,-0.07097232079488203,Trade War 2.0,True
2025-11-01,USA,Import Price Index,All,USA_Import_Prices,IR,141.2,0.28409090909089496,0.07087172218285254,Trade War 2.0,True
2025-12-01,USA,Import Price Index,All,USA_Import_Prices,IR,141.4,0.14164305949009304,0.07077140835101137,Trade War 2.0,True
2026-01-01,USA,Import Price Index,All,USA_Import_Prices,IR,142.2,0.5657708628005631,0.5657708628005631,Trade War 2.0,True
2026-02-01,USA,Import Price Index,All,USA_Import_Prices,IR,143.5,0.9142053445851062,1.1988716502115526,Trade War 2.0,True
2026-03-01,USA,Import Price Index,All,USA_Import_Prices,IR,144.6,0.7665505226480906,1.7593244194229474,Trade War 2.0,True
2015-01-01,USA,Trade Balance,Goods & Services (USD bn),USA_Trade_Balance,BOPGSTB,-38865.0,,,Pre-Trade War,False
2015-02-01,USA,Trade Balance,Goods & Services (USD bn),USA_Trade_Balance,BOPGSTB,-33903.0,-12.767271323813201,,Pre-Trade War,False
2015-03-01,USA,Trade Balance,Goods & Services (USD bn),USA_Trade_Balance,BOPGSTB,-48732.0,43.739492080346864,,Pre-Trade War,False
2015-04-01,USA,Trade Balance,Goods & Services (USD bn),USA_Trade_Balance,BOPGSTB,-39836.0,-18.25494541574325,,Pre-Trade War,False
2015-05-01,USA,Trade Balance,Goods & Services (USD bn),USA_Trade_Balance,BOPGSTB,-38502.0,-3.3487297921478087,,Pre-Trade War,False
2015-06-01,USA,Trade Balance,Goods & Services (USD bn),USA_Trade_Balance,BOPGSTB,-42425.0,10.189081086696806,,Pre-Trade War,False
2015-07-01,USA,Trade Balance,Goods & Services (USD bn),USA_Trade_Balance,BOPGSTB,-40340.0,-4.91455509723041,,Pre-Trade War,False
2015-08-01,USA,Trade Balance,Goods & Services (USD bn),USA_Trade_Balance,BOPGSTB,-44205.0,9.58106098165592,,Pre-Trade War,False
2015-09-01,USA,Trade Balance,Goods & Services (USD bn),USA_Trade_Balance,BOPGSTB,-41641.0,-5.8002488406288855,,Pre-Trade War,False
2015-10-01,USA,Trade Balance,Goods & Services (USD bn),USA_Trade_Balance,BOPGSTB,-40873.0,-1.8443361110443979,,Pre-Trade War,False
2015-11-01,USA,Trade Balance,Goods & Services (USD bn),USA_Trade_Balance,BOPGSTB,-40451.0,-1.032466420375311,,Pre-Trade War,False
2015-12-01,USA,Trade Balance,Goods & Services (USD bn),USA_Trade_Balance,BOPGSTB,-41003.0,1.3646139774047716,,Pre-Trade War,False
2016-01-01,USA,Trade Balance,Goods & Services (USD bn),USA_Trade_Balance,BOPGSTB,-40044.0,-2.3388532546399055,3.033577769201079,Pre-Trade War,False
2016-02-01,USA,Trade Balance,Goods & Services (USD bn),USA_Trade_Balance,BOPGSTB,-43306.0,8.146039356707613,27.73500870129486,Pre-Trade War,False
2016-03-01,USA,Trade Balance,Goods & Services (USD bn),USA_Trade_Balance,BOPGSTB,-36801.0,-15.021013254514381,-24.48288598867274,Pre-Trade War,False
2016-04-01,USA,Trade Balance,Goods & Services (USD bn),USA_Trade_Balance,BOPGSTB,-38048.0,3.3884948778565738,-4.488402450045181,Pre-Trade War,False
2016-05-01,USA,Trade Balance,Goods & Services (USD bn),USA_Trade_Balance,BOPGSTB,-39032.0,2.586206896551735,1.3765518674354604,Pre-Trade War,False
2016-06-01,USA,Trade Balance,Goods & Services (USD bn),USA_Trade_Balance,BOPGSTB,-41719.0,6.884095101455223,-1.664113140836776,Pre-Trade War,False
2016-07-01,USA,Trade Balance,Goods & Services (USD bn),USA_Trade_Balance,BOPGSTB,-39931.0,-4.285817013830629,-1.0138820029747198,Pre-Trade War,False
2016-08-01,USA,Trade Balance,Goods & Services (USD bn),USA_Trade_Balance,BOPGSTB,-40146.0,0.5384287896621709,-9.182219205972174,Pre-Trade War,False
2016-09-01,USA,Trade Balance,Goods & Services (USD bn),USA_Trade_Balance,BOPGSTB,-37004.0,-7.826433517660536,-11.135659566292833,Pre-Trade War,False
2016-10-01,USA,Trade Balance,Goods & Services (USD bn),USA_Trade_Balance,BOPGSTB,-38555.0,4.191438763376931,-5.671225503388544,Pre-Trade War,False
2016-11-01,USA,Trade Balance,Goods & Services (USD bn),USA_Trade_Balance,BOPGSTB,-43896.0,13.852937362209827,8.51647672492646,Pre-Trade War,False
2016-12-01,USA,Trade Balance,Goods & Services (USD bn),USA_Trade_Balance,BOPGSTB,-40976.0,-6.652086750501185,-0.06584884032875271,Pre-Trade War,False
2017-01-01,USA,Trade Balance,Goods & Services (USD bn),USA_Trade_Balance,BOPGSTB,-43556.0,6.296368606013281,8.770352612126665,Pre-Trade War,False
2017-02-01,USA,Trade Balance,Goods & Services (USD bn),USA_Trade_Balance,BOPGSTB,-39785.0,-8.657819818165125,-8.13051309287397,Pre-Trade War,False
2017-03-01,USA,Trade Balance,Goods & Services (USD bn),USA_Trade_Balance,BOPGSTB,-41124.0,3.3655900464999444,11.746963397733756,Pre-Trade War,False
2017-04-01,USA,Trade Balance,Goods & Services (USD bn),USA_Trade_Balance,BOPGSTB,-44227.0,7.545472230327799,16.24001261564341,Pre-Trade War,False
2017-05-01,USA,Trade Balance,Goods & Services (USD bn),USA_Trade_Balance,BOPGSTB,-43985.0,-0.5471770637845652,12.689588030334086,Pre-Trade War,False
2017-06-01,USA,Trade Balance,Goods & Services (USD bn),USA_Trade_Balance,BOPGSTB,-42579.0,-3.19654427645788,2.0614108679498644,Pre-Trade War,False
2017-07-01,USA,Trade Balance,Goods & Services (USD bn),USA_Trade_Balance,BOPGSTB,-43854.0,2.9944338758542965,9.82444717137061,Pre-Trade War,False
2017-08-01,USA,Trade Balance,Goods & Services (USD bn),USA_Trade_Balance,BOPGSTB,-41391.0,-5.616363387604329,3.1011806904797545,Pre-Trade War,False
2017-09-01,USA,Trade Balance,Goods & Services (USD bn),USA_Trade_Balance,BOPGSTB,-41593.0,0.4880287985310927,12.401362014917305,Pre-Trade War,False
2017-10-01,USA,Trade Balance,Goods & Services (USD bn),USA_Trade_Balance,BOPGSTB,-42848.0,3.017334647657055,11.134742575541434,Pre-Trade War,False
2017-11-01,USA,Trade Balance,Goods & Services (USD bn),USA_Trade_Balance,BOPGSTB,-45463.0,6.1029686333084365,3.569801348642243,Pre-Trade War,False
2017-12-01,USA,Trade Balance,Goods & Services (USD bn),USA_Trade_Balance,BOPGSTB,-46535.0,2.3579614191760356,13.566477938305344,Pre-Trade War,False
2018-01-01,USA,Trade Balance,Goods & Services (USD bn),USA_Trade_Balance,BOPGSTB,-46993.0,0.9842054367680264,7.890990908256046,Pre-Trade War,False
2018-02-01,USA,Trade Balance,Goods & Services (USD bn),USA_Trade_Balance,BOPGSTB,-48714.0,3.662247568786836,22.443131833605623,Pre-Trade War,False
2018-03-01,USA,Trade Balance,Goods & Services (USD bn),USA_Trade_Balance,BOPGSTB,-43514.0,-10.67454941084699,5.811691469701397,Trade War 1.0,False
2018-04-01,USA,Trade Balance,Goods & Services (USD bn),USA_Trade_Balance,BOPGSTB,-46306.0,6.416325780208676,4.700748411603772,Trade War 1.0,False
2018-05-01,USA,Trade Balance,Goods & Services (USD bn),USA_Trade_Balance,BOPGSTB,-41635.0,-10.087245713298486,-5.34273047629874,Trade War 1.0,False
2018-06-01,USA,Trade Balance,Goods & Services (USD bn),USA_Trade_Balance,BOPGSTB,-44928.0,7.909211000360283,5.516804058338609,Trade War 1.0,False
2018-07-01,USA,Trade Balance,Goods & Services (USD bn),USA_Trade_Balance,BOPGSTB,-49560.0,10.309829059829067,13.01135586263511,Trade War 1.0,False
2018-08-01,USA,Trade Balance,Goods & Services (USD bn),USA_Trade_Balance,BOPGSTB,-49301.0,-0.522598870056501,19.1104346355488,Trade War 1.0,False
2018-09-01,USA,Trade Balance,Goods & Services (USD bn),USA_Trade_Balance,BOPGSTB,-50245.0,1.9147684631143358,20.801577188469224,Trade War 1.0,False
2018-10-01,USA,Trade Balance,Goods & Services (USD bn),USA_Trade_Balance,BOPGSTB,-52160.0,3.8113245099014925,21.73263629574309,Trade War 1.0,False
2018-11-01,USA,Trade Balance,Goods & Services (USD bn),USA_Trade_Balance,BOPGSTB,-49143.0,-5.784125766871162,8.094494424037135,Trade War 1.0,False
2018-12-01,USA,Trade Balance,Goods & Services (USD bn),USA_Trade_Balance,BOPGSTB,-54997.0,11.912174673910837,18.18416245836467,Trade War 1.0,False
2019-01-01,USA,Trade Balance,Goods & Services (USD bn),USA_Trade_Balance,BOPGSTB,-48785.0,-11.295161554266597,3.813333900793725,Trade War 1.0,False
2019-02-01,USA,Trade Balance,Goods & Services (USD bn),USA_Trade_Balance,BOPGSTB,-47570.0,-2.4905196269345065,-2.3484008703863357,Trade War 1.0,False
2019-03-01,USA,Trade Balance,Goods & Services (USD bn),USA_Trade_Balance,BOPGSTB,-48154.0,1.2276644944292592,10.663234820977152,Trade War 1.0,False
2019-04-01,USA,Trade Balance,Goods & Services (USD bn),USA_Trade_Balance,BOPGSTB,-49769.0,3.3538231507247662,7.4785125037792,Trade War 1.0,False
2019-05-01,USA,Trade Balance,Goods & Services (USD bn),USA_Trade_Balance,BOPGSTB,-51047.0,2.567863529506309,22.605980545214365,Trade War 1.0,False
2019-06-01,USA,Trade Balance,Goods & Services (USD bn),USA_Trade_Balance,BOPGSTB,-48703.0,-4.591846729484594,8.402332621082632,Trade War 1.0,False
2019-07-01,USA,Trade Balance,Goods & Services (USD bn),USA_Trade_Balance,BOPGSTB,-48436.0,-0.5482208488183482,-2.267958030669892,Trade War 1.0,False
2019-08-01,USA,Trade Balance,Goods & Services (USD bn),USA_Trade_Balance,BOPGSTB,-48676.0,0.49549921545957165,-1.267722764244128,Trade War 1.0,False
2019-09-01,USA,Trade Balance,Goods & Services (USD bn),USA_Trade_Balance,BOPGSTB,-44400.0,-8.784616648861865,-11.632998308289377,Trade War 1.0,False
2019-10-01,USA,Trade Balance,Goods & Services (USD bn),USA_Trade_Balance,BOPGSTB,-41305.0,-6.970720720720724,-20.810966257668717,Trade War 1.0,False
2019-11-01,USA,Trade Balance,Goods & Services (USD bn),USA_Trade_Balance,BOPGSTB,-38786.0,-6.098535286284957,-21.075229432472575,Trade War 1.0,False
2019-12-01,USA,Trade Balance,Goods & Services (USD bn),USA_Trade_Balance,BOPGSTB,-43639.0,12.512246686948902,-20.6520355655763,Trade War 1.0,False
2020-01-01,USA,Trade Balance,Goods & Services (USD bn),USA_Trade_Balance,BOPGSTB,-43562.0,-0.17644767295309505,-10.706159680229577,Trade War 1.0,False
2020-02-01,USA,Trade Balance,Goods & Services (USD bn),USA_Trade_Balance,BOPGSTB,-39931.0,-8.335246315596157,-16.058440193399203,Phase 1 + COVID,False
2020-03-01,USA,Trade Balance,Goods & Services (USD bn),USA_Trade_Balance,BOPGSTB,-42374.0,6.118053642533372,-12.003156539435977,Phase 1 + COVID,False
2020-04-01,USA,Trade Balance,Goods & Services (USD bn),USA_Trade_Balance,BOPGSTB,-51888.0,22.45244725539246,4.257670437420891,Phase 1 + COVID,False
2020-05-01,USA,Trade Balance,Goods & Services (USD bn),USA_Trade_Balance,BOPGSTB,-53995.0,4.0606691335183465,5.7750700334985305,Phase 1 + COVID,False
2020-06-01,USA,Trade Balance,Goods & Services (USD bn),USA_Trade_Balance,BOPGSTB,-49161.0,-8.952680803778124,0.9403938155760461,Phase 1 + COVID,False
2020-07-01,USA,Trade Balance,Goods & Services (USD bn),USA_Trade_Balance,BOPGSTB,-58882.0,19.773804438477647,21.566603352878033,Phase 1 + COVID,False
2020-08-01,USA,Trade Balance,Goods & Services (USD bn),USA_Trade_Balance,BOPGSTB,-61843.0,5.028701470738084,27.050291724874675,Phase 1 + COVID,False
2020-09-01,USA,Trade Balance,Goods & Services (USD bn),USA_Trade_Balance,BOPGSTB,-57002.0,-7.82788674546836,28.38288288288289,Phase 1 + COVID,False
2020-10-01,USA,Trade Balance,Goods & Services (USD bn),USA_Trade_Balance,BOPGSTB,-61126.0,7.234833865478407,47.98692652221281,Phase 1 + COVID,False
2020-11-01,USA,Trade Balance,Goods & Services (USD bn),USA_Trade_Balance,BOPGSTB,-64349.0,5.272715374799586,65.90780178414892,Phase 1 + COVID,False
2020-12-01,USA,Trade Balance,Goods & Services (USD bn),USA_Trade_Balance,BOPGSTB,-61928.0,-3.7622962283796135,41.909759618689705,Phase 1 + COVID,False
2021-01-01,USA,Trade Balance,Goods & Services (USD bn),USA_Trade_Balance,BOPGSTB,-62826.0,1.4500710502518999,44.22202837335292,Phase 1 + COVID,False
2021-02-01,USA,Trade Balance,Goods & Services (USD bn),USA_Trade_Balance,BOPGSTB,-65630.0,4.46312036418044,64.35851844431643,Phase 1 + COVID,False
2021-03-01,USA,Trade Balance,Goods & Services (USD bn),USA_Trade_Balance,BOPGSTB,-65658.0,0.042663416120669595,54.9487893519611,Phase 1 + COVID,False
2021-04-01,USA,Trade Balance,Goods & Services (USD bn),USA_Trade_Balance,BOPGSTB,-65115.0,-0.827012702184049,25.491443108233124,Phase 1 + COVID,False
2021-05-01,USA,Trade Balance,Goods & Services (USD bn),USA_Trade_Balance,BOPGSTB,-65779.0,1.019734316209786,21.824242985461616,Phase 1 + COVID,False
2021-06-01,USA,Trade Balance,Goods & Services (USD bn),USA_Trade_Balance,BOPGSTB,-71187.0,8.221468857842162,44.803807896503336,Phase 1 + COVID,False
2021-07-01,USA,Trade Balance,Goods & Services (USD bn),USA_Trade_Balance,BOPGSTB,-69169.0,-2.83478725048113,17.470534288916806,Phase 1 + COVID,False
2021-08-01,USA,Trade Balance,Goods & Services (USD bn),USA_Trade_Balance,BOPGSTB,-72588.0,4.94296577946769,17.374642239218673,Phase 1 + COVID,False
2021-09-01,USA,Trade Balance,Goods & Services (USD bn),USA_Trade_Balance,BOPGSTB,-74657.0,2.8503333884388526,30.97259745272096,Phase 1 + COVID,False
2021-10-01,USA,Trade Balance,Goods & Services (USD bn),USA_Trade_Balance,BOPGSTB,-66003.0,-11.591679279906774,7.97860157707031,Phase 1 + COVID,False
2021-11-01,USA,Trade Balance,Goods & Services (USD bn),USA_Trade_Balance,BOPGSTB,-79425.0,20.335439298213707,23.428491507249525,Phase 1 + COVID,False
2021-12-01,USA,Trade Balance,Goods & Services (USD bn),USA_Trade_Balance,BOPGSTB,-79238.0,-0.23544224110796375,27.951815010980496,Phase 1 + COVID,False
2022-01-01,USA,Trade Balance,Goods & Services (USD bn),USA_Trade_Balance,BOPGSTB,-83599.0,5.5036724803755765,33.06433642122688,Phase 1 + COVID,False
2022-02-01,USA,Trade Balance,Goods & Services (USD bn),USA_Trade_Balance,BOPGSTB,-84685.0,1.299058601179448,29.03397836355326,Phase 1 + COVID,False
2022-03-01,USA,Trade Balance,Goods & Services (USD bn),USA_Trade_Balance,BOPGSTB,-99398.0,17.373797012457935,51.38749276554266,Phase 1 + COVID,False
2022-04-01,USA,Trade Balance,Goods & Services (USD bn),USA_Trade_Balance,BOPGSTB,-82878.0,-16.6200527173585,27.279428703063815,Phase 1 + COVID,False
2022-05-01,USA,Trade Balance,Goods & Services (USD bn),USA_Trade_Balance,BOPGSTB,-82157.0,-0.8699534255170227,24.898523844996134,Phase 1 + COVID,False
2022-06-01,USA,Trade Balance,Goods & Services (USD bn),USA_Trade_Balance,BOPGSTB,-79785.0,-2.887155081125159,12.078047958194604,Phase 1 + COVID,False
2022-07-01,USA,Trade Balance,Goods & Services (USD bn),USA_Trade_Balance,BOPGSTB,-68396.0,-14.274613022497961,-1.1175526608740882,Phase 1 + COVID,False
2022-08-01,USA,Trade Balance,Goods & Services (USD bn),USA_Trade_Balance,BOPGSTB,-66959.0,-2.101000058482949,-7.754725298947484,Phase 1 + COVID,False
2022-09-01,USA,Trade Balance,Goods & Services (USD bn),USA_Trade_Balance,BOPGSTB,-67781.0,1.2276168998939685,-9.210120953159118,Phase 1 + COVID,False
2022-10-01,USA,Trade Balance,Goods & Services (USD bn),USA_Trade_Balance,BOPGSTB,-74773.0,10.315575161180867,13.287274820841466,Phase 1 + COVID,False
2022-11-01,USA,Trade Balance,Goods & Services (USD bn),USA_Trade_Balance,BOPGSTB,-62798.0,-16.01513915450764,-20.934214667925723,Phase 1 + COVID,False
2022-12-01,USA,Trade Balance,Goods & Services (USD bn),USA_Trade_Balance,BOPGSTB,-70521.0,12.298162361858655,-11.001034857013048,Phase 1 + COVID,False
2023-01-01,USA,Trade Balance,Goods & Services (USD bn),USA_Trade_Balance,BOPGSTB,-68800.0,-2.4404078217835856,-17.702364860823693,Phase 1 + COVID,False
2023-02-01,USA,Trade Balance,Goods & Services (USD bn),USA_Trade_Balance,BOPGSTB,-69202.0,0.5843023255813984,-18.28304894609435,Phase 1 + COVID,False
2023-03-01,USA,Trade Balance,Goods & Services (USD bn),USA_Trade_Balance,BOPGSTB,-58587.0,-15.33915204762868,-41.05817018451076,Phase 1 + COVID,False
2023-04-01,USA,Trade Balance,Goods & Services (USD bn),USA_Trade_Balance,BOPGSTB,-71110.0,21.375049072319797,-14.199184343251526,Phase 1 + COVID,False
2023-05-01,USA,Trade Balance,Goods & Services (USD bn),USA_Trade_Balance,BOPGSTB,-65814.0,-7.447616369005761,-19.892401134413383,Phase 1 + COVID,False
2023-06-01,USA,Trade Balance,Goods & Services (USD bn),USA_Trade_Balance,BOPGSTB,-65163.0,-0.9891512444160866,-18.32675314908817,Phase 1 + COVID,False
2023-07-01,USA,Trade Balance,Goods & Services (USD bn),USA_Trade_Balance,BOPGSTB,-63759.0,-2.154596933842823,-6.77963623603719,Phase 1 + COVID,False
2023-08-01,USA,Trade Balance,Goods & Services (USD bn),USA_Trade_Balance,BOPGSTB,-59165.0,-7.205257297009049,-11.63995878074643,Phase 1 + COVID,False
2023-09-01,USA,Trade Balance,Goods & Services (USD bn),USA_Trade_Balance,BOPGSTB,-59565.0,0.676075382405128,-12.121390950266298,Phase 1 + COVID,False
2023-10-01,USA,Trade Balance,Goods & Services (USD bn),USA_Trade_Balance,BOPGSTB,-64100.0,7.613531436246124,-14.273868909900633,Phase 1 + COVID,False
2023-11-01,USA,Trade Balance,Goods & Services (USD bn),USA_Trade_Balance,BOPGSTB,-65053.0,1.4867394695787794,3.5908786904041534,Phase 1 + COVID,False
2023-12-01,USA,Trade Balance,Goods & Services (USD bn),USA_Trade_Balance,BOPGSTB,-63888.0,-1.7908474628379967,-9.405708937763224,Phase 1 + COVID,False
2024-01-01,USA,Trade Balance,Goods & Services (USD bn),USA_Trade_Balance,BOPGSTB,-67077.0,4.991547708489863,-2.5043604651162843,Phase 1 + COVID,False
2024-02-01,USA,Trade Balance,Goods & Services (USD bn),USA_Trade_Balance,BOPGSTB,-66431.0,-0.9630722900547117,-4.0042195312274265,Phase 1 + COVID,False
2024-03-01,USA,Trade Balance,Goods & Services (USD bn),USA_Trade_Balance,BOPGSTB,-66266.0,-0.24837801628757594,13.107003260108897,Phase 1 + COVID,False
2024-04-01,USA,Trade Balance,Goods & Services (USD bn),USA_Trade_Balance,BOPGSTB,-73110.0,10.328071710983,2.8125439459991464,Phase 1 + COVID,False
2024-05-01,USA,Trade Balance,Goods & Services (USD bn),USA_Trade_Balance,BOPGSTB,-74456.0,1.841061414307199,13.130944783784603,Phase 1 + COVID,False
2024-06-01,USA,Trade Balance,Goods & Services (USD bn),USA_Trade_Balance,BOPGSTB,-73892.0,-0.7574943590845651,13.395638629283479,Phase 1 + COVID,False
2024-07-01,USA,Trade Balance,Goods & Services (USD bn),USA_Trade_Balance,BOPGSTB,-78639.0,6.424240783846691,23.3378817108173,Phase 1 + COVID,False
2024-08-01,USA,Trade Balance,Goods & Services (USD bn),USA_Trade_Balance,BOPGSTB,-71214.0,-9.441879983214442,20.365080706498784,Phase 1 + COVID,False
2024-09-01,USA,Trade Balance,Goods & Services (USD bn),USA_Trade_Balance,BOPGSTB,-81498.0,14.44098070604094,36.82195920423068,Phase 1 + COVID,False
2024-10-01,USA,Trade Balance,Goods & Services (USD bn),USA_Trade_Balance,BOPGSTB,-74250.0,-8.893469778399465,15.834633385335417,Phase 1 + COVID,False
2024-11-01,USA,Trade Balance,Goods & Services (USD bn),USA_Trade_Balance,BOPGSTB,-79752.0,7.410101010101,22.59542219421087,Phase 1 + COVID,False
2024-12-01,USA,Trade Balance,Goods & Services (USD bn),USA_Trade_Balance,BOPGSTB,-96948.0,21.561841709298825,51.74680691209617,Phase 1 + COVID,False
2025-01-01,USA,Trade Balance,Goods & Services (USD bn),USA_Trade_Balance,BOPGSTB,-128331.0,32.37096175269216,91.31893197370186,Trade War 2.0,False
2025-02-01,USA,Trade Balance,Goods & Services (USD bn),USA_Trade_Balance,BOPGSTB,-119780.0,-6.663238032899299,80.30738661167227,Trade War 2.0,False
2025-03-01,USA,Trade Balance,Goods & Services (USD bn),USA_Trade_Balance,BOPGSTB,-135856.0,13.42127233260979,105.01614704373283,Trade War 2.0,False
2025-04-01,USA,Trade Balance,Goods & Services (USD bn),USA_Trade_Balance,BOPGSTB,-60084.0,-55.77376045224356,-17.816988100123098,Trade War 2.0,False
2025-05-01,USA,Trade Balance,Goods & Services (USD bn),USA_Trade_Balance,BOPGSTB,-70564.0,17.442247520138476,-5.227248307725363,Trade War 2.0,True
2025-06-01,USA,Trade Balance,Goods & Services (USD bn),USA_Trade_Balance,BOPGSTB,-57637.0,-18.319539708633293,-21.998321875169168,Trade War 2.0,True
2025-07-01,USA,Trade Balance,Goods & Services (USD bn),USA_Trade_Balance,BOPGSTB,-74233.0,28.794003851692484,-5.602817940207783,Trade War 2.0,True
2025-08-01,USA,Trade Balance,Goods & Services (USD bn),USA_Trade_Balance,BOPGSTB,-56011.0,-24.547034337828187,-21.348330384474966,Trade War 2.0,True
2025-09-01,USA,Trade Balance,Goods & Services (USD bn),USA_Trade_Balance,BOPGSTB,-49168.0,-12.217243041545412,-39.66968514564775,Trade War 2.0,True
2025-10-01,USA,Trade Balance,Goods & Services (USD bn),USA_Trade_Balance,BOPGSTB,-31102.0,-36.74341034819395,-58.11178451178451,Trade War 2.0,True
2025-11-01,USA,Trade Balance,Goods & Services (USD bn),USA_Trade_Balance,BOPGSTB,-56026.0,80.13632563822262,-29.749724144849033,Trade War 2.0,True
2025-12-01,USA,Trade Balance,Goods & Services (USD bn),USA_Trade_Balance,BOPGSTB,-72900.0,30.118159425980796,-24.805050129966578,Trade War 2.0,True
2026-01-01,USA,Trade Balance,Goods & Services (USD bn),USA_Trade_Balance,BOPGSTB,-54677.0,-24.997256515775035,-57.39377079583265,Trade War 2.0,True
2026-02-01,USA,Trade Balance,Goods & Services (USD bn),USA_Trade_Balance,BOPGSTB,-57347.0,4.883223293158001,-52.12305894139255,Trade War 2.0,True
2015-01-01,USA,Imports from China,Goods (USD mn),USA_China_Imports,IMPCH,38589.696731,,,Pre-Trade War,False
2015-02-01,USA,Imports from China,Goods (USD mn),USA_China_Imports,IMPCH,31563.988155,-18.206177221279084,,Pre-Trade War,False
2015-03-01,USA,Imports from China,Goods (USD mn),USA_China_Imports,IMPCH,41136.91753,30.328643288011015,,Pre-Trade War,False
2015-04-01,USA,Imports from China,Goods (USD mn),USA_China_Imports,IMPCH,36121.394467,-12.192267588698936,,Pre-Trade War,False
2015-05-01,USA,Imports from China,Goods (USD mn),USA_China_Imports,IMPCH,39082.029905,8.196348678356813,,Pre-Trade War,False
2015-06-01,USA,Imports from China,Goods (USD mn),USA_China_Imports,IMPCH,41453.839795,6.068799127796987,,Pre-Trade War,False
2015-07-01,USA,Imports from China,Goods (USD mn),USA_China_Imports,IMPCH,41215.078176,-0.5759698502737831,,Pre-Trade War,False
2015-08-01,USA,Imports from China,Goods (USD mn),USA_China_Imports,IMPCH,44138.055272,7.092009102877483,,Pre-Trade War,False
2015-09-01,USA,Imports from China,Goods (USD mn),USA_China_Imports,IMPCH,45724.951242,3.5953010621351256,,Pre-Trade War,False
2015-10-01,USA,Imports from China,Goods (USD mn),USA_China_Imports,IMPCH,44309.93252,-3.094631450804597,,Pre-Trade War,False
2015-11-01,USA,Imports from China,Goods (USD mn),USA_China_Imports,IMPCH,41884.774152,-5.473170980130404,,Pre-Trade War,False
2015-12-01,USA,Imports from China,Goods (USD mn),USA_China_Imports,IMPCH,37980.997419,-9.320276429886377,,Pre-Trade War,False
2016-01-01,USA,Imports from China,Goods (USD mn),USA_China_Imports,IMPCH,37126.43412,-2.2499759276266573,-3.791847915261104,Pre-Trade War,False
2016-02-01,USA,Imports from China,Goods (USD mn),USA_China_Imports,IMPCH,36066.892525,-2.8538738505705874,14.265955074776283,Pre-Trade War,False
2016-03-01,USA,Imports from China,Goods (USD mn),USA_China_Imports,IMPCH,29812.326908,-17.341570562710974,-27.529020894045587,Pre-Trade War,False
2016-04-01,USA,Imports from China,Goods (USD mn),USA_China_Imports,IMPCH,32920.204539,10.42480729729962,-8.862309928052648,Pre-Trade War,False
2016-05-01,USA,Imports from China,Goods (USD mn),USA_China_Imports,IMPCH,37513.726589,13.953503978257897,-4.012850202029461,Pre-Trade War,False
2016-06-01,USA,Imports from China,Goods (USD mn),USA_China_Imports,IMPCH,38539.190214,2.7335690645586164,-7.031072622979428,Pre-Trade War,False
2016-07-01,USA,Imports from China,Goods (USD mn),USA_China_Imports,IMPCH,39438.857738,2.3344224904683575,-4.30963743515187,Pre-Trade War,False
2016-08-01,USA,Imports from China,Goods (USD mn),USA_China_Imports,IMPCH,43221.774205,9.591850991554196,-2.0759434491470663,Pre-Trade War,False
2016-09-01,USA,Imports from China,Goods (USD mn),USA_China_Imports,IMPCH,42020.928547,-2.7783349482703112,-8.100659693208645,Pre-Trade War,False
2016-10-01,USA,Imports from China,Goods (USD mn),USA_China_Imports,IMPCH,43798.098424,4.229249420350745,-1.1551227160388366,Pre-Trade War,False
2016-11-01,USA,Imports from China,Goods (USD mn),USA_China_Imports,IMPCH,42602.631733,-2.7294945077910526,1.7138867178676742,Pre-Trade War,False
2016-12-01,USA,Imports from China,Goods (USD mn),USA_China_Imports,IMPCH,39358.926061,-7.613862195953091,3.627942222788194,Pre-Trade War,False
2017-01-01,USA,Imports from China,Goods (USD mn),USA_China_Imports,IMPCH,41335.553396,5.022056069153291,11.33725706701403,Pre-Trade War,False
2017-02-01,USA,Imports from China,Goods (USD mn),USA_China_Imports,IMPCH,32784.957412,-20.68581470794445,-9.09957826481753,Pre-Trade War,False
2017-03-01,USA,Imports from China,Goods (USD mn),USA_China_Imports,IMPCH,34161.993661,4.200207527175159,14.59016186969555,Pre-Trade War,False
2017-04-01,USA,Imports from China,Goods (USD mn),USA_China_Imports,IMPCH,37441.870879,9.600953769113229,13.735231610250963,Pre-Trade War,False
2017-05-01,USA,Imports from China,Goods (USD mn),USA_China_Imports,IMPCH,41756.844722,11.524461095826632,11.310841440754649,Pre-Trade War,False
2017-06-01,USA,Imports from China,Goods (USD mn),USA_China_Imports,IMPCH,42258.078621,1.2003634430163723,9.649627784989235,Pre-Trade War,False
2017-07-01,USA,Imports from China,Goods (USD mn),USA_China_Imports,IMPCH,43561.110857,3.083510368955733,10.452262959502857,Pre-Trade War,False
2017-08-01,USA,Imports from China,Goods (USD mn),USA_China_Imports,IMPCH,45782.311949,5.099046025918952,5.924184721930725,Pre-Trade War,False
2017-09-01,USA,Imports from China,Goods (USD mn),USA_China_Imports,IMPCH,45405.051275,-0.8240315046130986,8.053422056618498,Pre-Trade War,False
2017-10-01,USA,Imports from China,Goods (USD mn),USA_China_Imports,IMPCH,48133.149629,6.008358712067108,9.897806893425587,Pre-Trade War,False
2017-11-01,USA,Imports from China,Goods (USD mn),USA_China_Imports,IMPCH,48104.793415,-0.058912026781055005,12.915074628448409,Pre-Trade War,False
2017-12-01,USA,Imports from China,Goods (USD mn),USA_China_Imports,IMPCH,44439.382241,-7.619638114602223,12.908015254598437,Pre-Trade War,False
2018-01-01,USA,Imports from China,Goods (USD mn),USA_China_Imports,IMPCH,45681.310362,2.7946565824539915,10.513363458248826,Pre-Trade War,False
2018-02-01,USA,Imports from China,Goods (USD mn),USA_China_Imports,IMPCH,38956.173961,-14.721855278902641,18.82331726543953,Pre-Trade War,False
2018-03-01,USA,Imports from China,Goods (USD mn),USA_China_Imports,IMPCH,38273.829291,-1.7515700352994434,12.0362870820802,Trade War 1.0,False
2018-04-01,USA,Imports from China,Goods (USD mn),USA_China_Imports,IMPCH,38227.767574,-0.1203478142983605,2.098978166822274,Trade War 1.0,False
2018-05-01,USA,Imports from China,Goods (USD mn),USA_China_Imports,IMPCH,43866.578304,14.750562451978366,5.052425766471935,Trade War 1.0,False
2018-06-01,USA,Imports from China,Goods (USD mn),USA_China_Imports,IMPCH,44524.005052,1.498696213422357,5.362114191992529,Trade War 1.0,False
2018-07-01,USA,Imports from China,Goods (USD mn),USA_China_Imports,IMPCH,47009.750007,5.582932065740431,7.916784219119211,Trade War 1.0,False
2018-08-01,USA,Imports from China,Goods (USD mn),USA_China_Imports,IMPCH,47796.194112,1.6729382838302387,4.398821460225499,Trade War 1.0,False
2018-09-01,USA,Imports from China,Goods (USD mn),USA_China_Imports,IMPCH,49938.049895,4.481226639052105,9.983467681922576,Trade War 1.0,False
2018-10-01,USA,Imports from China,Goods (USD mn),USA_China_Imports,IMPCH,52081.070497,4.291358205828888,8.202082968660317,Trade War 1.0,False
2018-11-01,USA,Imports from China,Goods (USD mn),USA_China_Imports,IMPCH,46344.570969,-11.014557637271372,-3.659141472274008,Trade War 1.0,False
2018-12-01,USA,Imports from China,Goods (USD mn),USA_China_Imports,IMPCH,45814.858502,-1.1429870984334345,3.0951741262752686,Trade War 1.0,False
2019-01-01,USA,Imports from China,Goods (USD mn),USA_China_Imports,IMPCH,41302.50818,-9.849098020903025,-9.58554416959656,Trade War 1.0,False
2019-02-01,USA,Imports from China,Goods (USD mn),USA_China_Imports,IMPCH,33027.758098,-20.034497774173676,-15.218167648945935,Trade War 1.0,False
2019-03-01,USA,Imports from China,Goods (USD mn),USA_China_Imports,IMPCH,31078.662933,-5.901385008381865,-18.799180775182922,Trade War 1.0,False
2019-04-01,USA,Imports from China,Goods (USD mn),USA_China_Imports,IMPCH,34499.454932,11.00688278120141,-9.752891363019977,Trade War 1.0,False
2019-05-01,USA,Imports from China,Goods (USD mn),USA_China_Imports,IMPCH,39023.881706,13.114487701089338,-11.039604147922377,Trade War 1.0,False
2019-06-01,USA,Imports from China,Goods (USD mn),USA_China_Imports,IMPCH,38732.97518,-0.7454576871456453,-13.006534037619932,Trade War 1.0,False
2019-07-01,USA,Imports from China,Goods (USD mn),USA_China_Imports,IMPCH,41237.166159,6.465268850023831,-12.27954593917312,Trade War 1.0,False
2019-08-01,USA,Imports from China,Goods (USD mn),USA_China_Imports,IMPCH,40955.642945,-0.6826929205428933,-14.31191603032378,Trade War 1.0,False
2019-09-01,USA,Imports from China,Goods (USD mn),USA_China_Imports,IMPCH,39866.673154,-2.6589004901287905,-20.16774135589221,Trade War 1.0,False
2019-10-01,USA,Imports from China,Goods (USD mn),USA_China_Imports,IMPCH,39794.889454,-0.18005941886023447,-23.590492525893293,Trade War 1.0,False
2019-11-01,USA,Imports from China,Goods (USD mn),USA_China_Imports,IMPCH,36172.914882,-9.101607321178108,-21.947891358847293,Trade War 1.0,False
2019-12-01,USA,Imports from China,Goods (USD mn),USA_China_Imports,IMPCH,33418.149084,-7.615548282427187,-27.058272847135033,Trade War 1.0,False
2020-01-01,USA,Imports from China,Goods (USD mn),USA_China_Imports,IMPCH,32944.673286,-1.4168223285193626,-20.23565943640956,Trade War 1.0,False
2020-02-01,USA,Imports from China,Goods (USD mn),USA_China_Imports,IMPCH,22576.609689,-31.47113801066577,-31.64352959710235,Phase 1 + COVID,False
2020-03-01,USA,Imports from China,Goods (USD mn),USA_China_Imports,IMPCH,19638.123468,-13.015622192519539,-36.81155617815265,Phase 1 + COVID,False
2020-04-01,USA,Imports from China,Goods (USD mn),USA_China_Imports,IMPCH,30730.147843,56.48209918363263,-10.925700410135397,Phase 1 + COVID,False
2020-05-01,USA,Imports from China,Goods (USD mn),USA_China_Imports,IMPCH,36318.738261,18.18601865032361,-6.9320204109374455,Phase 1 + COVID,False
2020-06-01,USA,Imports from China,Goods (USD mn),USA_China_Imports,IMPCH,37286.885658,2.6656966716259056,-3.733484234763096,Phase 1 + COVID,False
2020-07-01,USA,Imports from China,Goods (USD mn),USA_China_Imports,IMPCH,40469.812982,8.536318514756669,-1.8608290735626198,Phase 1 + COVID,False
2020-08-01,USA,Imports from China,Goods (USD mn),USA_China_Imports,IMPCH,40598.942662,0.319076542452601,-0.8709429454666795,Phase 1 + COVID,False
2020-09-01,USA,Imports from China,Goods (USD mn),USA_China_Imports,IMPCH,41003.217161,0.9957759303381941,2.8508624299039775,Phase 1 + COVID,False
2020-10-01,USA,Imports from China,Goods (USD mn),USA_China_Imports,IMPCH,44654.266193,8.904298942358801,12.211057263061619,Phase 1 + COVID,False
2020-11-01,USA,Imports from China,Goods (USD mn),USA_China_Imports,IMPCH,44700.409933,0.10333556888060258,23.574254601315992,Phase 1 + COVID,False
2020-12-01,USA,Imports from China,Goods (USD mn),USA_China_Imports,IMPCH,41626.191515,-6.877383054445918,24.561630898133323,Phase 1 + COVID,False
2021-01-01,USA,Imports from China,Goods (USD mn),USA_China_Imports,IMPCH,38835.275419,-6.7047116116647265,17.880286994690707,Phase 1 + COVID,False
2021-02-01,USA,Imports from China,Goods (USD mn),USA_China_Imports,IMPCH,33816.75994,-12.922569557842522,49.786705824464605,Phase 1 + COVID,False
2021-03-01,USA,Imports from China,Goods (USD mn),USA_China_Imports,IMPCH,39934.039704,18.089491053707363,103.34957038574414,Phase 1 + COVID,False
2021-04-01,USA,Imports from China,Goods (USD mn),USA_China_Imports,IMPCH,37371.138998,-6.417834822113644,21.61067102224421,Phase 1 + COVID,False
2021-05-01,USA,Imports from China,Goods (USD mn),USA_China_Imports,IMPCH,38486.525451,2.984619904305541,5.9687844176234295,Phase 1 + COVID,False
2021-06-01,USA,Imports from China,Goods (USD mn),USA_China_Imports,IMPCH,39779.270246,3.358954282962978,6.6843463700896555,Phase 1 + COVID,False
2021-07-01,USA,Imports from China,Goods (USD mn),USA_China_Imports,IMPCH,40290.914463,1.2862081527286184,-0.44205422713362585,Phase 1 + COVID,False
2021-08-01,USA,Imports from China,Goods (USD mn),USA_China_Imports,IMPCH,42897.843401,6.470265003277587,5.662464557609614,Phase 1 + COVID,False
2021-09-01,USA,Imports from China,Goods (USD mn),USA_China_Imports,IMPCH,47350.944635,10.380711198866921,15.481047375076717,Phase 1 + COVID,False
2021-10-01,USA,Imports from China,Goods (USD mn),USA_China_Imports,IMPCH,47873.453886,1.1034822114484033,7.209138045369201,Phase 1 + COVID,False
2021-11-01,USA,Imports from China,Goods (USD mn),USA_China_Imports,IMPCH,48234.758989,0.7547086614230203,7.906748643463279,Phase 1 + COVID,False
2021-12-01,USA,Imports from China,Goods (USD mn),USA_China_Imports,IMPCH,49375.341266,2.364648027494276,18.616043094424327,Phase 1 + COVID,False
2022-01-01,USA,Imports from China,Goods (USD mn),USA_China_Imports,IMPCH,47667.077458,-3.459750888195523,22.741700538266496,Phase 1 + COVID,False
2022-02-01,USA,Imports from China,Goods (USD mn),USA_China_Imports,IMPCH,42297.863971,-11.263987165420152,25.079587890879406,Phase 1 + COVID,False
2022-03-01,USA,Imports from China,Goods (USD mn),USA_China_Imports,IMPCH,47285.271444,11.791156821581893,18.408434995530044,Phase 1 + COVID,False
2022-04-01,USA,Imports from China,Goods (USD mn),USA_China_Imports,IMPCH,41727.289477,-11.75415049394889,11.656456280963567,Phase 1 + COVID,False
2022-05-01,USA,Imports from China,Goods (USD mn),USA_China_Imports,IMPCH,43769.593642,4.894408888278523,13.72705935152878,Phase 1 + COVID,False
2022-06-01,USA,Imports from China,Goods (USD mn),USA_China_Imports,IMPCH,48488.064176,10.780247522043007,21.89279460418385,Phase 1 + COVID,False
2022-07-01,USA,Imports from China,Goods (USD mn),USA_China_Imports,IMPCH,46565.042288,-3.965969606499231,15.572066081452828,Phase 1 + COVID,False
2022-08-01,USA,Imports from China,Goods (USD mn),USA_China_Imports,IMPCH,50383.134999,8.199482967041005,17.449109336404334,Phase 1 + COVID,False
2022-09-01,USA,Imports from China,Goods (USD mn),USA_China_Imports,IMPCH,49270.250025,-2.2088442373069617,4.053362408701178,Phase 1 + COVID,False
2022-10-01,USA,Imports from China,Goods (USD mn),USA_China_Imports,IMPCH,44670.639494,-9.33547227518864,-6.690167790330714,Phase 1 + COVID,False
2022-11-01,USA,Imports from China,Goods (USD mn),USA_China_Imports,IMPCH,36915.67136,-17.360324861795682,-23.46666152427823,Phase 1 + COVID,False
2022-12-01,USA,Imports from China,Goods (USD mn),USA_China_Imports,IMPCH,37228.7909,0.8482022091552244,-24.60043830494829,Phase 1 + COVID,False
2023-01-01,USA,Imports from China,Goods (USD mn),USA_China_Imports,IMPCH,38166.089291,2.517670782050563,-19.93197123396422,Phase 1 + COVID,False
2023-02-01,USA,Imports from China,Goods (USD mn),USA_China_Imports,IMPCH,30569.756691,-19.903355940089206,-27.72742209403518,Phase 1 + COVID,False
2023-03-01,USA,Imports from China,Goods (USD mn),USA_China_Imports,IMPCH,30791.607258,0.7257191126591955,-34.88118748674937,Phase 1 + COVID,False
2023-04-01,USA,Imports from China,Goods (USD mn),USA_China_Imports,IMPCH,33071.357368,7.403803545875931,-20.74405555091503,Phase 1 + COVID,False
2023-05-01,USA,Imports from China,Goods (USD mn),USA_China_Imports,IMPCH,35881.039803,8.495818311100422,-18.022908559585936,Phase 1 + COVID,False
2023-06-01,USA,Imports from China,Goods (USD mn),USA_China_Imports,IMPCH,34312.779447,-4.370721597284588,-29.234585809710055,Phase 1 + COVID,False
2023-07-01,USA,Imports from China,Goods (USD mn),USA_China_Imports,IMPCH,36108.078368,5.2321582510476805,-22.45668296685902,Phase 1 + COVID,False
2023-08-01,USA,Imports from China,Goods (USD mn),USA_China_Imports,IMPCH,36828.481231,1.9951293327158615,-26.90315671755843,Phase 1 + COVID,False
2023-09-01,USA,Imports from China,Goods (USD mn),USA_China_Imports,IMPCH,40247.941237,9.28482492816376,-18.311879447378555,Phase 1 + COVID,False
2023-10-01,USA,Imports from China,Goods (USD mn),USA_China_Imports,IMPCH,41548.452853,3.2312500367209784,-6.989348431914344,Phase 1 + COVID,False
2023-11-01,USA,Imports from China,Goods (USD mn),USA_China_Imports,IMPCH,35537.3694,-14.467646904368348,-3.733649989888732,Phase 1 + COVID,False
2023-12-01,USA,Imports from China,Goods (USD mn),USA_China_Imports,IMPCH,34183.629889,-3.8093407977462745,-8.179586114358594,Phase 1 + COVID,False
2024-01-01,USA,Imports from China,Goods (USD mn),USA_China_Imports,IMPCH,35782.600942,4.677592924426466,-6.245042112716681,Phase 1 + COVID,False
2024-02-01,USA,Imports from China,Goods (USD mn),USA_China_Imports,IMPCH,31863.625771,-10.952180858379368,4.232513503716984,Phase 1 + COVID,False
2024-03-01,USA,Imports from China,Goods (USD mn),USA_China_Imports,IMPCH,29924.780142,-6.0848242536309165,-2.8151408555485147,Phase 1 + COVID,False
2024-04-01,USA,Imports from China,Goods (USD mn),USA_China_Imports,IMPCH,31602.676956,5.607048092042755,-4.440943852583146,Phase 1 + COVID,False
2024-05-01,USA,Imports from China,Goods (USD mn),USA_China_Imports,IMPCH,34995.265867,10.735131443844015,-2.4686406549621176,Phase 1 + COVID,False
2024-06-01,USA,Imports from China,Goods (USD mn),USA_China_Imports,IMPCH,34169.113741,-2.360753963521245,-0.4186944582029839,Phase 1 + COVID,False
2024-07-01,USA,Imports from China,Goods (USD mn),USA_China_Imports,IMPCH,40801.06899,19.409210608357764,12.997065571229793,Phase 1 + COVID,False
2024-08-01,USA,Imports from China,Goods (USD mn),USA_China_Imports,IMPCH,39811.237007,-2.4259952190041734,8.099046380140429,Phase 1 + COVID,False
2024-09-01,USA,Imports from China,Goods (USD mn),USA_China_Imports,IMPCH,43018.169857,8.055345905067268,6.88290763417565,Phase 1 + COVID,False
2024-10-01,USA,Imports from China,Goods (USD mn),USA_China_Imports,IMPCH,41444.88019,-3.657267782962148,-0.24928163598881836,Phase 1 + COVID,False
2024-11-01,USA,Imports from China,Goods (USD mn),USA_China_Imports,IMPCH,37774.833328,-8.855247850096394,6.296087655829696,Phase 1 + COVID,False
2024-12-01,USA,Imports from China,Goods (USD mn),USA_China_Imports,IMPCH,37553.745287,-0.5852786670963894,9.858857613844197,Phase 1 + COVID,False
2025-01-01,USA,Imports from China,Goods (USD mn),USA_China_Imports,IMPCH,41639.17075,10.87887621268564,16.367088064651615,Trade War 2.0,False
2025-02-01,USA,Imports from China,Goods (USD mn),USA_China_Imports,IMPCH,31635.372246,-24.024970535706448,-0.7163451097512596,Trade War 2.0,False
2025-03-01,USA,Imports from China,Goods (USD mn),USA_China_Imports,IMPCH,29383.677776,-7.117648094957074,-1.8082083257833226,Trade War 2.0,False
2025-04-01,USA,Imports from China,Goods (USD mn),USA_China_Imports,IMPCH,25378.077558,-13.63205875226311,-19.696430801309738,Trade War 2.0,False
2025-05-01,USA,Imports from China,Goods (USD mn),USA_China_Imports,IMPCH,20493.855247,-19.245832549125986,-41.43820674234286,Trade War 2.0,True
2025-06-01,USA,Imports from China,Goods (USD mn),USA_China_Imports,IMPCH,18948.674201,-7.539728505822197,-44.54443757414984,Trade War 2.0,True
2025-07-01,USA,Imports from China,Goods (USD mn),USA_China_Imports,IMPCH,26411.38867,39.383834403602556,-35.267900268806166,Trade War 2.0,True
2025-08-01,USA,Imports from China,Goods (USD mn),USA_China_Imports,IMPCH,25132.621489,-4.841726411956959,-36.870533601905066,Trade War 2.0,True
2025-09-01,USA,Imports from China,Goods (USD mn),USA_China_Imports,IMPCH,23414.653023,-6.835611902848726,-45.570318075282046,Trade War 2.0,True
2025-10-01,USA,Imports from China,Goods (USD mn),USA_China_Imports,IMPCH,23887.245543,2.0183622603152873,-42.36382049244381,Trade War 2.0,True
2025-11-01,USA,Imports from China,Goods (USD mn),USA_China_Imports,IMPCH,20950.70719,-12.29333180216977,-44.53792288615972,Trade War 2.0,True
2025-12-01,USA,Imports from China,Goods (USD mn),USA_China_Imports,IMPCH,21104.278609,0.733013055870968,-43.80246644452349,Trade War 2.0,True
2026-01-01,USA,Imports from China,Goods (USD mn),USA_China_Imports,IMPCH,21057.908407,-0.2197194363242838,-49.42764702632797,Trade War 2.0,True
2026-02-01,USA,Imports from China,Goods (USD mn),USA_China_Imports,IMPCH,18955.647956,-9.983234851098377,-40.08084428847911,Trade War 2.0,True
2015-01-01,USA,Exports to China,Goods (USD mn),USA_China_Exports,EXPCH,9459.198394,,,Pre-Trade War,False
2015-02-01,USA,Exports to China,Goods (USD mn),USA_China_Exports,EXPCH,8754.588178,-7.448942147644733,,Pre-Trade War,False
2015-03-01,USA,Exports to China,Goods (USD mn),USA_China_Exports,EXPCH,9886.519164,12.929574332742533,,Pre-Trade War,False
2015-04-01,USA,Exports to China,Goods (USD mn),USA_China_Exports,EXPCH,9279.91285,-6.135691479857219,,Pre-Trade War,False
2015-05-01,USA,Exports to China,Goods (USD mn),USA_China_Exports,EXPCH,8749.787563,-5.712610620044789,,Pre-Trade War,False
2015-06-01,USA,Exports to China,Goods (USD mn),USA_China_Exports,EXPCH,9615.754115,9.89700087876293,,Pre-Trade War,False
2015-07-01,USA,Exports to China,Goods (USD mn),USA_China_Exports,EXPCH,9505.173559,-1.149993590492293,,Pre-Trade War,False
2015-08-01,USA,Exports to China,Goods (USD mn),USA_China_Exports,EXPCH,9183.456081,-3.3846565347076862,,Pre-Trade War,False
2015-09-01,USA,Exports to China,Goods (USD mn),USA_China_Exports,EXPCH,9419.421166,2.5694584143348465,,Pre-Trade War,False
2015-10-01,USA,Exports to China,Goods (USD mn),USA_China_Exports,EXPCH,11324.856248,20.22879164674989,,Pre-Trade War,False
2015-11-01,USA,Exports to China,Goods (USD mn),USA_China_Exports,EXPCH,10603.592681,-6.368854060530593,,Pre-Trade War,False
2015-12-01,USA,Exports to China,Goods (USD mn),USA_China_Exports,EXPCH,10091.105315,-4.833148362236672,,Pre-Trade War,False
2016-01-01,USA,Exports to China,Goods (USD mn),USA_China_Exports,EXPCH,8208.886377,-18.652257401398455,-13.217948973277437,Pre-Trade War,False
2016-02-01,USA,Exports to China,Goods (USD mn),USA_China_Exports,EXPCH,8080.515063,-1.5638091222662909,-7.699655326951005,Pre-Trade War,False
2016-03-01,USA,Exports to China,Goods (USD mn),USA_China_Exports,EXPCH,8925.561211,10.457825292219258,-9.719881558508037,Pre-Trade War,False
2016-04-01,USA,Exports to China,Goods (USD mn),USA_China_Exports,EXPCH,8679.668476,-2.754927440270727,-6.468211325928563,Pre-Trade War,False
2016-05-01,USA,Exports to China,Goods (USD mn),USA_China_Exports,EXPCH,8541.963035,-1.5865288101817088,-2.37519512906601,Pre-Trade War,False
2016-06-01,USA,Exports to China,Goods (USD mn),USA_China_Exports,EXPCH,8845.557796,3.55415681098179,-8.009733919865326,Pre-Trade War,False
2016-07-01,USA,Exports to China,Goods (USD mn),USA_China_Exports,EXPCH,9129.666281,3.2118775497513186,-3.9505567748886694,Pre-Trade War,False
2016-08-01,USA,Exports to China,Goods (USD mn),USA_China_Exports,EXPCH,9372.919258,2.6644235343655565,2.063092318718507,Pre-Trade War,False
2016-09-01,USA,Exports to China,Goods (USD mn),USA_China_Exports,EXPCH,9521.151936,1.5814995725422554,1.0800108436302303,Pre-Trade War,False
2016-10-01,USA,Exports to China,Goods (USD mn),USA_China_Exports,EXPCH,12600.00471,32.336977654549216,11.259731991964085,Pre-Trade War,False
2016-11-01,USA,Exports to China,Goods (USD mn),USA_China_Exports,EXPCH,12044.084823,-4.412060945967699,13.584944134841571,Pre-Trade War,False
2016-12-01,USA,Exports to China,Goods (USD mn),USA_China_Exports,EXPCH,11644.805511,-3.315148621649644,15.396729570253221,Pre-Trade War,False
2017-01-01,USA,Exports to China,Goods (USD mn),USA_China_Exports,EXPCH,9955.522802,-14.506749017012421,21.277385808308868,Pre-Trade War,False
2017-02-01,USA,Exports to China,Goods (USD mn),USA_China_Exports,EXPCH,9739.814915,-2.1667158148305776,20.53458027196553,Pre-Trade War,False
2017-03-01,USA,Exports to China,Goods (USD mn),USA_China_Exports,EXPCH,9720.184109,-0.2015521462298886,8.902777979055188,Pre-Trade War,False
2017-04-01,USA,Exports to China,Goods (USD mn),USA_China_Exports,EXPCH,9806.476826,0.887768338874384,12.98215885912828,Pre-Trade War,False
2017-05-01,USA,Exports to China,Goods (USD mn),USA_China_Exports,EXPCH,9880.023522,0.7499808270081676,15.6645548747683,Pre-Trade War,False
2017-06-01,USA,Exports to China,Goods (USD mn),USA_China_Exports,EXPCH,9718.210931,-1.6377753619684188,9.865439298747415,Pre-Trade War,False
2017-07-01,USA,Exports to China,Goods (USD mn),USA_China_Exports,EXPCH,9954.063313,2.4269115341760905,9.029870387657834,Pre-Trade War,False
2017-08-01,USA,Exports to China,Goods (USD mn),USA_China_Exports,EXPCH,10825.46077,8.75418841129887,15.49721567013631,Pre-Trade War,False
2017-09-01,USA,Exports to China,Goods (USD mn),USA_China_Exports,EXPCH,10895.979304,0.6514136949756999,14.439716719588326,Pre-Trade War,False
2017-10-01,USA,Exports to China,Goods (USD mn),USA_China_Exports,EXPCH,12963.222187,18.97252945626555,2.8826773113166615,Pre-Trade War,False
2017-11-01,USA,Exports to China,Goods (USD mn),USA_China_Exports,EXPCH,12908.394227,-0.42295009071882106,7.176214853198903,Pre-Trade War,False
2017-12-01,USA,Exports to China,Goods (USD mn),USA_China_Exports,EXPCH,13629.874337,5.589232071103822,17.0468182068378,Pre-Trade War,False
2018-01-01,USA,Exports to China,Goods (USD mn),USA_China_Exports,EXPCH,9909.454284,-27.296070095822188,-0.462743332683091,Pre-Trade War,False
2018-02-01,USA,Exports to China,Goods (USD mn),USA_China_Exports,EXPCH,9743.12115,-1.6785297074185301,0.03394556291729245,Pre-Trade War,False
2018-03-01,USA,Exports to China,Goods (USD mn),USA_China_Exports,EXPCH,12653.006282,29.8660468981236,30.17249611850947,Trade War 1.0,False
2018-04-01,USA,Exports to China,Goods (USD mn),USA_China_Exports,EXPCH,10509.567261,-16.940156143360397,7.169653765314465,Trade War 1.0,False
2018-05-01,USA,Exports to China,Goods (USD mn),USA_China_Exports,EXPCH,10397.753833,-1.0639203805748343,5.240172858365799,Trade War 1.0,False
2018-06-01,USA,Exports to China,Goods (USD mn),USA_China_Exports,EXPCH,10855.733395,4.404600929736202,11.705060448641124,Trade War 1.0,False
2018-07-01,USA,Exports to China,Goods (USD mn),USA_China_Exports,EXPCH,10151.956607,-6.482996241637151,1.9880654540498144,Trade War 1.0,False
2018-08-01,USA,Exports to China,Goods (USD mn),USA_China_Exports,EXPCH,9278.141243,-8.60735913112045,-14.293336421189572,Trade War 1.0,False
2018-09-01,USA,Exports to China,Goods (USD mn),USA_China_Exports,EXPCH,9733.102127,4.90357790514615,-10.672534744748452,Trade War 1.0,False
2018-10-01,USA,Exports to China,Goods (USD mn),USA_China_Exports,EXPCH,9188.675374,-5.593558414328548,-29.11735028953878,Trade War 1.0,False
2018-11-01,USA,Exports to China,Goods (USD mn),USA_China_Exports,EXPCH,8650.462613,-5.857348737369817,-32.98575747782668,Trade War 1.0,False
2018-12-01,USA,Exports to China,Goods (USD mn),USA_China_Exports,EXPCH,9210.239622,6.471064427915807,-32.42608556560458,Trade War 1.0,False
2019-01-01,USA,Exports to China,Goods (USD mn),USA_China_Exports,EXPCH,7105.423454,-22.853001163751905,-28.29652117702832,Trade War 1.0,False
2019-02-01,USA,Exports to China,Goods (USD mn),USA_China_Exports,EXPCH,8083.567641,13.766163175670453,-17.033078860976715,Trade War 1.0,False
2019-03-01,USA,Exports to China,Goods (USD mn),USA_China_Exports,EXPCH,10574.292487,30.812197740104263,-16.428615845683648,Trade War 1.0,False
2019-04-01,USA,Exports to China,Goods (USD mn),USA_China_Exports,EXPCH,7900.415334,-25.286582116839075,-24.82644491636029,Trade War 1.0,False
2019-05-01,USA,Exports to China,Goods (USD mn),USA_China_Exports,EXPCH,9070.662843,14.81248085735134,-12.763246863838319,Trade War 1.0,False
2019-06-01,USA,Exports to China,Goods (USD mn),USA_China_Exports,EXPCH,9168.472651,1.078309377086839,-15.542577204200025,Trade War 1.0,False
2019-07-01,USA,Exports to China,Goods (USD mn),USA_China_Exports,EXPCH,8700.82272,-5.100630702639375,-14.294130118714365,Trade War 1.0,False
2019-08-01,USA,Exports to China,Goods (USD mn),USA_China_Exports,EXPCH,9413.541123,8.191390928604058,1.4593427331380138,Trade War 1.0,False
2019-09-01,USA,Exports to China,Goods (USD mn),USA_China_Exports,EXPCH,8604.763411,-8.591641566465603,-11.592796430954378,Trade War 1.0,False
2019-10-01,USA,Exports to China,Goods (USD mn),USA_China_Exports,EXPCH,8854.883948,2.906768321837361,-3.632639226155343,Trade War 1.0,False
2019-11-01,USA,Exports to China,Goods (USD mn),USA_China_Exports,EXPCH,10103.196777,14.097449908216442,16.79371646340413,Trade War 1.0,False
2019-12-01,USA,Exports to China,Goods (USD mn),USA_China_Exports,EXPCH,8901.174927,-11.897440746045952,-3.3556639966429658,Trade War 1.0,False
2020-01-01,USA,Exports to China,Goods (USD mn),USA_China_Exports,EXPCH,7155.748571,-19.608943429541924,0.7082634458847048,Trade War 1.0,False
2020-02-01,USA,Exports to China,Goods (USD mn),USA_China_Exports,EXPCH,6826.002961,-4.6081218020481485,-15.5570502511986,Phase 1 + COVID,False
2020-03-01,USA,Exports to China,Goods (USD mn),USA_China_Exports,EXPCH,7933.474457,16.224304359776553,-24.97394537976525,Phase 1 + COVID,False
2020-04-01,USA,Exports to China,Goods (USD mn),USA_China_Exports,EXPCH,8635.882963,8.853731234745933,9.309227400170506,Phase 1 + COVID,False
2020-05-01,USA,Exports to China,Goods (USD mn),USA_China_Exports,EXPCH,9699.662055,12.318127706891202,6.934434923743327,Phase 1 + COVID,False
2020-06-01,USA,Exports to China,Goods (USD mn),USA_China_Exports,EXPCH,9240.649481,-4.732253261992647,0.7872285030171122,Phase 1 + COVID,False
2020-07-01,USA,Exports to China,Goods (USD mn),USA_China_Exports,EXPCH,9090.054635,-1.6296997988035633,4.473507017966227,Phase 1 + COVID,False
2020-08-01,USA,Exports to China,Goods (USD mn),USA_China_Exports,EXPCH,10969.391591,20.67464972942925,16.527791695715944,Phase 1 + COVID,False
2020-09-01,USA,Exports to China,Goods (USD mn),USA_China_Exports,EXPCH,11503.269759,4.866980666804066,33.68490462264961,Phase 1 + COVID,False
2020-10-01,USA,Exports to China,Goods (USD mn),USA_China_Exports,EXPCH,14803.109027,28.686098275825024,67.17451198604911,Phase 1 + COVID,False
2020-11-01,USA,Exports to China,Goods (USD mn),USA_China_Exports,EXPCH,14211.671534,-3.995359974186874,40.665096876594276,Phase 1 + COVID,False
2020-12-01,USA,Exports to China,Goods (USD mn),USA_China_Exports,EXPCH,14512.593341,2.1174272588560417,63.04132274694256,Phase 1 + COVID,False
2021-01-01,USA,Exports to China,Goods (USD mn),USA_China_Exports,EXPCH,13011.167051,-10.345678782015277,81.82817523424693,Phase 1 + COVID,False
2021-02-01,USA,Exports to China,Goods (USD mn),USA_China_Exports,EXPCH,9265.080558,-28.79131809096316,35.732149706578475,Phase 1 + COVID,False
2021-03-01,USA,Exports to China,Goods (USD mn),USA_China_Exports,EXPCH,12812.047416,38.28317342516083,61.49352324057025,Phase 1 + COVID,False
2021-04-01,USA,Exports to China,Goods (USD mn),USA_China_Exports,EXPCH,11931.362605,-6.873880359669748,38.16030921353746,Phase 1 + COVID,False
2021-05-01,USA,Exports to China,Goods (USD mn),USA_China_Exports,EXPCH,12407.374865,3.9895884129824477,27.91553762024339,Phase 1 + COVID,False
2021-06-01,USA,Exports to China,Goods (USD mn),USA_China_Exports,EXPCH,12142.569897,-2.134254593588447,31.40385772630736,Phase 1 + COVID,False
2021-07-01,USA,Exports to China,Goods (USD mn),USA_China_Exports,EXPCH,11757.2761,-3.1730828009908563,29.34219399221465,Phase 1 + COVID,False
2021-08-01,USA,Exports to China,Goods (USD mn),USA_China_Exports,EXPCH,11245.190915,-4.3554746919654335,2.514262725621741,Phase 1 + COVID,False
2021-09-01,USA,Exports to China,Goods (USD mn),USA_China_Exports,EXPCH,11019.586584,-2.006229442481622,-4.204745130153742,Phase 1 + COVID,False
2021-10-01,USA,Exports to China,Goods (USD mn),USA_China_Exports,EXPCH,16651.543234,51.10860200669756,12.486797223668123,Phase 1 + COVID,False
2021-11-01,USA,Exports to China,Goods (USD mn),USA_China_Exports,EXPCH,15883.781026,-4.610757076451288,11.765748230246164,Phase 1 + COVID,False
2021-12-01,USA,Exports to China,Goods (USD mn),USA_China_Exports,EXPCH,13312.414737,-16.18862841782418,-8.269911350780678,Phase 1 + COVID,False
2022-01-01,USA,Exports to China,Goods (USD mn),USA_China_Exports,EXPCH,11401.740097,-14.35257748310339,-12.369581819152064,Phase 1 + COVID,False
2022-02-01,USA,Exports to China,Goods (USD mn),USA_China_Exports,EXPCH,11612.714553,1.8503706820637955,25.338516813789802,Phase 1 + COVID,False
2022-03-01,USA,Exports to China,Goods (USD mn),USA_China_Exports,EXPCH,13618.766681,17.274618426591392,6.296567900557015,Phase 1 + COVID,False
2022-04-01,USA,Exports to China,Goods (USD mn),USA_China_Exports,EXPCH,11342.108001,-16.7170694184536,-4.938703344352846,Phase 1 + COVID,False
2022-05-01,USA,Exports to China,Goods (USD mn),USA_China_Exports,EXPCH,12301.190639,8.455946971369354,-0.8558154094266524,Phase 1 + COVID,False
2022-06-01,USA,Exports to China,Goods (USD mn),USA_China_Exports,EXPCH,11578.887888,-5.871811698535867,-4.642196946622201,Phase 1 + COVID,False
2022-07-01,USA,Exports to China,Goods (USD mn),USA_China_Exports,EXPCH,12408.471722,7.164624461557789,5.538660625652914,Phase 1 + COVID,False
2022-08-01,USA,Exports to China,Goods (USD mn),USA_China_Exports,EXPCH,12846.573092,3.530663403320289,14.240595727582651,Phase 1 + COVID,False
2022-09-01,USA,Exports to China,Goods (USD mn),USA_China_Exports,EXPCH,11815.121993,-8.028998018485723,7.219285432677536,Phase 1 + COVID,False
2022-10-01,USA,Exports to China,Goods (USD mn),USA_China_Exports,EXPCH,15686.29615,32.76457203991223,-5.796742502695529,Phase 1 + COVID,False
2022-11-01,USA,Exports to China,Goods (USD mn),USA_China_Exports,EXPCH,15797.646308,0.7098562779588979,-0.542280945947371,Phase 1 + COVID,False
2022-12-01,USA,Exports to China,Goods (USD mn),USA_China_Exports,EXPCH,13577.856467,-14.05139599736378,1.9939412589230932,Phase 1 + COVID,False
2023-01-01,USA,Exports to China,Goods (USD mn),USA_China_Exports,EXPCH,12979.947191,-4.403561618530693,13.841809062243527,Phase 1 + COVID,False
2023-02-01,USA,Exports to China,Goods (USD mn),USA_China_Exports,EXPCH,11782.232721,-9.22742174814445,1.4597634965220818,Phase 1 + COVID,False
2023-03-01,USA,Exports to China,Goods (USD mn),USA_China_Exports,EXPCH,13869.071047,17.71173915348434,1.8379371044604742,Phase 1 + COVID,False
2023-04-01,USA,Exports to China,Goods (USD mn),USA_China_Exports,EXPCH,13066.099182,-5.789658602792214,15.199918576405725,Phase 1 + COVID,False
2023-05-01,USA,Exports to China,Goods (USD mn),USA_China_Exports,EXPCH,10705.222272,-18.068720259313263,-12.974096685731396,Phase 1 + COVID,False
2023-06-01,USA,Exports to China,Goods (USD mn),USA_China_Exports,EXPCH,10078.216296,-5.857010345688596,-12.960412144202971,Phase 1 + COVID,False
2023-07-01,USA,Exports to China,Goods (USD mn),USA_China_Exports,EXPCH,10799.206476,7.1539462820038535,-12.969085009452064,Phase 1 + COVID,False
2023-08-01,USA,Exports to China,Goods (USD mn),USA_China_Exports,EXPCH,10783.004976,-0.15002491188593758,-16.06317966061357,Phase 1 + COVID,False
2023-09-01,USA,Exports to China,Goods (USD mn),USA_China_Exports,EXPCH,11780.231378,9.248130778197282,-0.2953047376122897,Phase 1 + COVID,False
2023-10-01,USA,Exports to China,Goods (USD mn),USA_China_Exports,EXPCH,15805.263057,34.16767930820856,0.7584129858468902,Phase 1 + COVID,False
2023-11-01,USA,Exports to China,Goods (USD mn),USA_China_Exports,EXPCH,13936.273546,-11.825108536692419,-11.782595493718528,Phase 1 + COVID,False
2023-12-01,USA,Exports to China,Goods (USD mn),USA_China_Exports,EXPCH,12050.696076,-13.529997554771022,-11.247433604204405,Phase 1 + COVID,False
2024-01-01,USA,Exports to China,Goods (USD mn),USA_China_Exports,EXPCH,12067.738457,0.14142237836318738,-7.027830857682571,Phase 1 + COVID,False
2024-02-01,USA,Exports to China,Goods (USD mn),USA_China_Exports,EXPCH,12062.242215,-0.04554492144144273,2.376540173925834,Phase 1 + COVID,False
2024-03-01,USA,Exports to China,Goods (USD mn),USA_China_Exports,EXPCH,12653.547761,4.9021196512260445,-8.764273265893518,Phase 1 + COVID,False
2024-04-01,USA,Exports to China,Goods (USD mn),USA_China_Exports,EXPCH,11552.402423,-8.702265631729656,-11.584917104297555,Phase 1 + COVID,False
2024-05-01,USA,Exports to China,Goods (USD mn),USA_China_Exports,EXPCH,11323.729543,-1.9794400474201668,5.777621942682432,Phase 1 + COVID,False
2024-06-01,USA,Exports to China,Goods (USD mn),USA_China_Exports,EXPCH,11376.646729,0.4673123443919902,12.883534098343773,Phase 1 + COVID,False
2024-07-01,USA,Exports to China,Goods (USD mn),USA_China_Exports,EXPCH,10769.766693,-5.334436855220382,-0.2726106132466932,Phase 1 + COVID,False
2024-08-01,USA,Exports to China,Goods (USD mn),USA_China_Exports,EXPCH,11966.922507,11.115893669062604,10.979476812215827,Phase 1 + COVID,False
2024-09-01,USA,Exports to China,Goods (USD mn),USA_China_Exports,EXPCH,11187.053346,-6.5168731605291015,-5.035368262017171,Phase 1 + COVID,False
2024-10-01,USA,Exports to China,Goods (USD mn),USA_China_Exports,EXPCH,13368.418649,19.499015831366883,-15.41793008576814,Phase 1 + COVID,False
2024-11-01,USA,Exports to China,Goods (USD mn),USA_China_Exports,EXPCH,12603.073509,-5.725023730142153,-9.566402615444192,Phase 1 + COVID,False
2024-12-01,USA,Exports to China,Goods (USD mn),USA_China_Exports,EXPCH,12295.207536,-2.44278487132642,2.029023539038266,Phase 1 + COVID,False
2025-01-01,USA,Exports to China,Goods (USD mn),USA_China_Exports,EXPCH,9901.335394,-19.469961242954327,-17.95202200246028,Trade War 2.0,False
2025-02-01,USA,Exports to China,Goods (USD mn),USA_China_Exports,EXPCH,10461.605346,5.658529175160676,-13.26981203386488,Trade War 2.0,False
2025-03-01,USA,Exports to China,Goods (USD mn),USA_China_Exports,EXPCH,11458.167596,9.525901781231273,-9.44699611190728,Trade War 2.0,False
2025-04-01,USA,Exports to China,Goods (USD mn),USA_China_Exports,EXPCH,8193.071746,-28.495794136750373,-29.07906558303245,Trade War 2.0,False
2025-05-01,USA,Exports to China,Goods (USD mn),USA_China_Exports,EXPCH,6553.325526,-20.01381497483593,-42.127498708664625,Trade War 2.0,True
2025-06-01,USA,Exports to China,Goods (USD mn),USA_China_Exports,EXPCH,9443.596095,44.103876078381774,-16.991391928102118,Trade War 2.0,True
2025-07-01,USA,Exports to China,Goods (USD mn),USA_China_Exports,EXPCH,9298.437659,-1.5371097465387895,-13.661661166312145,Trade War 2.0,True
2025-08-01,USA,Exports to China,Goods (USD mn),USA_China_Exports,EXPCH,8271.88129,-11.040095192834798,-30.877121622861704,Trade War 2.0,True
2025-09-01,USA,Exports to China,Goods (USD mn),USA_China_Exports,EXPCH,8380.18657,1.309318596374598,-25.090313679460674,Trade War 2.0,True
2025-10-01,USA,Exports to China,Goods (USD mn),USA_China_Exports,EXPCH,8950.492697,6.805410860918326,-33.04748353561231,Trade War 2.0,True
2025-11-01,USA,Exports to China,Goods (USD mn),USA_China_Exports,EXPCH,7008.414794,-21.69799997324102,-44.39122497385094,Trade War 2.0,True
2025-12-01,USA,Exports to China,Goods (USD mn),USA_China_Exports,EXPCH,8387.883128,19.68302925193557,-31.779247292568847,Trade War 2.0,True
2026-01-01,USA,Exports to China,Goods (USD mn),USA_China_Exports,EXPCH,8329.116905,-0.7006085099568016,-15.878852967173806,Trade War 2.0,True
2026-02-01,USA,Exports to China,Goods (USD mn),USA_China_Exports,EXPCH,7946.590522,-4.592640340662868,-24.040429177168466,Trade War 2.0,True
2015-01-01,USA,Industrial Production,All,USA_Industrial_Output,INDPRO,102.8905,,,Pre-Trade War,False
2015-02-01,USA,Industrial Production,All,USA_Industrial_Output,INDPRO,102.2335,-0.6385429169845525,,Pre-Trade War,False
2015-03-01,USA,Industrial Production,All,USA_Industrial_Output,INDPRO,101.8914,-0.33462612548724735,,Pre-Trade War,False
2015-04-01,USA,Industrial Production,All,USA_Industrial_Output,INDPRO,101.3355,-0.5455808831756226,,Pre-Trade War,False
2015-05-01,USA,Industrial Production,All,USA_Industrial_Output,INDPRO,100.8883,-0.44130635364704185,,Pre-Trade War,False
2015-06-01,USA,Industrial Production,All,USA_Industrial_Output,INDPRO,100.571,-0.3145062410606636,,Pre-Trade War,False
2015-07-01,USA,Industrial Production,All,USA_Industrial_Output,INDPRO,101.2228,0.6480993526961187,,Pre-Trade War,False
2015-08-01,USA,Industrial Production,All,USA_Industrial_Output,INDPRO,101.0367,-0.1838518594625027,,Pre-Trade War,False
2015-09-01,USA,Industrial Production,All,USA_Industrial_Output,INDPRO,100.7547,-0.27910650288459626,,Pre-Trade War,False
2015-10-01,USA,Industrial Production,All,USA_Industrial_Output,INDPRO,100.2675,-0.4835506432950498,,Pre-Trade War,False
2015-11-01,USA,Industrial Production,All,USA_Industrial_Output,INDPRO,99.5298,-0.7357319171217069,,Pre-Trade War,False
2015-12-01,USA,Industrial Production,All,USA_Industrial_Output,INDPRO,99.0417,-0.490405888487655,,Pre-Trade War,False
2016-01-01,USA,Industrial Production,All,USA_Industrial_Output,INDPRO,99.5607,0.5240216999506275,-3.236256019749162,Pre-Trade War,False
2016-02-01,USA,Industrial Production,All,USA_Industrial_Output,INDPRO,99.0445,-0.5184776724149187,-3.1193297695960798,Pre-Trade War,False
2016-03-01,USA,Industrial Production,All,USA_Industrial_Output,INDPRO,98.3096,-0.7419897116952456,-3.515311400177057,Pre-Trade War,False
2016-04-01,USA,Industrial Production,All,USA_Industrial_Output,INDPRO,98.6421,0.33821722395370735,-2.6579036961380753,Pre-Trade War,False
2016-05-01,USA,Industrial Production,All,USA_Industrial_Output,INDPRO,98.4184,-0.22677943798843359,-2.448153056399993,Pre-Trade War,False
2016-06-01,USA,Industrial Production,All,USA_Industrial_Output,INDPRO,98.8833,0.4723710200531528,-1.678117946525337,Pre-Trade War,False
2016-07-01,USA,Industrial Production,All,USA_Industrial_Output,INDPRO,98.9992,0.11720887146766668,-2.196738284260069,Pre-Trade War,False
2016-08-01,USA,Industrial Production,All,USA_Industrial_Output,INDPRO,98.85,-0.15070828855183738,-2.164263084601936,Pre-Trade War,False
2016-09-01,USA,Industrial Production,All,USA_Industrial_Output,INDPRO,98.7457,-0.10551340414769461,-1.9939516469206886,Pre-Trade War,False
2016-10-01,USA,Industrial Production,All,USA_Industrial_Output,INDPRO,98.7611,0.015595615809083085,-1.5023811304759715,Pre-Trade War,False
2016-11-01,USA,Industrial Production,All,USA_Industrial_Output,INDPRO,98.3491,-0.417168298044468,-1.1862778785850958,Pre-Trade War,False
2016-12-01,USA,Industrial Production,All,USA_Industrial_Output,INDPRO,99.0214,0.6835853098808187,-0.02049641716570516,Pre-Trade War,False
2017-01-01,USA,Industrial Production,All,USA_Industrial_Output,INDPRO,98.7611,-0.2628724699913376,-0.8031281419274894,Pre-Trade War,False
2017-02-01,USA,Industrial Production,All,USA_Industrial_Output,INDPRO,98.3646,-0.4014738596471723,-0.6864591168616152,Pre-Trade War,False
2017-03-01,USA,Industrial Production,All,USA_Industrial_Output,INDPRO,99.0137,0.6598918716692825,0.7162067590550603,Pre-Trade War,False
2017-04-01,USA,Industrial Production,All,USA_Industrial_Output,INDPRO,100.0224,1.01874791064267,1.3993011097695573,Pre-Trade War,False
2017-05-01,USA,Industrial Production,All,USA_Industrial_Output,INDPRO,100.1408,0.11837348433949568,1.7500792534729248,Pre-Trade War,False
2017-06-01,USA,Industrial Production,All,USA_Industrial_Output,INDPRO,100.3471,0.20600993800727885,1.4803308546539107,Pre-Trade War,False
2017-07-01,USA,Industrial Production,All,USA_Industrial_Output,INDPRO,100.1068,-0.23946880378206137,1.1187969195710634,Pre-Trade War,False
2017-08-01,USA,Industrial Production,All,USA_Industrial_Output,INDPRO,99.6925,-0.41385799965637515,0.8523014668689877,Pre-Trade War,False
2017-09-01,USA,Industrial Production,All,USA_Industrial_Output,INDPRO,99.7954,0.10321739348497783,1.0630336308315114,Pre-Trade War,False
2017-10-01,USA,Industrial Production,All,USA_Industrial_Output,INDPRO,101.0247,1.231820304342679,2.2919955326540453,Pre-Trade War,False
2017-11-01,USA,Industrial Production,All,USA_Industrial_Output,INDPRO,101.2664,0.23924842142566405,2.9662701539719283,Pre-Trade War,False
2017-12-01,USA,Industrial Production,All,USA_Industrial_Output,INDPRO,101.4644,0.19552388551384858,2.467143465957866,Pre-Trade War,False
2018-01-01,USA,Industrial Production,All,USA_Industrial_Output,INDPRO,101.4625,-0.0018725779682204902,2.7352874765469437,Pre-Trade War,False
2018-02-01,USA,Industrial Production,All,USA_Industrial_Output,INDPRO,101.7085,0.24245410866083894,3.3994953469032696,Pre-Trade War,False
2018-03-01,USA,Industrial Production,All,USA_Industrial_Output,INDPRO,102.2067,0.4898312333777355,3.224806264183644,Trade War 1.0,False
2018-04-01,USA,Industrial Production,All,USA_Industrial_Output,INDPRO,103.3329,1.1018847101021745,3.309758614070435,Trade War 1.0,False
2018-05-01,USA,Industrial Production,All,USA_Industrial_Output,INDPRO,102.4024,-0.9004876472062606,2.2584201444366236,Trade War 1.0,False
2018-06-01,USA,Industrial Production,All,USA_Industrial_Output,INDPRO,103.198,0.7769349155879013,2.8410387544831828,Trade War 1.0,False
2018-07-01,USA,Industrial Production,All,USA_Industrial_Output,INDPRO,103.3646,0.1614372371557593,3.2543243815604805,Trade War 1.0,False
2018-08-01,USA,Industrial Production,All,USA_Industrial_Output,INDPRO,104.0327,0.6463528132455432,4.353587280888749,Trade War 1.0,False
2018-09-01,USA,Industrial Production,All,USA_Industrial_Output,INDPRO,104.1004,0.06507569254665668,4.313826088176409,Trade War 1.0,False
2018-10-01,USA,Industrial Production,All,USA_Industrial_Output,INDPRO,103.9856,-0.11027815455079137,2.930867401734427,Trade War 1.0,False
2018-11-01,USA,Industrial Production,All,USA_Industrial_Output,INDPRO,104.0681,0.0793379083257717,2.7666629800210174,Trade War 1.0,False
2018-12-01,USA,Industrial Production,All,USA_Industrial_Output,INDPRO,104.0936,0.02450318589461986,2.5912536810940523,Trade War 1.0,False
2019-01-01,USA,Industrial Production,All,USA_Industrial_Output,INDPRO,103.4021,-0.6643059707801324,1.9116422323518512,Trade War 1.0,False
2019-02-01,USA,Industrial Production,All,USA_Industrial_Output,INDPRO,102.8371,-0.5464105661296959,1.1096417703535089,Trade War 1.0,False
2019-03-01,USA,Industrial Production,All,USA_Industrial_Output,INDPRO,102.8757,0.037535091907470175,0.6545559146318158,Trade War 1.0,False
2019-04-01,USA,Industrial Production,All,USA_Industrial_Output,INDPRO,102.274,-0.584880588904857,-1.0247462328067725,Trade War 1.0,False
2019-05-01,USA,Industrial Production,All,USA_Industrial_Output,INDPRO,102.392,0.1153763419832865,-0.010156011968476264,Trade War 1.0,False
2019-06-01,USA,Industrial Production,All,USA_Industrial_Output,INDPRO,102.4375,0.04443706539574155,-0.7369328862962377,Trade War 1.0,False
2019-07-01,USA,Industrial Production,All,USA_Industrial_Output,INDPRO,101.9408,-0.4848810250152602,-1.3774541767684445,Trade War 1.0,False
2019-08-01,USA,Industrial Production,All,USA_Industrial_Output,INDPRO,102.639,0.6849073187575438,-1.3396749291328724,Trade War 1.0,False
2019-09-01,USA,Industrial Production,All,USA_Industrial_Output,INDPRO,102.2917,-0.3383704050117342,-1.7374573008364869,Trade War 1.0,False
2019-10-01,USA,Industrial Production,All,USA_Industrial_Output,INDPRO,101.4281,-0.8442522707120981,-2.4594751580988228,Trade War 1.0,False
2019-11-01,USA,Industrial Production,All,USA_Industrial_Output,INDPRO,101.9372,0.5019319103877651,-2.047601522464615,Trade War 1.0,False
2019-12-01,USA,Industrial Production,All,USA_Industrial_Output,INDPRO,101.7003,-0.23239798621111918,-2.2991807373363926,Trade War 1.0,False
2020-01-01,USA,Industrial Production,All,USA_Industrial_Output,INDPRO,101.0338,-0.6553569655153413,-2.290379015513233,Trade War 1.0,False
2020-02-01,USA,Industrial Production,All,USA_Industrial_Output,INDPRO,101.3735,0.3362241150981271,-1.4232217750208775,Phase 1 + COVID,False
2020-03-01,USA,Industrial Production,All,USA_Industrial_Output,INDPRO,97.4078,-3.9119691043517424,-5.315054964389065,Phase 1 + COVID,False
2020-04-01,USA,Industrial Production,All,USA_Industrial_Output,INDPRO,84.5619,-13.187752931490081,-17.318282261376304,Phase 1 + COVID,False
2020-05-01,USA,Industrial Production,All,USA_Industrial_Output,INDPRO,85.9604,1.6538180906531252,-16.047738104539413,Phase 1 + COVID,False
2020-06-01,USA,Industrial Production,All,USA_Industrial_Output,INDPRO,91.5934,6.553017435935615,-10.586064673581452,Phase 1 + COVID,False
2020-07-01,USA,Industrial Production,All,USA_Industrial_Output,INDPRO,95.0256,3.7472132271539227,-6.783544959427434,Phase 1 + COVID,False
2020-08-01,USA,Industrial Production,All,USA_Industrial_Output,INDPRO,95.9549,0.9779469953359987,-6.512241935326724,Phase 1 + COVID,False
2020-09-01,USA,Industrial Production,All,USA_Industrial_Output,INDPRO,95.9669,0.0125058751559326,-6.183101854793705,Phase 1 + COVID,False
2020-10-01,USA,Industrial Production,All,USA_Industrial_Output,INDPRO,96.7394,0.8049650452395696,-4.622683457542831,Phase 1 + COVID,False
2020-11-01,USA,Industrial Production,All,USA_Industrial_Output,INDPRO,97.0816,0.3537338457753503,-4.763324870606622,Phase 1 + COVID,False
2020-12-01,USA,Industrial Production,All,USA_Industrial_Output,INDPRO,98.363,1.319920561671828,-3.28150457766595,Phase 1 + COVID,False
2021-01-01,USA,Industrial Production,All,USA_Industrial_Output,INDPRO,98.8822,0.5278407531287055,-2.1295843569181794,Phase 1 + COVID,False
2021-02-01,USA,Industrial Production,All,USA_Industrial_Output,INDPRO,95.6149,-3.3042347358776314,-5.680577271180343,Phase 1 + COVID,False
2021-03-01,USA,Industrial Production,All,USA_Industrial_Output,INDPRO,98.3856,2.8977701174189185,1.0038210492383515,Phase 1 + COVID,False
2021-04-01,USA,Industrial Production,All,USA_Industrial_Output,INDPRO,98.5587,0.17594038151924618,16.55213518144698,Phase 1 + COVID,False
2021-05-01,USA,Industrial Production,All,USA_Industrial_Output,INDPRO,99.4333,0.8873899513690775,15.673379835366053,Phase 1 + COVID,False
2021-06-01,USA,Industrial Production,All,USA_Industrial_Output,INDPRO,99.7987,0.3674825234604384,8.958396565691418,Phase 1 + COVID,False
2021-07-01,USA,Industrial Production,All,USA_Industrial_Output,INDPRO,100.2519,0.4541141317472075,5.4998863464161385,Phase 1 + COVID,False
2021-08-01,USA,Industrial Production,All,USA_Industrial_Output,INDPRO,100.0437,-0.2076768619846625,4.261168528131454,Phase 1 + COVID,False
2021-09-01,USA,Industrial Production,All,USA_Industrial_Output,INDPRO,98.8579,-1.1852820317521218,3.0124970172007215,Phase 1 + COVID,False
2021-10-01,USA,Industrial Production,All,USA_Industrial_Output,INDPRO,100.1861,1.3435446231408799,3.5628709708763973,Phase 1 + COVID,False
2021-11-01,USA,Industrial Production,All,USA_Industrial_Output,INDPRO,100.8654,0.678038170963835,3.897545981936834,Phase 1 + COVID,False
2021-12-01,USA,Industrial Production,All,USA_Industrial_Output,INDPRO,100.5726,-0.2902878489551397,2.2463731281071153,Phase 1 + COVID,False
2022-01-01,USA,Industrial Production,All,USA_Industrial_Output,INDPRO,100.1856,-0.3847966543571557,1.3181341030033655,Phase 1 + COVID,False
2022-02-01,USA,Industrial Production,All,USA_Industrial_Output,INDPRO,100.8064,0.6196499297304259,5.429593086433182,Phase 1 + COVID,False
2022-03-01,USA,Industrial Production,All,USA_Industrial_Output,INDPRO,101.3907,0.5796258967684542,3.0544104015221674,Phase 1 + COVID,False
2022-04-01,USA,Industrial Production,All,USA_Industrial_Output,INDPRO,101.44,0.0486237889668395,2.923435475508507,Phase 1 + COVID,False
2022-05-01,USA,Industrial Production,All,USA_Industrial_Output,INDPRO,101.3335,-0.10498817034699792,1.9110298059100916,Phase 1 + COVID,False
2022-06-01,USA,Industrial Production,All,USA_Industrial_Output,INDPRO,101.018,-0.31134817212471466,1.2217594016755706,Phase 1 + COVID,False
2022-07-01,USA,Industrial Production,All,USA_Industrial_Output,INDPRO,101.223,0.2029341305509913,0.968659945597028,Phase 1 + COVID,False
2022-08-01,USA,Industrial Production,All,USA_Industrial_Output,INDPRO,101.0963,-0.12516918091738383,1.0521402147261716,Phase 1 + COVID,False
2022-09-01,USA,Industrial Production,All,USA_Industrial_Output,INDPRO,101.2918,0.19337997533044327,2.462018715752601,Phase 1 + COVID,False
2022-10-01,USA,Industrial Production,All,USA_Industrial_Output,INDPRO,101.2529,-0.03840389843995373,1.0648183730078253,Phase 1 + COVID,False
2022-11-01,USA,Industrial Production,All,USA_Industrial_Output,INDPRO,100.9552,-0.29401627015126497,0.08902953837490735,Phase 1 + COVID,False
2022-12-01,USA,Industrial Production,All,USA_Industrial_Output,INDPRO,99.7664,-1.1775520230755787,-0.8016099812473643,Phase 1 + COVID,False
2023-01-01,USA,Industrial Production,All,USA_Industrial_Output,INDPRO,100.505,0.7403294095005952,0.3188082918103907,Phase 1 + COVID,False
2023-02-01,USA,Industrial Production,All,USA_Industrial_Output,INDPRO,100.6416,0.13591363613749685,-0.1634816837026265,Phase 1 + COVID,False
2023-03-01,USA,Industrial Production,All,USA_Industrial_Output,INDPRO,101.0205,0.3764844756045216,-0.36512224493961964,Phase 1 + COVID,False
2023-04-01,USA,Industrial Production,All,USA_Industrial_Output,INDPRO,101.253,0.23015130592305422,-0.1843454258675048,Phase 1 + COVID,False
2023-05-01,USA,Industrial Production,All,USA_Industrial_Output,INDPRO,100.9286,-0.32038556882264535,-0.39957171123073953,Phase 1 + COVID,False
2023-06-01,USA,Industrial Production,All,USA_Industrial_Output,INDPRO,100.1196,-0.8015567440745164,-0.8893464531073647,Phase 1 + COVID,False
2023-07-01,USA,Industrial Production,All,USA_Industrial_Output,INDPRO,100.9067,0.786159752935478,-0.31247838929887584,Phase 1 + COVID,False
2023-08-01,USA,Industrial Production,All,USA_Industrial_Output,INDPRO,100.8393,-0.06679437539827138,-0.25421306219911566,Phase 1 + COVID,False
2023-09-01,USA,Industrial Production,All,USA_Industrial_Output,INDPRO,101.0211,0.18028685244741993,-0.2672476942852109,Phase 1 + COVID,False
2023-10-01,USA,Industrial Production,All,USA_Industrial_Output,INDPRO,100.4689,-0.5466184787138562,-0.7742988102069082,Phase 1 + COVID,False
2023-11-01,USA,Industrial Production,All,USA_Industrial_Output,INDPRO,100.8639,0.39315648922202406,-0.09043615385835313,Phase 1 + COVID,False
2023-12-01,USA,Industrial Production,All,USA_Industrial_Output,INDPRO,100.6031,-0.25856624619908786,0.8386591076755323,Phase 1 + COVID,False
2024-01-01,USA,Industrial Production,All,USA_Industrial_Output,INDPRO,99.2223,-1.3725223179007373,-1.2762549126908995,Phase 1 + COVID,False
2024-02-01,USA,Industrial Production,All,USA_Industrial_Output,INDPRO,100.285,1.0710293956096573,-0.3543266402759926,Phase 1 + COVID,False
2024-03-01,USA,Industrial Production,All,USA_Industrial_Output,INDPRO,100.4575,0.17200977214937296,-0.557312624665296,Phase 1 + COVID,False
2024-04-01,USA,Industrial Production,All,USA_Industrial_Output,INDPRO,100.2434,-0.2131249533384838,-0.9971062585799939,Phase 1 + COVID,False
2024-05-01,USA,Industrial Production,All,USA_Industrial_Output,INDPRO,100.863,0.6180955554181189,-0.06499644303002983,Phase 1 + COVID,False
2024-06-01,USA,Industrial Production,All,USA_Industrial_Output,INDPRO,100.894,0.030734759029571457,0.7734749239909133,Phase 1 + COVID,False
2024-07-01,USA,Industrial Production,All,USA_Industrial_Output,INDPRO,99.9757,-0.9101631415148637,-0.9226344732312097,Phase 1 + COVID,False
2024-08-01,USA,Industrial Production,All,USA_Industrial_Output,INDPRO,100.4309,0.45531064048562886,-0.4050008280501727,Phase 1 + COVID,False
2024-09-01,USA,Industrial Production,All,USA_Industrial_Output,INDPRO,99.8084,-0.619829156166074,-1.2004422838397089,Phase 1 + COVID,False
2024-10-01,USA,Industrial Production,All,USA_Industrial_Output,INDPRO,99.4695,-0.33955057890919793,-0.9947356843759692,Phase 1 + COVID,False
2024-11-01,USA,Industrial Production,All,USA_Industrial_Output,INDPRO,99.2925,-0.17794399288223461,-1.5579409481489392,Phase 1 + COVID,False
2024-12-01,USA,Industrial Production,All,USA_Industrial_Output,INDPRO,100.3273,1.0421733766397212,-0.2741466217243804,Phase 1 + COVID,False
2025-01-01,USA,Industrial Production,All,USA_Industrial_Output,INDPRO,100.0647,-0.261743314132834,0.849002693950851,Trade War 2.0,False
2025-02-01,USA,Industrial Production,All,USA_Industrial_Output,INDPRO,101.0993,1.033931046612846,0.8119858403550007,Trade War 2.0,False
2025-03-01,USA,Industrial Production,All,USA_Industrial_Output,INDPRO,101.0404,-0.05825955273676131,0.5802453773984029,Trade War 2.0,False
2025-04-01,USA,Industrial Production,All,USA_Industrial_Output,INDPRO,101.1279,0.08659902375682815,0.8823523543694645,Trade War 2.0,False
2025-05-01,USA,Industrial Production,All,USA_Industrial_Output,INDPRO,100.9655,-0.16058871982903566,0.10162299356553106,Trade War 2.0,True
2025-06-01,USA,Industrial Production,All,USA_Industrial_Output,INDPRO,101.4785,0.5080943490598289,0.5793208714095943,Trade War 2.0,True
2025-07-01,USA,Industrial Production,All,USA_Industrial_Output,INDPRO,101.894,0.4094463359233913,1.9187662602012212,Trade War 2.0,True
2025-08-01,USA,Industrial Production,All,USA_Industrial_Output,INDPRO,101.6247,-0.26429426659076993,1.1886779865559305,Trade War 2.0,True
2025-09-01,USA,Industrial Production,All,USA_Industrial_Output,INDPRO,101.668,0.04260775185560561,1.8631698334008018,Trade War 2.0,True
2025-10-01,USA,Industrial Production,All,USA_Industrial_Output,INDPRO,101.2195,-0.44114175551797086,1.7593332629600056,Trade War 2.0,True
2025-11-01,USA,Industrial Production,All,USA_Industrial_Output,INDPRO,101.081,-0.1368313417869027,1.801243799884178,Trade War 2.0,True
2025-12-01,USA,Industrial Production,All,USA_Industrial_Output,INDPRO,101.6113,0.5246287630711999,1.2798111780143673,Trade War 2.0,True
2026-01-01,USA,Industrial Production,All,USA_Industrial_Output,INDPRO,101.5954,-0.015647865936174732,1.52971027745048,Trade War 2.0,True
2026-02-01,USA,Industrial Production,All,USA_Industrial_Output,INDPRO,102.344,0.7368443846867079,1.2311657944219068,Trade War 2.0,True
2026-03-01,USA,Industrial Production,All,USA_Industrial_Output,INDPRO,101.7898,-0.5415070741811912,0.7416835246099485,Trade War 2.0,True
2015-01-01,USA,Industrial Production,Manufacturing,USA_Manufacturing,IPMAN,100.7857,,,Pre-Trade War,False
2015-02-01,USA,Industrial Production,Manufacturing,USA_Manufacturing,IPMAN,100.0389,-0.7409781347949229,,Pre-Trade War,False
2015-03-01,USA,Industrial Production,Manufacturing,USA_Manufacturing,IPMAN,100.3616,0.32257451851229746,,Pre-Trade War,False
2015-04-01,USA,Industrial Production,Manufacturing,USA_Manufacturing,IPMAN,100.3447,-0.016839109779032135,,Pre-Trade War,False
2015-05-01,USA,Industrial Production,Manufacturing,USA_Manufacturing,IPMAN,100.3722,0.027405533127322634,,Pre-Trade War,False
2015-06-01,USA,Industrial Production,Manufacturing,USA_Manufacturing,IPMAN,99.9743,-0.3964245079812967,,Pre-Trade War,False
2015-07-01,USA,Industrial Production,Manufacturing,USA_Manufacturing,IPMAN,100.7102,0.7360891749179643,,Pre-Trade War,False
2015-08-01,USA,Industrial Production,Manufacturing,USA_Manufacturing,IPMAN,100.4099,-0.2981823092397806,,Pre-Trade War,False
2015-09-01,USA,Industrial Production,Manufacturing,USA_Manufacturing,IPMAN,100.1731,-0.2358333192244877,,Pre-Trade War,False
2015-10-01,USA,Industrial Production,Manufacturing,USA_Manufacturing,IPMAN,100.0112,-0.16162023537257264,,Pre-Trade War,False
2015-11-01,USA,Industrial Production,Manufacturing,USA_Manufacturing,IPMAN,99.7327,-0.27846881149311553,,Pre-Trade War,False
2015-12-01,USA,Industrial Production,Manufacturing,USA_Manufacturing,IPMAN,99.4727,-0.2606968426604239,,Pre-Trade War,False
2016-01-01,USA,Industrial Production,Manufacturing,USA_Manufacturing,IPMAN,99.9002,0.42976615694556575,-0.8785968644361319,Pre-Trade War,False
2016-02-01,USA,Industrial Production,Manufacturing,USA_Manufacturing,IPMAN,99.569,-0.33153086780606245,-0.469717279978088,Pre-Trade War,False
2016-03-01,USA,Industrial Production,Manufacturing,USA_Manufacturing,IPMAN,99.5203,-0.04891080557201111,-0.8382688199470634,Pre-Trade War,False
2016-04-01,USA,Industrial Production,Manufacturing,USA_Manufacturing,IPMAN,99.4128,-0.10801816312853152,-0.9286987753214682,Pre-Trade War,False
2016-05-01,USA,Industrial Production,Manufacturing,USA_Manufacturing,IPMAN,99.334,-0.07926544670303626,-1.0343501487463658,Pre-Trade War,False
2016-06-01,USA,Industrial Production,Manufacturing,USA_Manufacturing,IPMAN,99.5908,0.2585217548875418,-0.3835985848362977,Pre-Trade War,False
2016-07-01,USA,Industrial Production,Manufacturing,USA_Manufacturing,IPMAN,99.6224,0.03172983849912825,-1.0801289243790646,Pre-Trade War,False
2016-08-01,USA,Industrial Production,Manufacturing,USA_Manufacturing,IPMAN,99.1988,-0.42520557625593813,-1.2061559666925126,Pre-Trade War,False
2016-09-01,USA,Industrial Production,Manufacturing,USA_Manufacturing,IPMAN,99.3936,0.1963733432259307,-0.7781530171273476,Pre-Trade War,False
2016-10-01,USA,Industrial Production,Manufacturing,USA_Manufacturing,IPMAN,99.4863,0.093265562370215,-0.5248412177836115,Pre-Trade War,False
2016-11-01,USA,Industrial Production,Manufacturing,USA_Manufacturing,IPMAN,99.3724,-0.1144881255007002,-0.36126566311750485,Pre-Trade War,False
2016-12-01,USA,Industrial Production,Manufacturing,USA_Manufacturing,IPMAN,99.3843,0.011975156079557792,-0.08886860414968334,Pre-Trade War,False
2017-01-01,USA,Industrial Production,Manufacturing,USA_Manufacturing,IPMAN,99.5441,0.16078998393107558,-0.35645574283134085,Pre-Trade War,False
2017-02-01,USA,Industrial Production,Manufacturing,USA_Manufacturing,IPMAN,99.4265,-0.11813859384935954,-0.1431168335526145,Pre-Trade War,False
2017-03-01,USA,Industrial Production,Manufacturing,USA_Manufacturing,IPMAN,99.1019,-0.32647231874802785,-0.42041673909745114,Pre-Trade War,False
2017-04-01,USA,Industrial Production,Manufacturing,USA_Manufacturing,IPMAN,100.3189,1.228028927800584,0.911452046416561,Pre-Trade War,False
2017-05-01,USA,Industrial Production,Manufacturing,USA_Manufacturing,IPMAN,100.1472,-0.17115418929035675,0.8186522238105676,Pre-Trade War,False
2017-06-01,USA,Industrial Production,Manufacturing,USA_Manufacturing,IPMAN,100.1949,0.04762988880369079,0.6065821340927036,Pre-Trade War,False
2017-07-01,USA,Industrial Production,Manufacturing,USA_Manufacturing,IPMAN,99.8077,-0.38644681515727086,0.18600234485417477,Pre-Trade War,False
2017-08-01,USA,Industrial Production,Manufacturing,USA_Manufacturing,IPMAN,99.6412,-0.16682079639146474,0.4459731367718156,Pre-Trade War,False
2017-09-01,USA,Industrial Production,Manufacturing,USA_Manufacturing,IPMAN,99.6858,0.0447606010365309,0.2939827111604787,Pre-Trade War,False
2017-10-01,USA,Industrial Production,Manufacturing,USA_Manufacturing,IPMAN,100.7464,1.0639429086188645,1.2666065578878616,Pre-Trade War,False
2017-11-01,USA,Industrial Production,Manufacturing,USA_Manufacturing,IPMAN,100.8253,0.07831545345542423,1.462075988906375,Pre-Trade War,False
2017-12-01,USA,Industrial Production,Manufacturing,USA_Manufacturing,IPMAN,100.5601,-0.2630292198485873,1.1830842497255745,Pre-Trade War,False
2018-01-01,USA,Industrial Production,Manufacturing,USA_Manufacturing,IPMAN,100.2412,-0.3171237896541501,0.7002926341189486,Pre-Trade War,False
2018-02-01,USA,Industrial Production,Manufacturing,USA_Manufacturing,IPMAN,101.1146,0.8712984281912028,1.6978370957440925,Pre-Trade War,False
2018-03-01,USA,Industrial Production,Manufacturing,USA_Manufacturing,IPMAN,101.06,-0.05399813676758569,1.9758450645245063,Trade War 1.0,False
2018-04-01,USA,Industrial Production,Manufacturing,USA_Manufacturing,IPMAN,101.8116,0.7437166039976129,1.4879549117863045,Trade War 1.0,False
2018-05-01,USA,Industrial Production,Manufacturing,USA_Manufacturing,IPMAN,100.9887,-0.8082576052237722,0.8402631326687171,Trade War 1.0,False
2018-06-01,USA,Industrial Production,Manufacturing,USA_Manufacturing,IPMAN,101.7103,0.7145353886127914,1.5124522306025456,Trade War 1.0,False
2018-07-01,USA,Industrial Production,Manufacturing,USA_Manufacturing,IPMAN,101.7704,0.0590893940928261,1.9664815440091354,Trade War 1.0,False
2018-08-01,USA,Industrial Production,Manufacturing,USA_Manufacturing,IPMAN,102.0029,0.2284554251530846,2.3702042930032974,Trade War 1.0,False
2018-09-01,USA,Industrial Production,Manufacturing,USA_Manufacturing,IPMAN,102.0449,0.041175299917939334,2.3665356550280903,Trade War 1.0,False
2018-10-01,USA,Industrial Production,Manufacturing,USA_Manufacturing,IPMAN,101.6625,-0.37473700302513846,0.9093128885995005,Trade War 1.0,False
2018-11-01,USA,Industrial Production,Manufacturing,USA_Manufacturing,IPMAN,101.403,-0.25525636296568344,0.5729712681241894,Trade War 1.0,False
2018-12-01,USA,Industrial Production,Manufacturing,USA_Manufacturing,IPMAN,101.769,0.36093606698026637,1.202166664512072,Trade War 1.0,False
2019-01-01,USA,Industrial Production,Manufacturing,USA_Manufacturing,IPMAN,100.8777,-0.8758069746189867,0.6349684560839286,Trade War 1.0,False
2019-02-01,USA,Industrial Production,Manufacturing,USA_Manufacturing,IPMAN,100.2878,-0.5847674956903304,-0.8176860710520484,Trade War 1.0,False
2019-03-01,USA,Industrial Production,Manufacturing,USA_Manufacturing,IPMAN,100.0465,-0.24060753152428394,-1.0028695824262912,Trade War 1.0,False
2019-04-01,USA,Industrial Production,Manufacturing,USA_Manufacturing,IPMAN,99.4028,-0.643400818619333,-2.365938655320221,Trade War 1.0,False
2019-05-01,USA,Industrial Production,Manufacturing,USA_Manufacturing,IPMAN,99.3987,-0.004124632304114417,-1.574433575241574,Trade War 1.0,False
2019-06-01,USA,Industrial Production,Manufacturing,USA_Manufacturing,IPMAN,99.7717,0.3752564168344241,-1.9060016537164937,Trade War 1.0,False
2019-07-01,USA,Industrial Production,Manufacturing,USA_Manufacturing,IPMAN,99.0618,-0.7115244102285367,-2.6614811379340075,Trade War 1.0,False
2019-08-01,USA,Industrial Production,Manufacturing,USA_Manufacturing,IPMAN,99.7154,0.6597901511985471,-2.2425832991022743,Trade War 1.0,False
2019-09-01,USA,Industrial Production,Manufacturing,USA_Manufacturing,IPMAN,98.9031,-0.8146184039777293,-3.078840784791792,Trade War 1.0,False
2019-10-01,USA,Industrial Production,Manufacturing,USA_Manufacturing,IPMAN,98.0889,-0.8232300099794698,-3.515160457395794,Trade War 1.0,False
2019-11-01,USA,Industrial Production,Manufacturing,USA_Manufacturing,IPMAN,98.9065,0.8335295838774792,-2.4619587191700543,Trade War 1.0,False
2019-12-01,USA,Industrial Production,Manufacturing,USA_Manufacturing,IPMAN,98.9568,0.050856111580133145,-2.763316923621151,Trade War 1.0,False
2020-01-01,USA,Industrial Production,Manufacturing,USA_Manufacturing,IPMAN,98.6069,-0.3535886366576202,-2.2510425991076444,Trade War 1.0,False
2020-02-01,USA,Industrial Production,Manufacturing,USA_Manufacturing,IPMAN,98.8309,0.22716463046703605,-1.4527190745035834,Phase 1 + COVID,False
2020-03-01,USA,Industrial Production,Manufacturing,USA_Manufacturing,IPMAN,94.3639,-4.51984146658585,-5.679958819149089,Phase 1 + COVID,False
2020-04-01,USA,Industrial Production,Manufacturing,USA_Manufacturing,IPMAN,79.8587,-15.371556283705957,-19.661518589013593,Phase 1 + COVID,False
2020-05-01,USA,Industrial Production,Manufacturing,USA_Manufacturing,IPMAN,83.4204,4.46000247937921,-16.074958726824395,Phase 1 + COVID,False
2020-06-01,USA,Industrial Production,Manufacturing,USA_Manufacturing,IPMAN,89.9764,7.858988928367627,-9.817713840698318,Phase 1 + COVID,False
2020-07-01,USA,Industrial Production,Manufacturing,USA_Manufacturing,IPMAN,93.2857,3.6779644440097625,-5.830804608840134,Phase 1 + COVID,False
2020-08-01,USA,Industrial Production,Manufacturing,USA_Manufacturing,IPMAN,94.6243,1.434946620971922,-5.105630624758062,Phase 1 + COVID,False
2020-09-01,USA,Industrial Production,Manufacturing,USA_Manufacturing,IPMAN,94.5995,-0.026208912509784188,-4.351329735872778,Phase 1 + COVID,False
2020-10-01,USA,Industrial Production,Manufacturing,USA_Manufacturing,IPMAN,95.5707,1.0266439040375497,-2.567262962475869,Phase 1 + COVID,False
2020-11-01,USA,Industrial Production,Manufacturing,USA_Manufacturing,IPMAN,96.0944,0.5479712924567837,-2.8431902857749547,Phase 1 + COVID,False
2020-12-01,USA,Industrial Production,Manufacturing,USA_Manufacturing,IPMAN,96.8555,0.7920336668942429,-2.123451849696023,Phase 1 + COVID,False
2021-01-01,USA,Industrial Production,Manufacturing,USA_Manufacturing,IPMAN,97.7998,0.974957539840271,-0.8185025591515349,Phase 1 + COVID,False
2021-02-01,USA,Industrial Production,Manufacturing,USA_Manufacturing,IPMAN,93.7406,-4.1505197352141865,-5.150514666971562,Phase 1 + COVID,False
2021-03-01,USA,Industrial Production,Manufacturing,USA_Manufacturing,IPMAN,96.6782,3.1337542110889016,2.4525268667361155,Phase 1 + COVID,False
2021-04-01,USA,Industrial Production,Manufacturing,USA_Manufacturing,IPMAN,96.8939,0.22311131154697517,21.33167707463308,Phase 1 + COVID,False
2021-05-01,USA,Industrial Production,Manufacturing,USA_Manufacturing,IPMAN,97.9551,1.0952185844516515,17.423435994073387,Phase 1 + COVID,False
2021-06-01,USA,Industrial Production,Manufacturing,USA_Manufacturing,IPMAN,97.9706,0.01582357631200182,8.884774229686897,Phase 1 + COVID,False
2021-07-01,USA,Industrial Production,Manufacturing,USA_Manufacturing,IPMAN,98.8487,0.8962892949517354,5.963400606952596,Phase 1 + COVID,False
2021-08-01,USA,Industrial Production,Manufacturing,USA_Manufacturing,IPMAN,98.2683,-0.58715997276646,3.851019241357645,Phase 1 + COVID,False
2021-09-01,USA,Industrial Production,Manufacturing,USA_Manufacturing,IPMAN,97.0654,-1.2240976998686204,2.606673396793835,Phase 1 + COVID,False
2021-10-01,USA,Industrial Production,Manufacturing,USA_Manufacturing,IPMAN,98.4333,1.4092560273794907,2.9952694706641303,Phase 1 + COVID,False
2021-11-01,USA,Industrial Production,Manufacturing,USA_Manufacturing,IPMAN,99.0146,0.5905521810200431,3.038886761351356,Phase 1 + COVID,False
2021-12-01,USA,Industrial Production,Manufacturing,USA_Manufacturing,IPMAN,98.897,-0.11877036315856015,2.10777911424751,Phase 1 + COVID,False
2022-01-01,USA,Industrial Production,Manufacturing,USA_Manufacturing,IPMAN,97.9535,-0.9540228722812572,0.15715778559874938,Phase 1 + COVID,False
2022-02-01,USA,Industrial Production,Manufacturing,USA_Manufacturing,IPMAN,98.5223,0.5806836917517044,5.10099145941032,Phase 1 + COVID,False
2022-03-01,USA,Industrial Production,Manufacturing,USA_Manufacturing,IPMAN,98.9704,0.4548208882658944,2.370958499434206,Phase 1 + COVID,False
2022-04-01,USA,Industrial Production,Manufacturing,USA_Manufacturing,IPMAN,98.9204,-0.050520155521238674,2.091462930070942,Phase 1 + COVID,False
2022-05-01,USA,Industrial Production,Manufacturing,USA_Manufacturing,IPMAN,98.4799,-0.44530754020404295,0.5357556676477193,Phase 1 + COVID,False
2022-06-01,USA,Industrial Production,Manufacturing,USA_Manufacturing,IPMAN,97.9383,-0.5499599410641154,-0.03296907439579444,Phase 1 + COVID,False
2022-07-01,USA,Industrial Production,Manufacturing,USA_Manufacturing,IPMAN,98.0214,0.08484933881842682,-0.8369356400235839,Phase 1 + COVID,False
2022-08-01,USA,Industrial Production,Manufacturing,USA_Manufacturing,IPMAN,98.0019,-0.019893615067723136,-0.2710945442222834,Phase 1 + COVID,False
2022-09-01,USA,Industrial Production,Manufacturing,USA_Manufacturing,IPMAN,97.9936,-0.00846922355587365,0.9562624786999319,Phase 1 + COVID,False
2022-10-01,USA,Industrial Production,Manufacturing,USA_Manufacturing,IPMAN,98.239,0.25042451751950967,-0.19739254906622206,Phase 1 + COVID,False
2022-11-01,USA,Industrial Production,Manufacturing,USA_Manufacturing,IPMAN,97.4555,-0.7975447632813881,-1.5746162687118925,Phase 1 + COVID,False
2022-12-01,USA,Industrial Production,Manufacturing,USA_Manufacturing,IPMAN,95.7545,-1.7454120085577562,-3.1775483583930897,Phase 1 + COVID,False
2023-01-01,USA,Industrial Production,Manufacturing,USA_Manufacturing,IPMAN,97.4332,1.7531290957605083,-0.5311704022827213,Phase 1 + COVID,False
2023-02-01,USA,Industrial Production,Manufacturing,USA_Manufacturing,IPMAN,97.4821,0.0501882315268265,-1.055801579946869,Phase 1 + COVID,False
2023-03-01,USA,Industrial Production,Manufacturing,USA_Manufacturing,IPMAN,96.8552,-0.6430924241476177,-2.1372046591708216,Phase 1 + COVID,False
2023-04-01,USA,Industrial Production,Manufacturing,USA_Manufacturing,IPMAN,97.7738,0.9484261041224462,-1.1591137925038741,Phase 1 + COVID,False
2023-05-01,USA,Industrial Production,Manufacturing,USA_Manufacturing,IPMAN,97.5956,-0.18225741456299183,-0.8979497339050901,Phase 1 + COVID,False
2023-06-01,USA,Industrial Production,Manufacturing,USA_Manufacturing,IPMAN,96.9217,-0.6905024406838045,-1.0380004553887434,Phase 1 + COVID,False
2023-07-01,USA,Industrial Production,Manufacturing,USA_Manufacturing,IPMAN,97.3075,0.3980532739314313,-0.7283103485565379,Phase 1 + COVID,False
2023-08-01,USA,Industrial Production,Manufacturing,USA_Manufacturing,IPMAN,97.2654,-0.04326490763816304,-0.7515160420359268,Phase 1 + COVID,False
2023-09-01,USA,Industrial Production,Manufacturing,USA_Manufacturing,IPMAN,97.3037,0.03937679791581328,-0.7040255690167418,Phase 1 + COVID,False
2023-10-01,USA,Industrial Production,Manufacturing,USA_Manufacturing,IPMAN,96.786,-0.532045544002957,-1.4790460000610794,Phase 1 + COVID,False
2023-11-01,USA,Industrial Production,Manufacturing,USA_Manufacturing,IPMAN,97.2483,0.4776517264893698,-0.21260985783254638,Phase 1 + COVID,False
2023-12-01,USA,Industrial Production,Manufacturing,USA_Manufacturing,IPMAN,97.2445,-0.003907523319168771,1.5560626393537724,Phase 1 + COVID,False
2024-01-01,USA,Industrial Production,Manufacturing,USA_Manufacturing,IPMAN,95.7457,-1.5412696862033393,-1.7319558425670123,Phase 1 + COVID,False
2024-02-01,USA,Industrial Production,Manufacturing,USA_Manufacturing,IPMAN,96.9553,1.2633465523778087,-0.5404069054729121,Phase 1 + COVID,False
2024-03-01,USA,Industrial Production,Manufacturing,USA_Manufacturing,IPMAN,97.0896,0.13851744051125436,0.24201075419802986,Phase 1 + COVID,False
2024-04-01,USA,Industrial Production,Manufacturing,USA_Manufacturing,IPMAN,96.564,-0.5413556137835673,-1.2373457920219932,Phase 1 + COVID,False
2024-05-01,USA,Industrial Production,Manufacturing,USA_Manufacturing,IPMAN,97.1046,0.5598359637132067,-0.503096451069518,Phase 1 + COVID,False
2024-06-01,USA,Industrial Production,Manufacturing,USA_Manufacturing,IPMAN,96.9264,-0.18351344838453132,0.0048492752396933625,Phase 1 + COVID,False
2024-07-01,USA,Industrial Production,Manufacturing,USA_Manufacturing,IPMAN,96.1663,-0.7842032717608305,-1.1727770212984545,Phase 1 + COVID,False
2024-08-01,USA,Industrial Production,Manufacturing,USA_Manufacturing,IPMAN,96.6244,0.4763623015547003,-0.659021604804999,Phase 1 + COVID,False
2024-09-01,USA,Industrial Production,Manufacturing,USA_Manufacturing,IPMAN,96.0864,-0.5567951780295677,-1.2510315640618108,Phase 1 + COVID,False
2024-10-01,USA,Industrial Production,Manufacturing,USA_Manufacturing,IPMAN,95.4449,-0.6676283011955886,-1.3856342859504434,Phase 1 + COVID,False
2024-11-01,USA,Industrial Production,Manufacturing,USA_Manufacturing,IPMAN,95.7246,0.29304865948833747,-1.5668140214276316,Phase 1 + COVID,False
2024-12-01,USA,Industrial Production,Manufacturing,USA_Manufacturing,IPMAN,96.1524,0.4469070646416995,-1.1230455192838718,Phase 1 + COVID,False
2025-01-01,USA,Industrial Production,Manufacturing,USA_Manufacturing,IPMAN,95.7673,-0.4005100236707526,0.022559759863893802,Trade War 2.0,False
2025-02-01,USA,Industrial Production,Manufacturing,USA_Manufacturing,IPMAN,96.9554,1.2406113569036537,0.00010314031311242644,Trade War 2.0,False
2025-03-01,USA,Industrial Production,Manufacturing,USA_Manufacturing,IPMAN,97.3898,0.44804105805349437,0.3091989255285643,Trade War 2.0,False
2025-04-01,USA,Industrial Production,Manufacturing,USA_Manufacturing,IPMAN,97.3314,-0.059965211962642595,0.7947061016527979,Trade War 2.0,False
2025-05-01,USA,Industrial Production,Manufacturing,USA_Manufacturing,IPMAN,97.2482,-0.08548114996804745,0.1478817687318612,Trade War 2.0,True
2025-06-01,USA,Industrial Production,Manufacturing,USA_Manufacturing,IPMAN,97.5794,0.3405718563428417,0.6737070602023776,Trade War 2.0,True
2025-07-01,USA,Industrial Production,Manufacturing,USA_Manufacturing,IPMAN,98.0693,0.5020526873499742,1.9788636975738738,Trade War 2.0,True
2025-08-01,USA,Industrial Production,Manufacturing,USA_Manufacturing,IPMAN,98.084,0.014989400352605209,1.5105915276058646,Trade War 2.0,True
2025-09-01,USA,Industrial Production,Manufacturing,USA_Manufacturing,IPMAN,98.0473,-0.03741690795644459,2.040767475938332,Trade War 2.0,True
2025-10-01,USA,Industrial Production,Manufacturing,USA_Manufacturing,IPMAN,97.2128,-0.8511198166599288,1.8522728820502765,Trade War 2.0,True
2025-11-01,USA,Industrial Production,Manufacturing,USA_Manufacturing,IPMAN,97.2113,-0.0015430066822585964,1.553101292666681,Trade War 2.0,True
2025-12-01,USA,Industrial Production,Manufacturing,USA_Manufacturing,IPMAN,97.2083,-0.0030860609826266483,1.098152516213835,Trade War 2.0,True
2026-01-01,USA,Industrial Production,Manufacturing,USA_Manufacturing,IPMAN,97.8295,0.6390400819683117,2.153344617630437,Trade War 2.0,True
2026-02-01,USA,Industrial Production,Manufacturing,USA_Manufacturing,IPMAN,98.159,0.33681047127911423,1.2413955282531974,Trade War 2.0,True
2026-03-01,USA,Industrial Production,Manufacturing,USA_Manufacturing,IPMAN,97.995,-0.16707586670605679,0.6214203130102014,Trade War 2.0,True
2015-01-01,USA,Consumer Sentiment,Michigan Survey,USA_Consumer_Sentiment,UMCSENT,98.1,,,Pre-Trade War,False
2015-02-01,USA,Consumer Sentiment,Michigan Survey,USA_Consumer_Sentiment,UMCSENT,95.4,-2.752293577981635,,Pre-Trade War,False
2015-03-01,USA,Consumer Sentiment,Michigan Survey,USA_Consumer_Sentiment,UMCSENT,93.0,-2.515723270440262,,Pre-Trade War,False
2015-04-01,USA,Consumer Sentiment,Michigan Survey,USA_Consumer_Sentiment,UMCSENT,95.9,3.1182795698924792,,Pre-Trade War,False
2015-05-01,USA,Consumer Sentiment,Michigan Survey,USA_Consumer_Sentiment,UMCSENT,90.7,-5.42231491136601,,Pre-Trade War,False
2015-06-01,USA,Consumer Sentiment,Michigan Survey,USA_Consumer_Sentiment,UMCSENT,96.1,5.953693495038581,,Pre-Trade War,False
2015-07-01,USA,Consumer Sentiment,Michigan Survey,USA_Consumer_Sentiment,UMCSENT,93.1,-3.1217481789802326,,Pre-Trade War,False
2015-08-01,USA,Consumer Sentiment,Michigan Survey,USA_Consumer_Sentiment,UMCSENT,91.9,-1.2889366272824776,,Pre-Trade War,False
2015-09-01,USA,Consumer Sentiment,Michigan Survey,USA_Consumer_Sentiment,UMCSENT,87.2,-5.114254624591952,,Pre-Trade War,False
2015-10-01,USA,Consumer Sentiment,Michigan Survey,USA_Consumer_Sentiment,UMCSENT,90.0,3.2110091743119185,,Pre-Trade War,False
2015-11-01,USA,Consumer Sentiment,Michigan Survey,USA_Consumer_Sentiment,UMCSENT,91.3,1.4444444444444482,,Pre-Trade War,False
2015-12-01,USA,Consumer Sentiment,Michigan Survey,USA_Consumer_Sentiment,UMCSENT,92.6,1.4238773274917849,,Pre-Trade War,False
2016-01-01,USA,Consumer Sentiment,Michigan Survey,USA_Consumer_Sentiment,UMCSENT,92.0,-0.647948164146861,-6.218144750254839,Pre-Trade War,False
2016-02-01,USA,Consumer Sentiment,Michigan Survey,USA_Consumer_Sentiment,UMCSENT,91.7,-0.3260869565217317,-3.8784067085953944,Pre-Trade War,False
2016-03-01,USA,Consumer Sentiment,Michigan Survey,USA_Consumer_Sentiment,UMCSENT,91.0,-0.7633587786259555,-2.1505376344086002,Pre-Trade War,False
2016-04-01,USA,Consumer Sentiment,Michigan Survey,USA_Consumer_Sentiment,UMCSENT,89.0,-2.197802197802201,-7.1949947862356645,Pre-Trade War,False
2016-05-01,USA,Consumer Sentiment,Michigan Survey,USA_Consumer_Sentiment,UMCSENT,94.7,6.404494382022485,4.4101433296582115,Pre-Trade War,False
2016-06-01,USA,Consumer Sentiment,Michigan Survey,USA_Consumer_Sentiment,UMCSENT,93.5,-1.2671594508975703,-2.7055150884495283,Pre-Trade War,False
2016-07-01,USA,Consumer Sentiment,Michigan Survey,USA_Consumer_Sentiment,UMCSENT,90.0,-3.7433155080213942,-3.329752953813103,Pre-Trade War,False
2016-08-01,USA,Consumer Sentiment,Michigan Survey,USA_Consumer_Sentiment,UMCSENT,89.8,-0.22222222222222365,-2.2850924918389692,Pre-Trade War,False
2016-09-01,USA,Consumer Sentiment,Michigan Survey,USA_Consumer_Sentiment,UMCSENT,91.2,1.5590200445434466,4.587155963302747,Pre-Trade War,False
2016-10-01,USA,Consumer Sentiment,Michigan Survey,USA_Consumer_Sentiment,UMCSENT,87.2,-4.385964912280704,-3.111111111111109,Pre-Trade War,False
2016-11-01,USA,Consumer Sentiment,Michigan Survey,USA_Consumer_Sentiment,UMCSENT,93.8,7.568807339449535,2.7382256297918905,Pre-Trade War,False
2016-12-01,USA,Consumer Sentiment,Michigan Survey,USA_Consumer_Sentiment,UMCSENT,98.2,4.6908315565032055,6.047516198704117,Pre-Trade War,False
2017-01-01,USA,Consumer Sentiment,Michigan Survey,USA_Consumer_Sentiment,UMCSENT,98.5,0.3054989816700493,7.065217391304346,Pre-Trade War,False
2017-02-01,USA,Consumer Sentiment,Michigan Survey,USA_Consumer_Sentiment,UMCSENT,96.3,-2.233502538071064,5.016357688113415,Pre-Trade War,False
2017-03-01,USA,Consumer Sentiment,Michigan Survey,USA_Consumer_Sentiment,UMCSENT,96.9,0.6230529595015577,6.483516483516483,Pre-Trade War,False
2017-04-01,USA,Consumer Sentiment,Michigan Survey,USA_Consumer_Sentiment,UMCSENT,97.0,0.10319917440659854,8.98876404494382,Pre-Trade War,False
2017-05-01,USA,Consumer Sentiment,Michigan Survey,USA_Consumer_Sentiment,UMCSENT,97.1,0.10309278350515427,2.5343189017951406,Pre-Trade War,False
2017-06-01,USA,Consumer Sentiment,Michigan Survey,USA_Consumer_Sentiment,UMCSENT,95.0,-2.162718846549938,1.6042780748663166,Pre-Trade War,False
2017-07-01,USA,Consumer Sentiment,Michigan Survey,USA_Consumer_Sentiment,UMCSENT,93.4,-1.684210526315788,3.777777777777791,Pre-Trade War,False
2017-08-01,USA,Consumer Sentiment,Michigan Survey,USA_Consumer_Sentiment,UMCSENT,96.8,3.6402569593147582,7.795100222717144,Pre-Trade War,False
2017-09-01,USA,Consumer Sentiment,Michigan Survey,USA_Consumer_Sentiment,UMCSENT,95.1,-1.7561983471074405,4.2763157894736725,Pre-Trade War,False
2017-10-01,USA,Consumer Sentiment,Michigan Survey,USA_Consumer_Sentiment,UMCSENT,100.7,5.888538380651953,15.481651376146788,Pre-Trade War,False
2017-11-01,USA,Consumer Sentiment,Michigan Survey,USA_Consumer_Sentiment,UMCSENT,98.5,-2.1847070506454846,5.010660980810244,Pre-Trade War,False
2017-12-01,USA,Consumer Sentiment,Michigan Survey,USA_Consumer_Sentiment,UMCSENT,95.9,-2.639593908629434,-2.3421588594704668,Pre-Trade War,False
2018-01-01,USA,Consumer Sentiment,Michigan Survey,USA_Consumer_Sentiment,UMCSENT,95.7,-0.2085505735140769,-2.8426395939086246,Pre-Trade War,False
2018-02-01,USA,Consumer Sentiment,Michigan Survey,USA_Consumer_Sentiment,UMCSENT,99.7,4.179728317659359,3.530633437175501,Pre-Trade War,False
2018-03-01,USA,Consumer Sentiment,Michigan Survey,USA_Consumer_Sentiment,UMCSENT,101.4,1.7051153460381219,4.643962848297223,Trade War 1.0,False
2018-04-01,USA,Consumer Sentiment,Michigan Survey,USA_Consumer_Sentiment,UMCSENT,98.8,-2.564102564102577,1.855670103092777,Trade War 1.0,False
2018-05-01,USA,Consumer Sentiment,Michigan Survey,USA_Consumer_Sentiment,UMCSENT,98.0,-0.8097165991902799,0.9268795056642798,Trade War 1.0,False
2018-06-01,USA,Consumer Sentiment,Michigan Survey,USA_Consumer_Sentiment,UMCSENT,98.2,0.20408163265306367,3.368421052631576,Trade War 1.0,False
2018-07-01,USA,Consumer Sentiment,Michigan Survey,USA_Consumer_Sentiment,UMCSENT,97.9,-0.3054989816700604,4.817987152034253,Trade War 1.0,False
2018-08-01,USA,Consumer Sentiment,Michigan Survey,USA_Consumer_Sentiment,UMCSENT,96.2,-1.7364657814096018,-0.619834710743794,Trade War 1.0,False
2018-09-01,USA,Consumer Sentiment,Michigan Survey,USA_Consumer_Sentiment,UMCSENT,100.1,4.054054054054035,5.257623554153512,Trade War 1.0,False
2018-10-01,USA,Consumer Sentiment,Michigan Survey,USA_Consumer_Sentiment,UMCSENT,98.6,-1.4985014985015033,-2.0854021847070636,Trade War 1.0,False
2018-11-01,USA,Consumer Sentiment,Michigan Survey,USA_Consumer_Sentiment,UMCSENT,97.5,-1.1156186612576002,-1.0152284263959421,Trade War 1.0,False
2018-12-01,USA,Consumer Sentiment,Michigan Survey,USA_Consumer_Sentiment,UMCSENT,98.3,0.8205128205128087,2.502606882168923,Trade War 1.0,False
2019-01-01,USA,Consumer Sentiment,Michigan Survey,USA_Consumer_Sentiment,UMCSENT,91.2,-7.222787385554419,-4.702194357366773,Trade War 1.0,False
2019-02-01,USA,Consumer Sentiment,Michigan Survey,USA_Consumer_Sentiment,UMCSENT,93.8,2.8508771929824483,-5.917753259779346,Trade War 1.0,False
2019-03-01,USA,Consumer Sentiment,Michigan Survey,USA_Consumer_Sentiment,UMCSENT,98.4,4.904051172707891,-2.9585798816568087,Trade War 1.0,False
2019-04-01,USA,Consumer Sentiment,Michigan Survey,USA_Consumer_Sentiment,UMCSENT,97.2,-1.2195121951219523,-1.6194331983805599,Trade War 1.0,False
2019-05-01,USA,Consumer Sentiment,Michigan Survey,USA_Consumer_Sentiment,UMCSENT,100.0,2.8806584362139898,2.0408163265306145,Trade War 1.0,False
2019-06-01,USA,Consumer Sentiment,Michigan Survey,USA_Consumer_Sentiment,UMCSENT,98.2,-1.8000000000000016,0.0,Trade War 1.0,False
2019-07-01,USA,Consumer Sentiment,Michigan Survey,USA_Consumer_Sentiment,UMCSENT,98.4,0.20366598778003286,0.5107252298263587,Trade War 1.0,False
2019-08-01,USA,Consumer Sentiment,Michigan Survey,USA_Consumer_Sentiment,UMCSENT,89.8,-8.739837398373995,-6.652806652806653,Trade War 1.0,False
2019-09-01,USA,Consumer Sentiment,Michigan Survey,USA_Consumer_Sentiment,UMCSENT,93.2,3.786191536748329,-6.893106893106882,Trade War 1.0,False
2019-10-01,USA,Consumer Sentiment,Michigan Survey,USA_Consumer_Sentiment,UMCSENT,95.5,2.467811158798283,-3.144016227180524,Trade War 1.0,False
2019-11-01,USA,Consumer Sentiment,Michigan Survey,USA_Consumer_Sentiment,UMCSENT,96.8,1.3612565445026092,-0.7179487179487243,Trade War 1.0,False
2019-12-01,USA,Consumer Sentiment,Michigan Survey,USA_Consumer_Sentiment,UMCSENT,99.3,2.5826446280991844,1.0172939979654183,Trade War 1.0,False
2020-01-01,USA,Consumer Sentiment,Michigan Survey,USA_Consumer_Sentiment,UMCSENT,99.8,0.5035246727089548,9.42982456140351,Trade War 1.0,False
2020-02-01,USA,Consumer Sentiment,Michigan Survey,USA_Consumer_Sentiment,UMCSENT,101.0,1.2024048096192397,7.6759061833688635,Phase 1 + COVID,False
2020-03-01,USA,Consumer Sentiment,Michigan Survey,USA_Consumer_Sentiment,UMCSENT,89.1,-11.782178217821793,-9.45121951219513,Phase 1 + COVID,False
2020-04-01,USA,Consumer Sentiment,Michigan Survey,USA_Consumer_Sentiment,UMCSENT,71.8,-19.41638608305275,-26.131687242798364,Phase 1 + COVID,False
2020-05-01,USA,Consumer Sentiment,Michigan Survey,USA_Consumer_Sentiment,UMCSENT,72.3,0.696378830083555,-27.700000000000003,Phase 1 + COVID,False
2020-06-01,USA,Consumer Sentiment,Michigan Survey,USA_Consumer_Sentiment,UMCSENT,78.1,8.022130013831251,-20.468431771894103,Phase 1 + COVID,False
2020-07-01,USA,Consumer Sentiment,Michigan Survey,USA_Consumer_Sentiment,UMCSENT,72.5,-7.170294494238149,-26.321138211382124,Phase 1 + COVID,False
2020-08-01,USA,Consumer Sentiment,Michigan Survey,USA_Consumer_Sentiment,UMCSENT,74.1,2.2068965517241246,-17.483296213808465,Phase 1 + COVID,False
2020-09-01,USA,Consumer Sentiment,Michigan Survey,USA_Consumer_Sentiment,UMCSENT,80.4,8.502024291498,-13.733905579399142,Phase 1 + COVID,False
2020-10-01,USA,Consumer Sentiment,Michigan Survey,USA_Consumer_Sentiment,UMCSENT,81.8,1.741293532338295,-14.345549738219898,Phase 1 + COVID,False
2020-11-01,USA,Consumer Sentiment,Michigan Survey,USA_Consumer_Sentiment,UMCSENT,76.9,-5.990220048899742,-20.55785123966941,Phase 1 + COVID,False
2020-12-01,USA,Consumer Sentiment,Michigan Survey,USA_Consumer_Sentiment,UMCSENT,80.7,4.941482444733425,-18.731117824773413,Phase 1 + COVID,False
2021-01-01,USA,Consumer Sentiment,Michigan Survey,USA_Consumer_Sentiment,UMCSENT,79.0,-2.106567534076831,-20.841683366733466,Phase 1 + COVID,False
2021-02-01,USA,Consumer Sentiment,Michigan Survey,USA_Consumer_Sentiment,UMCSENT,76.8,-2.784810126582282,-23.96039603960396,Phase 1 + COVID,False
2021-03-01,USA,Consumer Sentiment,Michigan Survey,USA_Consumer_Sentiment,UMCSENT,84.9,10.546875000000021,-4.713804713804704,Phase 1 + COVID,False
2021-04-01,USA,Consumer Sentiment,Michigan Survey,USA_Consumer_Sentiment,UMCSENT,88.3,4.004711425206109,22.980501392757667,Phase 1 + COVID,False
2021-05-01,USA,Consumer Sentiment,Michigan Survey,USA_Consumer_Sentiment,UMCSENT,82.9,-6.11551528878821,14.661134163208867,Phase 1 + COVID,False
2021-06-01,USA,Consumer Sentiment,Michigan Survey,USA_Consumer_Sentiment,UMCSENT,85.5,3.1363088057901,9.47503201024329,Phase 1 + COVID,False
2021-07-01,USA,Consumer Sentiment,Michigan Survey,USA_Consumer_Sentiment,UMCSENT,81.2,-5.029239766081872,12.00000000000001,Phase 1 + COVID,False
2021-08-01,USA,Consumer Sentiment,Michigan Survey,USA_Consumer_Sentiment,UMCSENT,70.3,-13.423645320197053,-5.128205128205121,Phase 1 + COVID,False
2021-09-01,USA,Consumer Sentiment,Michigan Survey,USA_Consumer_Sentiment,UMCSENT,72.8,3.5561877667140918,-9.452736318407972,Phase 1 + COVID,False
2021-10-01,USA,Consumer Sentiment,Michigan Survey,USA_Consumer_Sentiment,UMCSENT,71.7,-1.5109890109890056,-12.347188264058673,Phase 1 + COVID,False
2021-11-01,USA,Consumer Sentiment,Michigan Survey,USA_Consumer_Sentiment,UMCSENT,67.4,-5.997210599721059,-12.353706111833551,Phase 1 + COVID,False
2021-12-01,USA,Consumer Sentiment,Michigan Survey,USA_Consumer_Sentiment,UMCSENT,70.6,4.7477744807121525,-12.515489467162343,Phase 1 + COVID,False
2022-01-01,USA,Consumer Sentiment,Michigan Survey,USA_Consumer_Sentiment,UMCSENT,67.2,-4.815864022662875,-14.936708860759495,Phase 1 + COVID,False
2022-02-01,USA,Consumer Sentiment,Michigan Survey,USA_Consumer_Sentiment,UMCSENT,62.8,-6.547619047619058,-18.229166666666664,Phase 1 + COVID,False
2022-03-01,USA,Consumer Sentiment,Michigan Survey,USA_Consumer_Sentiment,UMCSENT,59.4,-5.414012738853502,-30.03533568904594,Phase 1 + COVID,False
2022-04-01,USA,Consumer Sentiment,Michigan Survey,USA_Consumer_Sentiment,UMCSENT,65.2,9.764309764309775,-26.160815402038494,Phase 1 + COVID,False
2022-05-01,USA,Consumer Sentiment,Michigan Survey,USA_Consumer_Sentiment,UMCSENT,58.4,-10.429447852760742,-29.553679131483722,Phase 1 + COVID,False
2022-06-01,USA,Consumer Sentiment,Michigan Survey,USA_Consumer_Sentiment,UMCSENT,50.0,-14.383561643835618,-41.52046783625731,Phase 1 + COVID,False
2022-07-01,USA,Consumer Sentiment,Michigan Survey,USA_Consumer_Sentiment,UMCSENT,51.5,3.0000000000000027,-36.57635467980296,Phase 1 + COVID,False
2022-08-01,USA,Consumer Sentiment,Michigan Survey,USA_Consumer_Sentiment,UMCSENT,58.2,13.00970873786409,-17.211948790896148,Phase 1 + COVID,False
2022-09-01,USA,Consumer Sentiment,Michigan Survey,USA_Consumer_Sentiment,UMCSENT,58.6,0.6872852233676952,-19.505494505494504,Phase 1 + COVID,False
2022-10-01,USA,Consumer Sentiment,Michigan Survey,USA_Consumer_Sentiment,UMCSENT,59.9,2.2184300341296925,-16.457461645746175,Phase 1 + COVID,False
2022-11-01,USA,Consumer Sentiment,Michigan Survey,USA_Consumer_Sentiment,UMCSENT,56.7,-5.342237061769605,-15.875370919881304,Phase 1 + COVID,False
2022-12-01,USA,Consumer Sentiment,Michigan Survey,USA_Consumer_Sentiment,UMCSENT,59.8,5.467372134038784,-15.29745042492917,Phase 1 + COVID,False
2023-01-01,USA,Consumer Sentiment,Michigan Survey,USA_Consumer_Sentiment,UMCSENT,64.9,8.528428093645491,-3.4226190476190466,Phase 1 + COVID,False
2023-02-01,USA,Consumer Sentiment,Michigan Survey,USA_Consumer_Sentiment,UMCSENT,66.9,3.081664098613257,6.52866242038217,Phase 1 + COVID,False
2023-03-01,USA,Consumer Sentiment,Michigan Survey,USA_Consumer_Sentiment,UMCSENT,62.0,-7.324364723467869,4.3771043771043905,Phase 1 + COVID,False
2023-04-01,USA,Consumer Sentiment,Michigan Survey,USA_Consumer_Sentiment,UMCSENT,63.7,2.741935483870983,-2.300613496932513,Phase 1 + COVID,False
2023-05-01,USA,Consumer Sentiment,Michigan Survey,USA_Consumer_Sentiment,UMCSENT,59.0,-7.378335949764525,1.0273972602739656,Phase 1 + COVID,False
2023-06-01,USA,Consumer Sentiment,Michigan Survey,USA_Consumer_Sentiment,UMCSENT,64.2,8.813559322033893,28.400000000000002,Phase 1 + COVID,False
2023-07-01,USA,Consumer Sentiment,Michigan Survey,USA_Consumer_Sentiment,UMCSENT,71.5,11.370716510903423,38.834951456310684,Phase 1 + COVID,False
2023-08-01,USA,Consumer Sentiment,Michigan Survey,USA_Consumer_Sentiment,UMCSENT,69.4,-2.9370629370629286,19.243986254295532,Phase 1 + COVID,False
2023-09-01,USA,Consumer Sentiment,Michigan Survey,USA_Consumer_Sentiment,UMCSENT,67.8,-2.3054755043227737,15.699658703071663,Phase 1 + COVID,False
2023-10-01,USA,Consumer Sentiment,Michigan Survey,USA_Consumer_Sentiment,UMCSENT,63.8,-5.899705014749268,6.510851419031716,Phase 1 + COVID,False
2023-11-01,USA,Consumer Sentiment,Michigan Survey,USA_Consumer_Sentiment,UMCSENT,61.3,-3.9184952978056464,8.112874779541436,Phase 1 + COVID,False
2023-12-01,USA,Consumer Sentiment,Michigan Survey,USA_Consumer_Sentiment,UMCSENT,69.7,13.7030995106036,16.555183946488295,Phase 1 + COVID,False
2024-01-01,USA,Consumer Sentiment,Michigan Survey,USA_Consumer_Sentiment,UMCSENT,79.0,13.34289813486369,21.725731895223397,Phase 1 + COVID,False
2024-02-01,USA,Consumer Sentiment,Michigan Survey,USA_Consumer_Sentiment,UMCSENT,76.9,-2.658227848101258,14.947683109118092,Phase 1 + COVID,False
2024-03-01,USA,Consumer Sentiment,Michigan Survey,USA_Consumer_Sentiment,UMCSENT,79.4,3.2509752925877766,28.06451612903227,Phase 1 + COVID,False
2024-04-01,USA,Consumer Sentiment,Michigan Survey,USA_Consumer_Sentiment,UMCSENT,77.2,-2.7707808564231717,21.193092621664043,Phase 1 + COVID,False
2024-05-01,USA,Consumer Sentiment,Michigan Survey,USA_Consumer_Sentiment,UMCSENT,69.1,-10.492227979274627,17.118644067796595,Phase 1 + COVID,False
2024-06-01,USA,Consumer Sentiment,Michigan Survey,USA_Consumer_Sentiment,UMCSENT,68.2,-1.3024602026049048,6.230529595015577,Phase 1 + COVID,False
2024-07-01,USA,Consumer Sentiment,Michigan Survey,USA_Consumer_Sentiment,UMCSENT,66.4,-2.639296187683282,-7.132867132867126,Phase 1 + COVID,False
2024-08-01,USA,Consumer Sentiment,Michigan Survey,USA_Consumer_Sentiment,UMCSENT,67.9,2.259036144578319,-2.1613832853025983,Phase 1 + COVID,False
2024-09-01,USA,Consumer Sentiment,Michigan Survey,USA_Consumer_Sentiment,UMCSENT,70.1,3.2400589101619914,3.3923303834808127,Phase 1 + COVID,False
2024-10-01,USA,Consumer Sentiment,Michigan Survey,USA_Consumer_Sentiment,UMCSENT,70.5,0.5706134094151327,10.501567398119139,Phase 1 + COVID,False
2024-11-01,USA,Consumer Sentiment,Michigan Survey,USA_Consumer_Sentiment,UMCSENT,71.8,1.8439716312056653,17.128874388254477,Phase 1 + COVID,False
2024-12-01,USA,Consumer Sentiment,Michigan Survey,USA_Consumer_Sentiment,UMCSENT,74.0,3.064066852367686,6.1692969870875025,Phase 1 + COVID,False
2025-01-01,USA,Consumer Sentiment,Michigan Survey,USA_Consumer_Sentiment,UMCSENT,71.7,-3.1081081081081097,-9.240506329113918,Trade War 2.0,False
2025-02-01,USA,Consumer Sentiment,Michigan Survey,USA_Consumer_Sentiment,UMCSENT,64.7,-9.762900976290101,-15.864759427828357,Trade War 2.0,False
2025-03-01,USA,Consumer Sentiment,Michigan Survey,USA_Consumer_Sentiment,UMCSENT,57.0,-11.90108191653787,-28.21158690176323,Trade War 2.0,False
2025-04-01,USA,Consumer Sentiment,Michigan Survey,USA_Consumer_Sentiment,UMCSENT,52.2,-8.42105263157894,-32.38341968911917,Trade War 2.0,False
2025-05-01,USA,Consumer Sentiment,Michigan Survey,USA_Consumer_Sentiment,UMCSENT,52.2,0.0,-24.45730824891461,Trade War 2.0,True
2025-06-01,USA,Consumer Sentiment,Michigan Survey,USA_Consumer_Sentiment,UMCSENT,60.7,16.283524904214563,-10.997067448680353,Trade War 2.0,True
2025-07-01,USA,Consumer Sentiment,Michigan Survey,USA_Consumer_Sentiment,UMCSENT,61.7,1.6474464579901094,-7.078313253012047,Trade War 2.0,True
2025-08-01,USA,Consumer Sentiment,Michigan Survey,USA_Consumer_Sentiment,UMCSENT,58.2,-5.672609400324147,-14.28571428571429,Trade War 2.0,True
2025-09-01,USA,Consumer Sentiment,Michigan Survey,USA_Consumer_Sentiment,UMCSENT,55.1,-5.32646048109966,-21.398002853067045,Trade War 2.0,True
2025-10-01,USA,Consumer Sentiment,Michigan Survey,USA_Consumer_Sentiment,UMCSENT,53.6,-2.722323049001818,-23.97163120567376,Trade War 2.0,True
2025-11-01,USA,Consumer Sentiment,Michigan Survey,USA_Consumer_Sentiment,UMCSENT,51.0,-4.850746268656714,-28.96935933147632,Trade War 2.0,True
2025-12-01,USA,Consumer Sentiment,Michigan Survey,USA_Consumer_Sentiment,UMCSENT,52.9,3.725490196078418,-28.513513513513512,Trade War 2.0,True
2026-01-01,USA,Consumer Sentiment,Michigan Survey,USA_Consumer_Sentiment,UMCSENT,56.4,6.6162570888468775,-21.33891213389122,Trade War 2.0,True
2026-02-01,USA,Consumer Sentiment,Michigan Survey,USA_Consumer_Sentiment,UMCSENT,56.6,0.35460992907800915,-12.5193199381762,Trade War 2.0,True
2026-03-01,USA,Consumer Sentiment,Michigan Survey,USA_Consumer_Sentiment,UMCSENT,53.3,-5.830388692579513,-6.491228070175447,Trade War 2.0,True
2015-01-01,USA,Retail Sales,Advance (USD mn),USA_Retail_Sales,RSAFS,428208.0,,,Pre-Trade War,False
2015-02-01,USA,Retail Sales,Advance (USD mn),USA_Retail_Sales,RSAFS,427119.0,-0.25431565967940495,,Pre-Trade War,False
2015-03-01,USA,Retail Sales,Advance (USD mn),USA_Retail_Sales,RSAFS,433647.0,1.5283796787312287,,Pre-Trade War,False
2015-04-01,USA,Retail Sales,Advance (USD mn),USA_Retail_Sales,RSAFS,434470.0,0.18978570127314853,,Pre-Trade War,False
2015-05-01,USA,Retail Sales,Advance (USD mn),USA_Retail_Sales,RSAFS,437865.0,0.7814118351094468,,Pre-Trade War,False
2015-06-01,USA,Retail Sales,Advance (USD mn),USA_Retail_Sales,RSAFS,437951.0,0.019640756854277797,,Pre-Trade War,False
2015-07-01,USA,Retail Sales,Advance (USD mn),USA_Retail_Sales,RSAFS,441942.0,0.9112891624862174,,Pre-Trade War,False
2015-08-01,USA,Retail Sales,Advance (USD mn),USA_Retail_Sales,RSAFS,441849.0,-0.02104348534422984,,Pre-Trade War,False
2015-09-01,USA,Retail Sales,Advance (USD mn),USA_Retail_Sales,RSAFS,439867.0,-0.44856953393580534,,Pre-Trade War,False
2015-10-01,USA,Retail Sales,Advance (USD mn),USA_Retail_Sales,RSAFS,438693.0,-0.2668988580639131,,Pre-Trade War,False
2015-11-01,USA,Retail Sales,Advance (USD mn),USA_Retail_Sales,RSAFS,440303.0,0.3669992454860216,,Pre-Trade War,False
2015-12-01,USA,Retail Sales,Advance (USD mn),USA_Retail_Sales,RSAFS,442149.0,0.41925673910920835,,Pre-Trade War,False
2016-01-01,USA,Retail Sales,Advance (USD mn),USA_Retail_Sales,RSAFS,439466.0,-0.6068090168698803,2.629096140193554,Pre-Trade War,False
2016-02-01,USA,Retail Sales,Advance (USD mn),USA_Retail_Sales,RSAFS,443117.0,0.8307809932964094,3.74556037076319,Pre-Trade War,False
2016-03-01,USA,Retail Sales,Advance (USD mn),USA_Retail_Sales,RSAFS,441856.0,-0.28457495424458745,1.8930143642178932,Pre-Trade War,False
2016-04-01,USA,Retail Sales,Advance (USD mn),USA_Retail_Sales,RSAFS,444254.0,0.542710747392805,2.251939144244708,Pre-Trade War,False
2016-05-01,USA,Retail Sales,Advance (USD mn),USA_Retail_Sales,RSAFS,445490.0,0.27821921693444995,1.7414043141150914,Pre-Trade War,False
2016-06-01,USA,Retail Sales,Advance (USD mn),USA_Retail_Sales,RSAFS,450237.0,1.0655682506902409,2.805336670084091,Pre-Trade War,False
2016-07-01,USA,Retail Sales,Advance (USD mn),USA_Retail_Sales,RSAFS,449789.0,-0.09950315056292958,1.7755723601739604,Pre-Trade War,False
2016-08-01,USA,Retail Sales,Advance (USD mn),USA_Retail_Sales,RSAFS,449946.0,0.03490525557539037,1.8325264966085664,Pre-Trade War,False
2016-09-01,USA,Retail Sales,Advance (USD mn),USA_Retail_Sales,RSAFS,453056.0,0.6911940543976369,2.9984063364608016,Pre-Trade War,False
2016-10-01,USA,Retail Sales,Advance (USD mn),USA_Retail_Sales,RSAFS,453847.0,0.1745921034044251,3.4543519044069493,Pre-Trade War,False
2016-11-01,USA,Retail Sales,Advance (USD mn),USA_Retail_Sales,RSAFS,453892.0,0.009915235751245532,3.0862837636809193,Pre-Trade War,False
2016-12-01,USA,Retail Sales,Advance (USD mn),USA_Retail_Sales,RSAFS,459305.0,1.1925744450221654,3.8801399528213265,Pre-Trade War,False
2017-01-01,USA,Retail Sales,Advance (USD mn),USA_Retail_Sales,RSAFS,464412.0,1.111897323129507,5.676434581969936,Pre-Trade War,False
2017-02-01,USA,Retail Sales,Advance (USD mn),USA_Retail_Sales,RSAFS,464284.0,-0.027561733977587988,4.776842233541023,Pre-Trade War,False
2017-03-01,USA,Retail Sales,Advance (USD mn),USA_Retail_Sales,RSAFS,463674.0,-0.13138510049883756,4.937807792584015,Pre-Trade War,False
2017-04-01,USA,Retail Sales,Advance (USD mn),USA_Retail_Sales,RSAFS,465276.0,0.3455013651832983,4.7319776524240575,Pre-Trade War,False
2017-05-01,USA,Retail Sales,Advance (USD mn),USA_Retail_Sales,RSAFS,462754.0,-0.5420438621377421,3.8752833958113575,Pre-Trade War,False
2017-06-01,USA,Retail Sales,Advance (USD mn),USA_Retail_Sales,RSAFS,465130.0,0.5134477497763301,3.3078134404769033,Pre-Trade War,False
2017-07-01,USA,Retail Sales,Advance (USD mn),USA_Retail_Sales,RSAFS,465089.0,-0.00881473996516835,3.401594970085964,Pre-Trade War,False
2017-08-01,USA,Retail Sales,Advance (USD mn),USA_Retail_Sales,RSAFS,466020.0,0.20017674036583166,3.5724286914429637,Pre-Trade War,False
2017-09-01,USA,Retail Sales,Advance (USD mn),USA_Retail_Sales,RSAFS,475724.0,2.0823140637740822,5.003354993643172,Pre-Trade War,False
2017-10-01,USA,Retail Sales,Advance (USD mn),USA_Retail_Sales,RSAFS,476107.0,0.08050886648560684,4.904736618287653,Pre-Trade War,False
2017-11-01,USA,Retail Sales,Advance (USD mn),USA_Retail_Sales,RSAFS,480949.0,1.0169982797984423,5.961109691292199,Pre-Trade War,False
2017-12-01,USA,Retail Sales,Advance (USD mn),USA_Retail_Sales,RSAFS,483586.0,0.5482909830356153,5.286465420581088,Pre-Trade War,False
2018-01-01,USA,Retail Sales,Advance (USD mn),USA_Retail_Sales,RSAFS,481414.0,-0.449144516177058,3.660973445991922,Pre-Trade War,False
2018-02-01,USA,Retail Sales,Advance (USD mn),USA_Retail_Sales,RSAFS,484031.0,0.5436069578367064,4.253215704181068,Pre-Trade War,False
2018-03-01,USA,Retail Sales,Advance (USD mn),USA_Retail_Sales,RSAFS,484110.0,0.016321268679075907,4.407406928143476,Trade War 1.0,False
2018-04-01,USA,Retail Sales,Advance (USD mn),USA_Retail_Sales,RSAFS,484154.0,0.009088843444682304,4.057376696842296,Trade War 1.0,False
2018-05-01,USA,Retail Sales,Advance (USD mn),USA_Retail_Sales,RSAFS,491960.0,1.6122969137918997,6.311344688538623,Trade War 1.0,False
2018-06-01,USA,Retail Sales,Advance (USD mn),USA_Retail_Sales,RSAFS,490228.0,-0.3520611431823695,5.3959108206308,Trade War 1.0,False
2018-07-01,USA,Retail Sales,Advance (USD mn),USA_Retail_Sales,RSAFS,493142.0,0.5944172915459678,6.031748762064892,Trade War 1.0,False
2018-08-01,USA,Retail Sales,Advance (USD mn),USA_Retail_Sales,RSAFS,493445.0,0.06144274874173572,5.884940560490959,Trade War 1.0,False
2018-09-01,USA,Retail Sales,Advance (USD mn),USA_Retail_Sales,RSAFS,491507.0,-0.3927489385848526,3.31767999932735,Trade War 1.0,False
2018-10-01,USA,Retail Sales,Advance (USD mn),USA_Retail_Sales,RSAFS,496416.0,0.9987650226751521,4.265637766300423,Trade War 1.0,False
2018-11-01,USA,Retail Sales,Advance (USD mn),USA_Retail_Sales,RSAFS,498854.0,0.4911203506736239,3.722847952693531,Trade War 1.0,False
2018-12-01,USA,Retail Sales,Advance (USD mn),USA_Retail_Sales,RSAFS,489113.0,-1.9526755323200806,1.1429197702166771,Trade War 1.0,False
2019-01-01,USA,Retail Sales,Advance (USD mn),USA_Retail_Sales,RSAFS,490440.0,0.2713074483810418,1.874893542771927,Trade War 1.0,False
2019-02-01,USA,Retail Sales,Advance (USD mn),USA_Retail_Sales,RSAFS,491751.0,0.26731098605334846,1.594939167119458,Trade War 1.0,False
2019-03-01,USA,Retail Sales,Advance (USD mn),USA_Retail_Sales,RSAFS,499292.0,1.533499677682415,3.1360641176592097,Trade War 1.0,False
2019-04-01,USA,Retail Sales,Advance (USD mn),USA_Retail_Sales,RSAFS,499343.0,0.010214463680568997,3.1372249325627877,Trade War 1.0,False
2019-05-01,USA,Retail Sales,Advance (USD mn),USA_Retail_Sales,RSAFS,504741.0,1.0810204608856067,2.5979754451581405,Trade War 1.0,False
2019-06-01,USA,Retail Sales,Advance (USD mn),USA_Retail_Sales,RSAFS,505251.0,0.10104192050972571,3.0644924402522866,Trade War 1.0,False
2019-07-01,USA,Retail Sales,Advance (USD mn),USA_Retail_Sales,RSAFS,509091.0,0.7600182879400563,3.2341597349242246,Trade War 1.0,False
2019-08-01,USA,Retail Sales,Advance (USD mn),USA_Retail_Sales,RSAFS,512561.0,0.6816070211415948,3.8739879824499113,Trade War 1.0,False
2019-09-01,USA,Retail Sales,Advance (USD mn),USA_Retail_Sales,RSAFS,509282.0,-0.6397287347262082,3.6164286571707116,Trade War 1.0,False
2019-10-01,USA,Retail Sales,Advance (USD mn),USA_Retail_Sales,RSAFS,510648.0,0.26822074999706125,2.866950299748594,Trade War 1.0,False
2019-11-01,USA,Retail Sales,Advance (USD mn),USA_Retail_Sales,RSAFS,514215.0,0.6985242280396653,3.0792576585534137,Trade War 1.0,False
2019-12-01,USA,Retail Sales,Advance (USD mn),USA_Retail_Sales,RSAFS,515866.0,0.32107192516748206,5.469697186539713,Trade War 1.0,False
2020-01-01,USA,Retail Sales,Advance (USD mn),USA_Retail_Sales,RSAFS,515119.0,-0.144805046271701,5.032012070793579,Trade War 1.0,False
2020-02-01,USA,Retail Sales,Advance (USD mn),USA_Retail_Sales,RSAFS,515330.0,0.04096140891716171,4.794906365213292,Phase 1 + COVID,False
2020-03-01,USA,Retail Sales,Advance (USD mn),USA_Retail_Sales,RSAFS,468324.0,-9.12153377447461,-6.202382573724396,Phase 1 + COVID,False
2020-04-01,USA,Retail Sales,Advance (USD mn),USA_Retail_Sales,RSAFS,401028.0,-14.369539037076894,-19.68887117672622,Phase 1 + COVID,False
2020-05-01,USA,Retail Sales,Advance (USD mn),USA_Retail_Sales,RSAFS,478449.0,19.30563451928544,-5.209008184395558,Phase 1 + COVID,False
2020-06-01,USA,Retail Sales,Advance (USD mn),USA_Retail_Sales,RSAFS,518038.0,8.274445134173124,2.5308213145545544,Phase 1 + COVID,False
2020-07-01,USA,Retail Sales,Advance (USD mn),USA_Retail_Sales,RSAFS,526304.0,1.595635841386156,3.381124396227797,Phase 1 + COVID,False
2020-08-01,USA,Retail Sales,Advance (USD mn),USA_Retail_Sales,RSAFS,530735.0,0.8419088587584334,3.5457243137889893,Phase 1 + COVID,False
2020-09-01,USA,Retail Sales,Advance (USD mn),USA_Retail_Sales,RSAFS,541302.0,1.991012463847297,6.28728288060445,Phase 1 + COVID,False
2020-10-01,USA,Retail Sales,Advance (USD mn),USA_Retail_Sales,RSAFS,539114.0,-0.40421058854391845,5.574485751437397,Phase 1 + COVID,False
2020-11-01,USA,Retail Sales,Advance (USD mn),USA_Retail_Sales,RSAFS,533941.0,-0.9595373149278275,3.836138580165893,Phase 1 + COVID,False
2020-12-01,USA,Retail Sales,Advance (USD mn),USA_Retail_Sales,RSAFS,538548.0,0.862829413736721,4.396878259082793,Phase 1 + COVID,False
2021-01-01,USA,Retail Sales,Advance (USD mn),USA_Retail_Sales,RSAFS,559230.0,3.840326210477052,8.563264022488015,Phase 1 + COVID,False
2021-02-01,USA,Retail Sales,Advance (USD mn),USA_Retail_Sales,RSAFS,544891.0,-2.564061298571252,5.736324297052375,Phase 1 + COVID,False
2021-03-01,USA,Retail Sales,Advance (USD mn),USA_Retail_Sales,RSAFS,603581.0,10.770961531755896,28.88107378652387,Phase 1 + COVID,False
2021-04-01,USA,Retail Sales,Advance (USD mn),USA_Retail_Sales,RSAFS,608961.0,0.8913468117783596,51.849995511535354,Phase 1 + COVID,False
2021-05-01,USA,Retail Sales,Advance (USD mn),USA_Retail_Sales,RSAFS,605282.0,-0.6041437793224858,26.50919951760793,Phase 1 + COVID,False
2021-06-01,USA,Retail Sales,Advance (USD mn),USA_Retail_Sales,RSAFS,611950.0,1.1016352708324462,18.128399847115475,Phase 1 + COVID,False
2021-07-01,USA,Retail Sales,Advance (USD mn),USA_Retail_Sales,RSAFS,601817.0,-1.6558542364572215,14.347791390527153,Phase 1 + COVID,False
2021-08-01,USA,Retail Sales,Advance (USD mn),USA_Retail_Sales,RSAFS,605533.0,0.617463448191069,14.093285726398296,Phase 1 + COVID,False
2021-09-01,USA,Retail Sales,Advance (USD mn),USA_Retail_Sales,RSAFS,609671.0,0.6833649033165745,12.63047245345481,Phase 1 + COVID,False
2021-10-01,USA,Retail Sales,Advance (USD mn),USA_Retail_Sales,RSAFS,618573.0,1.4601317759906474,14.73881219927511,Phase 1 + COVID,False
2021-11-01,USA,Retail Sales,Advance (USD mn),USA_Retail_Sales,RSAFS,624874.0,1.0186348256390199,17.0305333360802,Phase 1 + COVID,False
2021-12-01,USA,Retail Sales,Advance (USD mn),USA_Retail_Sales,RSAFS,619938.0,-0.7899192477203387,15.112859020922919,Phase 1 + COVID,False
2022-01-01,USA,Retail Sales,Advance (USD mn),USA_Retail_Sales,RSAFS,631509.0,1.866476970277664,12.92473579743576,Phase 1 + COVID,False
2022-02-01,USA,Retail Sales,Advance (USD mn),USA_Retail_Sales,RSAFS,638101.0,1.0438489396033868,17.10617352828363,Phase 1 + COVID,False
2022-03-01,USA,Retail Sales,Advance (USD mn),USA_Retail_Sales,RSAFS,651027.0,2.025698126158715,7.860751083947304,Phase 1 + COVID,False
2022-04-01,USA,Retail Sales,Advance (USD mn),USA_Retail_Sales,RSAFS,660194.0,1.408082921292042,8.413182453391933,Phase 1 + COVID,False
2022-05-01,USA,Retail Sales,Advance (USD mn),USA_Retail_Sales,RSAFS,659847.0,-0.052560308030669134,9.014806321681457,Phase 1 + COVID,False
2022-06-01,USA,Retail Sales,Advance (USD mn),USA_Retail_Sales,RSAFS,666113.0,0.9496140772027539,8.850886510335808,Phase 1 + COVID,False
2022-07-01,USA,Retail Sales,Advance (USD mn),USA_Retail_Sales,RSAFS,659550.0,-0.9852682652943257,9.593115515181516,Phase 1 + COVID,False
2022-08-01,USA,Retail Sales,Advance (USD mn),USA_Retail_Sales,RSAFS,663566.0,0.608900007580937,9.583788166788597,Phase 1 + COVID,False
2022-09-01,USA,Retail Sales,Advance (USD mn),USA_Retail_Sales,RSAFS,661854.0,-0.2579999578037451,8.559206522862329,Phase 1 + COVID,False
2022-10-01,USA,Retail Sales,Advance (USD mn),USA_Retail_Sales,RSAFS,668671.0,1.0299854650723583,8.098963258984782,Phase 1 + COVID,False
2022-11-01,USA,Retail Sales,Advance (USD mn),USA_Retail_Sales,RSAFS,659458.0,-1.3778076213863066,5.534555766442506,Phase 1 + COVID,False
2022-12-01,USA,Retail Sales,Advance (USD mn),USA_Retail_Sales,RSAFS,651763.0,-1.1668673365096804,5.133577873916417,Phase 1 + COVID,False
2023-01-01,USA,Retail Sales,Advance (USD mn),USA_Retail_Sales,RSAFS,680253.0,4.3712208272025155,7.718654841023653,Phase 1 + COVID,False
2023-02-01,USA,Retail Sales,Advance (USD mn),USA_Retail_Sales,RSAFS,672152.0,-1.1908804518318883,5.336302560252992,Phase 1 + COVID,False
2023-03-01,USA,Retail Sales,Advance (USD mn),USA_Retail_Sales,RSAFS,665071.0,-1.0534819505111925,2.1572069975592356,Phase 1 + COVID,False
2023-04-01,USA,Retail Sales,Advance (USD mn),USA_Retail_Sales,RSAFS,670494.0,0.8154016638824979,1.5601474718037522,Phase 1 + COVID,False
2023-05-01,USA,Retail Sales,Advance (USD mn),USA_Retail_Sales,RSAFS,673902.0,0.5082819533060778,2.1300392363684306,Phase 1 + COVID,False
2023-06-01,USA,Retail Sales,Advance (USD mn),USA_Retail_Sales,RSAFS,677117.0,0.4770723339595273,1.6519719627150264,Phase 1 + COVID,False
2023-07-01,USA,Retail Sales,Advance (USD mn),USA_Retail_Sales,RSAFS,678424.0,0.19302424839429122,2.861648093397018,Phase 1 + COVID,False
2023-08-01,USA,Retail Sales,Advance (USD mn),USA_Retail_Sales,RSAFS,684755.0,0.933192221973278,3.1932015805511416,Phase 1 + COVID,False
2023-09-01,USA,Retail Sales,Advance (USD mn),USA_Retail_Sales,RSAFS,689403.0,0.6787829223591002,4.16239835371548,Phase 1 + COVID,False
2023-10-01,USA,Retail Sales,Advance (USD mn),USA_Retail_Sales,RSAFS,686148.0,-0.47214764078484794,2.613691935196827,Phase 1 + COVID,False
2023-11-01,USA,Retail Sales,Advance (USD mn),USA_Retail_Sales,RSAFS,685328.0,-0.1195077446848214,3.922918517934426,Phase 1 + COVID,False
2023-12-01,USA,Retail Sales,Advance (USD mn),USA_Retail_Sales,RSAFS,686277.0,0.1384738402633534,5.295483174098559,Phase 1 + COVID,False
2024-01-01,USA,Retail Sales,Advance (USD mn),USA_Retail_Sales,RSAFS,680456.0,-0.8481997793893692,0.029841838257227415,Phase 1 + COVID,False
2024-02-01,USA,Retail Sales,Advance (USD mn),USA_Retail_Sales,RSAFS,685280.0,0.7089363603230758,1.9531296492460104,Phase 1 + COVID,False
2024-03-01,USA,Retail Sales,Advance (USD mn),USA_Retail_Sales,RSAFS,687641.0,0.3445307027784228,3.393622635778737,Phase 1 + COVID,False
2024-04-01,USA,Retail Sales,Advance (USD mn),USA_Retail_Sales,RSAFS,687602.0,-0.005671564086495717,2.551551542593966,Phase 1 + COVID,False
2024-05-01,USA,Retail Sales,Advance (USD mn),USA_Retail_Sales,RSAFS,692774.0,0.7521793130328192,2.8004071808660713,Phase 1 + COVID,False
2024-06-01,USA,Retail Sales,Advance (USD mn),USA_Retail_Sales,RSAFS,692449.0,-0.046912846036373246,2.2643058732833454,Phase 1 + COVID,False
2024-07-01,USA,Retail Sales,Advance (USD mn),USA_Retail_Sales,RSAFS,698835.0,0.9222339840190497,3.008590497977659,Phase 1 + COVID,False
2024-08-01,USA,Retail Sales,Advance (USD mn),USA_Retail_Sales,RSAFS,697039.0,-0.25699914858300366,1.7939262948061696,Phase 1 + COVID,False
2024-09-01,USA,Retail Sales,Advance (USD mn),USA_Retail_Sales,RSAFS,703055.0,0.863079397279054,1.9802640835621554,Phase 1 + COVID,False
2024-10-01,USA,Retail Sales,Advance (USD mn),USA_Retail_Sales,RSAFS,708290.0,0.7446074631429989,3.22700058879426,Phase 1 + COVID,False
2024-11-01,USA,Retail Sales,Advance (USD mn),USA_Retail_Sales,RSAFS,711853.0,0.5030425390729842,3.87040949735018,Phase 1 + COVID,False
2024-12-01,USA,Retail Sales,Advance (USD mn),USA_Retail_Sales,RSAFS,717265.0,0.7602693252680037,4.515377901343043,Phase 1 + COVID,False
2025-01-01,USA,Retail Sales,Advance (USD mn),USA_Retail_Sales,RSAFS,711260.0,-0.83720800540944,4.526964271018263,Trade War 2.0,False
2025-02-01,USA,Retail Sales,Advance (USD mn),USA_Retail_Sales,RSAFS,711575.0,0.044287602283277216,3.8371176745271907,Trade War 2.0,False
2025-03-01,USA,Retail Sales,Advance (USD mn),USA_Retail_Sales,RSAFS,723350.0,1.654779889681346,5.192971332424912,Trade War 2.0,False
2025-04-01,USA,Retail Sales,Advance (USD mn),USA_Retail_Sales,RSAFS,721789.0,-0.2158014792285945,4.971916893784489,Trade War 2.0,False
2025-05-01,USA,Retail Sales,Advance (USD mn),USA_Retail_Sales,RSAFS,716101.0,-0.7880419346928291,3.367187567662766,Trade War 2.0,True
2025-06-01,USA,Retail Sales,Advance (USD mn),USA_Retail_Sales,RSAFS,723033.0,0.9680198742914703,4.4167873735105445,Trade War 2.0,True
2025-07-01,USA,Retail Sales,Advance (USD mn),USA_Retail_Sales,RSAFS,727727.0,0.6492096487988874,4.1343092432405415,Trade War 2.0,True
2025-08-01,USA,Retail Sales,Advance (USD mn),USA_Retail_Sales,RSAFS,731700.0,0.545946488174831,4.972605550048126,Trade War 2.0,True
2025-09-01,USA,Retail Sales,Advance (USD mn),USA_Retail_Sales,RSAFS,732192.0,0.06724067240673204,4.14434148110745,Trade War 2.0,True
2025-10-01,USA,Retail Sales,Advance (USD mn),USA_Retail_Sales,RSAFS,731051.0,-0.15583344259428866,3.2135142385181226,Trade War 2.0,True
2025-11-01,USA,Retail Sales,Advance (USD mn),USA_Retail_Sales,RSAFS,734718.0,0.5016065910586232,3.212039564348257,Trade War 2.0,True
2025-12-01,USA,Retail Sales,Advance (USD mn),USA_Retail_Sales,RSAFS,734717.0,-0.00013610664227892144,2.4331314088934963,Trade War 2.0,True
2026-01-01,USA,Retail Sales,Advance (USD mn),USA_Retail_Sales,RSAFS,734503.0,-0.02912686109073359,3.267862666254251,Trade War 2.0,True
2026-02-01,USA,Retail Sales,Advance (USD mn),USA_Retail_Sales,RSAFS,739772.0,0.7173558174711436,3.9626181358254575,Trade War 2.0,True
2026-03-01,USA,Retail Sales,Advance (USD mn),USA_Retail_Sales,RSAFS,752063.0,1.6614578545822267,3.9694477085781443,Trade War 2.0,True
2015-01-01,USA,Interest Rate,Federal Funds (Effective),USA_Fed_Funds_Rate,FEDFUNDS,0.11,,,Pre-Trade War,False
2015-02-01,USA,Interest Rate,Federal Funds (Effective),USA_Fed_Funds_Rate,FEDFUNDS,0.11,0.0,,Pre-Trade War,False
2015-03-01,USA,Interest Rate,Federal Funds (Effective),USA_Fed_Funds_Rate,FEDFUNDS,0.11,0.0,,Pre-Trade War,False
2015-04-01,USA,Interest Rate,Federal Funds (Effective),USA_Fed_Funds_Rate,FEDFUNDS,0.12,9.090909090909083,,Pre-Trade War,False
2015-05-01,USA,Interest Rate,Federal Funds (Effective),USA_Fed_Funds_Rate,FEDFUNDS,0.12,0.0,,Pre-Trade War,False
2015-06-01,USA,Interest Rate,Federal Funds (Effective),USA_Fed_Funds_Rate,FEDFUNDS,0.13,8.333333333333348,,Pre-Trade War,False
2015-07-01,USA,Interest Rate,Federal Funds (Effective),USA_Fed_Funds_Rate,FEDFUNDS,0.13,0.0,,Pre-Trade War,False
2015-08-01,USA,Interest Rate,Federal Funds (Effective),USA_Fed_Funds_Rate,FEDFUNDS,0.14,7.692307692307709,,Pre-Trade War,False
2015-09-01,USA,Interest Rate,Federal Funds (Effective),USA_Fed_Funds_Rate,FEDFUNDS,0.14,0.0,,Pre-Trade War,False
2015-10-01,USA,Interest Rate,Federal Funds (Effective),USA_Fed_Funds_Rate,FEDFUNDS,0.12,-14.285714285714302,,Pre-Trade War,False
2015-11-01,USA,Interest Rate,Federal Funds (Effective),USA_Fed_Funds_Rate,FEDFUNDS,0.12,0.0,,Pre-Trade War,False
2015-12-01,USA,Interest Rate,Federal Funds (Effective),USA_Fed_Funds_Rate,FEDFUNDS,0.24,100.0,,Pre-Trade War,False
2016-01-01,USA,Interest Rate,Federal Funds (Effective),USA_Fed_Funds_Rate,FEDFUNDS,0.34,41.66666666666667,209.09090909090912,Pre-Trade War,False
2016-02-01,USA,Interest Rate,Federal Funds (Effective),USA_Fed_Funds_Rate,FEDFUNDS,0.38,11.764705882352944,245.45454545454547,Pre-Trade War,False
2016-03-01,USA,Interest Rate,Federal Funds (Effective),USA_Fed_Funds_Rate,FEDFUNDS,0.36,-5.263157894736848,227.27272727272725,Pre-Trade War,False
2016-04-01,USA,Interest Rate,Federal Funds (Effective),USA_Fed_Funds_Rate,FEDFUNDS,0.37,2.77777777777779,208.33333333333334,Pre-Trade War,False
2016-05-01,USA,Interest Rate,Federal Funds (Effective),USA_Fed_Funds_Rate,FEDFUNDS,0.37,0.0,208.33333333333334,Pre-Trade War,False
2016-06-01,USA,Interest Rate,Federal Funds (Effective),USA_Fed_Funds_Rate,FEDFUNDS,0.38,2.7027027027026973,192.3076923076923,Pre-Trade War,False
2016-07-01,USA,Interest Rate,Federal Funds (Effective),USA_Fed_Funds_Rate,FEDFUNDS,0.39,2.6315789473684292,200.0,Pre-Trade War,False
2016-08-01,USA,Interest Rate,Federal Funds (Effective),USA_Fed_Funds_Rate,FEDFUNDS,0.4,2.564102564102577,185.71428571428572,Pre-Trade War,False
2016-09-01,USA,Interest Rate,Federal Funds (Effective),USA_Fed_Funds_Rate,FEDFUNDS,0.4,0.0,185.71428571428572,Pre-Trade War,False
2016-10-01,USA,Interest Rate,Federal Funds (Effective),USA_Fed_Funds_Rate,FEDFUNDS,0.4,0.0,233.33333333333334,Pre-Trade War,False
2016-11-01,USA,Interest Rate,Federal Funds (Effective),USA_Fed_Funds_Rate,FEDFUNDS,0.41,2.499999999999991,241.66666666666666,Pre-Trade War,False
2016-12-01,USA,Interest Rate,Federal Funds (Effective),USA_Fed_Funds_Rate,FEDFUNDS,0.54,31.70731707317074,125.00000000000004,Pre-Trade War,False
2017-01-01,USA,Interest Rate,Federal Funds (Effective),USA_Fed_Funds_Rate,FEDFUNDS,0.65,20.370370370370374,91.17647058823528,Pre-Trade War,False
2017-02-01,USA,Interest Rate,Federal Funds (Effective),USA_Fed_Funds_Rate,FEDFUNDS,0.66,1.538461538461533,73.6842105263158,Pre-Trade War,False
2017-03-01,USA,Interest Rate,Federal Funds (Effective),USA_Fed_Funds_Rate,FEDFUNDS,0.79,19.696969696969703,119.44444444444446,Pre-Trade War,False
2017-04-01,USA,Interest Rate,Federal Funds (Effective),USA_Fed_Funds_Rate,FEDFUNDS,0.9,13.924050632911399,143.24324324324326,Pre-Trade War,False
2017-05-01,USA,Interest Rate,Federal Funds (Effective),USA_Fed_Funds_Rate,FEDFUNDS,0.91,1.1111111111111072,145.94594594594597,Pre-Trade War,False
2017-06-01,USA,Interest Rate,Federal Funds (Effective),USA_Fed_Funds_Rate,FEDFUNDS,1.04,14.28571428571428,173.6842105263158,Pre-Trade War,False
2017-07-01,USA,Interest Rate,Federal Funds (Effective),USA_Fed_Funds_Rate,FEDFUNDS,1.15,10.576923076923062,194.87179487179483,Pre-Trade War,False
2017-08-01,USA,Interest Rate,Federal Funds (Effective),USA_Fed_Funds_Rate,FEDFUNDS,1.16,0.8695652173912993,189.99999999999994,Pre-Trade War,False
2017-09-01,USA,Interest Rate,Federal Funds (Effective),USA_Fed_Funds_Rate,FEDFUNDS,1.15,-0.8620689655172376,187.49999999999994,Pre-Trade War,False
2017-10-01,USA,Interest Rate,Federal Funds (Effective),USA_Fed_Funds_Rate,FEDFUNDS,1.15,0.0,187.49999999999994,Pre-Trade War,False
2017-11-01,USA,Interest Rate,Federal Funds (Effective),USA_Fed_Funds_Rate,FEDFUNDS,1.16,0.8695652173912993,182.92682926829266,Pre-Trade War,False
2017-12-01,USA,Interest Rate,Federal Funds (Effective),USA_Fed_Funds_Rate,FEDFUNDS,1.3,12.068965517241391,140.74074074074073,Pre-Trade War,False
2018-01-01,USA,Interest Rate,Federal Funds (Effective),USA_Fed_Funds_Rate,FEDFUNDS,1.41,8.461538461538453,116.9230769230769,Pre-Trade War,False
2018-02-01,USA,Interest Rate,Federal Funds (Effective),USA_Fed_Funds_Rate,FEDFUNDS,1.42,0.7092198581560183,115.15151515151514,Pre-Trade War,False
2018-03-01,USA,Interest Rate,Federal Funds (Effective),USA_Fed_Funds_Rate,FEDFUNDS,1.51,6.338028169014098,91.13924050632912,Trade War 1.0,False
2018-04-01,USA,Interest Rate,Federal Funds (Effective),USA_Fed_Funds_Rate,FEDFUNDS,1.69,11.920529801324498,87.77777777777777,Trade War 1.0,False
2018-05-01,USA,Interest Rate,Federal Funds (Effective),USA_Fed_Funds_Rate,FEDFUNDS,1.7,0.591715976331364,86.81318681318679,Trade War 1.0,False
2018-06-01,USA,Interest Rate,Federal Funds (Effective),USA_Fed_Funds_Rate,FEDFUNDS,1.82,7.058823529411762,75.0,Trade War 1.0,False
2018-07-01,USA,Interest Rate,Federal Funds (Effective),USA_Fed_Funds_Rate,FEDFUNDS,1.91,4.9450549450549275,66.08695652173913,Trade War 1.0,False
2018-08-01,USA,Interest Rate,Federal Funds (Effective),USA_Fed_Funds_Rate,FEDFUNDS,1.91,0.0,64.65517241379311,Trade War 1.0,False
2018-09-01,USA,Interest Rate,Federal Funds (Effective),USA_Fed_Funds_Rate,FEDFUNDS,1.95,2.0942408376963373,69.56521739130437,Trade War 1.0,False
2018-10-01,USA,Interest Rate,Federal Funds (Effective),USA_Fed_Funds_Rate,FEDFUNDS,2.19,12.307692307692308,90.43478260869566,Trade War 1.0,False
2018-11-01,USA,Interest Rate,Federal Funds (Effective),USA_Fed_Funds_Rate,FEDFUNDS,2.2,0.4566210045662267,89.65517241379312,Trade War 1.0,False
2018-12-01,USA,Interest Rate,Federal Funds (Effective),USA_Fed_Funds_Rate,FEDFUNDS,2.27,3.1818181818181746,74.61538461538461,Trade War 1.0,False
2019-01-01,USA,Interest Rate,Federal Funds (Effective),USA_Fed_Funds_Rate,FEDFUNDS,2.4,5.726872246696035,70.2127659574468,Trade War 1.0,False
2019-02-01,USA,Interest Rate,Federal Funds (Effective),USA_Fed_Funds_Rate,FEDFUNDS,2.4,0.0,69.01408450704226,Trade War 1.0,False
2019-03-01,USA,Interest Rate,Federal Funds (Effective),USA_Fed_Funds_Rate,FEDFUNDS,2.41,0.4166666666666874,59.602649006622535,Trade War 1.0,False
2019-04-01,USA,Interest Rate,Federal Funds (Effective),USA_Fed_Funds_Rate,FEDFUNDS,2.42,0.4149377593360981,43.19526627218935,Trade War 1.0,False
2019-05-01,USA,Interest Rate,Federal Funds (Effective),USA_Fed_Funds_Rate,FEDFUNDS,2.39,-1.2396694214875992,40.58823529411766,Trade War 1.0,False
2019-06-01,USA,Interest Rate,Federal Funds (Effective),USA_Fed_Funds_Rate,FEDFUNDS,2.38,-0.4184100418410108,30.76923076923075,Trade War 1.0,False
2019-07-01,USA,Interest Rate,Federal Funds (Effective),USA_Fed_Funds_Rate,FEDFUNDS,2.4,0.8403361344537785,25.654450261780106,Trade War 1.0,False
2019-08-01,USA,Interest Rate,Federal Funds (Effective),USA_Fed_Funds_Rate,FEDFUNDS,2.13,-11.250000000000004,11.518324607329845,Trade War 1.0,False
2019-09-01,USA,Interest Rate,Federal Funds (Effective),USA_Fed_Funds_Rate,FEDFUNDS,2.04,-4.225352112676051,4.615384615384621,Trade War 1.0,False
2019-10-01,USA,Interest Rate,Federal Funds (Effective),USA_Fed_Funds_Rate,FEDFUNDS,1.83,-10.29411764705882,-16.43835616438356,Trade War 1.0,False
2019-11-01,USA,Interest Rate,Federal Funds (Effective),USA_Fed_Funds_Rate,FEDFUNDS,1.55,-15.300546448087438,-29.545454545454554,Trade War 1.0,False
2019-12-01,USA,Interest Rate,Federal Funds (Effective),USA_Fed_Funds_Rate,FEDFUNDS,1.55,0.0,-31.718061674008812,Trade War 1.0,False
2020-01-01,USA,Interest Rate,Federal Funds (Effective),USA_Fed_Funds_Rate,FEDFUNDS,1.55,0.0,-35.416666666666664,Trade War 1.0,False
2020-02-01,USA,Interest Rate,Federal Funds (Effective),USA_Fed_Funds_Rate,FEDFUNDS,1.58,1.9354838709677358,-34.16666666666666,Phase 1 + COVID,False
2020-03-01,USA,Interest Rate,Federal Funds (Effective),USA_Fed_Funds_Rate,FEDFUNDS,0.65,-58.86075949367089,-73.02904564315354,Phase 1 + COVID,False
2020-04-01,USA,Interest Rate,Federal Funds (Effective),USA_Fed_Funds_Rate,FEDFUNDS,0.05,-92.3076923076923,-97.93388429752066,Phase 1 + COVID,False
2020-05-01,USA,Interest Rate,Federal Funds (Effective),USA_Fed_Funds_Rate,FEDFUNDS,0.05,0.0,-97.90794979079497,Phase 1 + COVID,False
2020-06-01,USA,Interest Rate,Federal Funds (Effective),USA_Fed_Funds_Rate,FEDFUNDS,0.08,59.999999999999986,-96.63865546218487,Phase 1 + COVID,False
2020-07-01,USA,Interest Rate,Federal Funds (Effective),USA_Fed_Funds_Rate,FEDFUNDS,0.09,12.5,-96.25,Phase 1 + COVID,False
2020-08-01,USA,Interest Rate,Federal Funds (Effective),USA_Fed_Funds_Rate,FEDFUNDS,0.1,11.111111111111116,-95.30516431924883,Phase 1 + COVID,False
2020-09-01,USA,Interest Rate,Federal Funds (Effective),USA_Fed_Funds_Rate,FEDFUNDS,0.09,-10.000000000000009,-95.58823529411765,Phase 1 + COVID,False
2020-10-01,USA,Interest Rate,Federal Funds (Effective),USA_Fed_Funds_Rate,FEDFUNDS,0.09,0.0,-95.08196721311475,Phase 1 + COVID,False
2020-11-01,USA,Interest Rate,Federal Funds (Effective),USA_Fed_Funds_Rate,FEDFUNDS,0.09,0.0,-94.19354838709677,Phase 1 + COVID,False
2020-12-01,USA,Interest Rate,Federal Funds (Effective),USA_Fed_Funds_Rate,FEDFUNDS,0.09,0.0,-94.19354838709677,Phase 1 + COVID,False
2021-01-01,USA,Interest Rate,Federal Funds (Effective),USA_Fed_Funds_Rate,FEDFUNDS,0.09,0.0,-94.19354838709677,Phase 1 + COVID,False
2021-02-01,USA,Interest Rate,Federal Funds (Effective),USA_Fed_Funds_Rate,FEDFUNDS,0.08,-11.111111111111105,-94.9367088607595,Phase 1 + COVID,False
2021-03-01,USA,Interest Rate,Federal Funds (Effective),USA_Fed_Funds_Rate,FEDFUNDS,0.07,-12.49999999999999,-89.23076923076923,Phase 1 + COVID,False
2021-04-01,USA,Interest Rate,Federal Funds (Effective),USA_Fed_Funds_Rate,FEDFUNDS,0.07,0.0,40.000000000000014,Phase 1 + COVID,False
2021-05-01,USA,Interest Rate,Federal Funds (Effective),USA_Fed_Funds_Rate,FEDFUNDS,0.06,-14.285714285714302,19.999999999999996,Phase 1 + COVID,False
2021-06-01,USA,Interest Rate,Federal Funds (Effective),USA_Fed_Funds_Rate,FEDFUNDS,0.08,33.33333333333335,0.0,Phase 1 + COVID,False
2021-07-01,USA,Interest Rate,Federal Funds (Effective),USA_Fed_Funds_Rate,FEDFUNDS,0.1,25.0,11.111111111111116,Phase 1 + COVID,False
2021-08-01,USA,Interest Rate,Federal Funds (Effective),USA_Fed_Funds_Rate,FEDFUNDS,0.09,-10.000000000000009,-10.000000000000009,Phase 1 + COVID,False
2021-09-01,USA,Interest Rate,Federal Funds (Effective),USA_Fed_Funds_Rate,FEDFUNDS,0.08,-11.111111111111105,-11.111111111111105,Phase 1 + COVID,False
2021-10-01,USA,Interest Rate,Federal Funds (Effective),USA_Fed_Funds_Rate,FEDFUNDS,0.08,0.0,-11.111111111111105,Phase 1 + COVID,False
2021-11-01,USA,Interest Rate,Federal Funds (Effective),USA_Fed_Funds_Rate,FEDFUNDS,0.08,0.0,-11.111111111111105,Phase 1 + COVID,False
2021-12-01,USA,Interest Rate,Federal Funds (Effective),USA_Fed_Funds_Rate,FEDFUNDS,0.08,0.0,-11.111111111111105,Phase 1 + COVID,False
2022-01-01,USA,Interest Rate,Federal Funds (Effective),USA_Fed_Funds_Rate,FEDFUNDS,0.08,0.0,-11.111111111111105,Phase 1 + COVID,False
2022-02-01,USA,Interest Rate,Federal Funds (Effective),USA_Fed_Funds_Rate,FEDFUNDS,0.08,0.0,0.0,Phase 1 + COVID,False
2022-03-01,USA,Interest Rate,Federal Funds (Effective),USA_Fed_Funds_Rate,FEDFUNDS,0.2,150.0,185.71428571428572,Phase 1 + COVID,False
2022-04-01,USA,Interest Rate,Federal Funds (Effective),USA_Fed_Funds_Rate,FEDFUNDS,0.33,64.99999999999999,371.42857142857144,Phase 1 + COVID,False
2022-05-01,USA,Interest Rate,Federal Funds (Effective),USA_Fed_Funds_Rate,FEDFUNDS,0.77,133.33333333333334,1183.3333333333335,Phase 1 + COVID,False
2022-06-01,USA,Interest Rate,Federal Funds (Effective),USA_Fed_Funds_Rate,FEDFUNDS,1.21,57.14285714285714,1412.5,Phase 1 + COVID,False
2022-07-01,USA,Interest Rate,Federal Funds (Effective),USA_Fed_Funds_Rate,FEDFUNDS,1.68,38.84297520661158,1579.9999999999998,Phase 1 + COVID,False
2022-08-01,USA,Interest Rate,Federal Funds (Effective),USA_Fed_Funds_Rate,FEDFUNDS,2.33,38.69047619047621,2488.888888888889,Phase 1 + COVID,False
2022-09-01,USA,Interest Rate,Federal Funds (Effective),USA_Fed_Funds_Rate,FEDFUNDS,2.56,9.871244635193133,3100.0,Phase 1 + COVID,False
2022-10-01,USA,Interest Rate,Federal Funds (Effective),USA_Fed_Funds_Rate,FEDFUNDS,3.08,20.3125,3750.0,Phase 1 + COVID,False
2022-11-01,USA,Interest Rate,Federal Funds (Effective),USA_Fed_Funds_Rate,FEDFUNDS,3.78,22.727272727272705,4625.0,Phase 1 + COVID,False
2022-12-01,USA,Interest Rate,Federal Funds (Effective),USA_Fed_Funds_Rate,FEDFUNDS,4.1,8.465608465608465,5024.999999999999,Phase 1 + COVID,False
2023-01-01,USA,Interest Rate,Federal Funds (Effective),USA_Fed_Funds_Rate,FEDFUNDS,4.33,5.609756097560981,5312.5,Phase 1 + COVID,False
2023-02-01,USA,Interest Rate,Federal Funds (Effective),USA_Fed_Funds_Rate,FEDFUNDS,4.57,5.542725173210172,5612.5,Phase 1 + COVID,False
2023-03-01,USA,Interest Rate,Federal Funds (Effective),USA_Fed_Funds_Rate,FEDFUNDS,4.65,1.7505470459518557,2225.0,Phase 1 + COVID,False
2023-04-01,USA,Interest Rate,Federal Funds (Effective),USA_Fed_Funds_Rate,FEDFUNDS,4.83,3.8709677419354716,1363.6363636363637,Phase 1 + COVID,False
2023-05-01,USA,Interest Rate,Federal Funds (Effective),USA_Fed_Funds_Rate,FEDFUNDS,5.06,4.761904761904745,557.1428571428571,Phase 1 + COVID,False
2023-06-01,USA,Interest Rate,Federal Funds (Effective),USA_Fed_Funds_Rate,FEDFUNDS,5.08,0.39525691699606735,319.8347107438017,Phase 1 + COVID,False
2023-07-01,USA,Interest Rate,Federal Funds (Effective),USA_Fed_Funds_Rate,FEDFUNDS,5.12,0.7874015748031482,204.7619047619048,Phase 1 + COVID,False
2023-08-01,USA,Interest Rate,Federal Funds (Effective),USA_Fed_Funds_Rate,FEDFUNDS,5.33,4.1015625,128.75536480686694,Phase 1 + COVID,False
2023-09-01,USA,Interest Rate,Federal Funds (Effective),USA_Fed_Funds_Rate,FEDFUNDS,5.33,0.0,108.203125,Phase 1 + COVID,False
2023-10-01,USA,Interest Rate,Federal Funds (Effective),USA_Fed_Funds_Rate,FEDFUNDS,5.33,0.0,73.05194805194806,Phase 1 + COVID,False
2023-11-01,USA,Interest Rate,Federal Funds (Effective),USA_Fed_Funds_Rate,FEDFUNDS,5.33,0.0,41.00529100529102,Phase 1 + COVID,False
2023-12-01,USA,Interest Rate,Federal Funds (Effective),USA_Fed_Funds_Rate,FEDFUNDS,5.33,0.0,30.000000000000004,Phase 1 + COVID,False
2024-01-01,USA,Interest Rate,Federal Funds (Effective),USA_Fed_Funds_Rate,FEDFUNDS,5.33,0.0,23.094688221709013,Phase 1 + COVID,False
2024-02-01,USA,Interest Rate,Federal Funds (Effective),USA_Fed_Funds_Rate,FEDFUNDS,5.33,0.0,16.630196936542664,Phase 1 + COVID,False
2024-03-01,USA,Interest Rate,Federal Funds (Effective),USA_Fed_Funds_Rate,FEDFUNDS,5.33,0.0,14.623655913978496,Phase 1 + COVID,False
2024-04-01,USA,Interest Rate,Federal Funds (Effective),USA_Fed_Funds_Rate,FEDFUNDS,5.33,0.0,10.351966873706008,Phase 1 + COVID,False
2024-05-01,USA,Interest Rate,Federal Funds (Effective),USA_Fed_Funds_Rate,FEDFUNDS,5.33,0.0,5.335968379446654,Phase 1 + COVID,False
2024-06-01,USA,Interest Rate,Federal Funds (Effective),USA_Fed_Funds_Rate,FEDFUNDS,5.33,0.0,4.921259842519676,Phase 1 + COVID,False
2024-07-01,USA,Interest Rate,Federal Funds (Effective),USA_Fed_Funds_Rate,FEDFUNDS,5.33,0.0,4.1015625,Phase 1 + COVID,False
2024-08-01,USA,Interest Rate,Federal Funds (Effective),USA_Fed_Funds_Rate,FEDFUNDS,5.33,0.0,0.0,Phase 1 + COVID,False
2024-09-01,USA,Interest Rate,Federal Funds (Effective),USA_Fed_Funds_Rate,FEDFUNDS,5.13,-3.752345215759856,-3.752345215759856,Phase 1 + COVID,False
2024-10-01,USA,Interest Rate,Federal Funds (Effective),USA_Fed_Funds_Rate,FEDFUNDS,4.83,-5.847953216374268,-9.380863039399623,Phase 1 + COVID,False
2024-11-01,USA,Interest Rate,Federal Funds (Effective),USA_Fed_Funds_Rate,FEDFUNDS,4.64,-3.9337474120082927,-12.945590994371493,Phase 1 + COVID,False
2024-12-01,USA,Interest Rate,Federal Funds (Effective),USA_Fed_Funds_Rate,FEDFUNDS,4.48,-3.44827586206895,-15.947467166979356,Phase 1 + COVID,False
2025-01-01,USA,Interest Rate,Federal Funds (Effective),USA_Fed_Funds_Rate,FEDFUNDS,4.33,-3.3482142857142905,-18.761726078799246,Trade War 2.0,False
2025-02-01,USA,Interest Rate,Federal Funds (Effective),USA_Fed_Funds_Rate,FEDFUNDS,4.33,0.0,-18.761726078799246,Trade War 2.0,False
2025-03-01,USA,Interest Rate,Federal Funds (Effective),USA_Fed_Funds_Rate,FEDFUNDS,4.33,0.0,-18.761726078799246,Trade War 2.0,False
2025-04-01,USA,Interest Rate,Federal Funds (Effective),USA_Fed_Funds_Rate,FEDFUNDS,4.33,0.0,-18.761726078799246,Trade War 2.0,False
2025-05-01,USA,Interest Rate,Federal Funds (Effective),USA_Fed_Funds_Rate,FEDFUNDS,4.33,0.0,-18.761726078799246,Trade War 2.0,True
2025-06-01,USA,Interest Rate,Federal Funds (Effective),USA_Fed_Funds_Rate,FEDFUNDS,4.33,0.0,-18.761726078799246,Trade War 2.0,True
2025-07-01,USA,Interest Rate,Federal Funds (Effective),USA_Fed_Funds_Rate,FEDFUNDS,4.33,0.0,-18.761726078799246,Trade War 2.0,True
2025-08-01,USA,Interest Rate,Federal Funds (Effective),USA_Fed_Funds_Rate,FEDFUNDS,4.33,0.0,-18.761726078799246,Trade War 2.0,True
2025-09-01,USA,Interest Rate,Federal Funds (Effective),USA_Fed_Funds_Rate,FEDFUNDS,4.22,-2.5404157043879994,-17.738791423001953,Trade War 2.0,True
2025-10-01,USA,Interest Rate,Federal Funds (Effective),USA_Fed_Funds_Rate,FEDFUNDS,4.09,-3.08056872037914,-15.320910973084889,Trade War 2.0,True
2025-11-01,USA,Interest Rate,Federal Funds (Effective),USA_Fed_Funds_Rate,FEDFUNDS,3.88,-5.134474327628357,-16.37931034482758,Trade War 2.0,True
2025-12-01,USA,Interest Rate,Federal Funds (Effective),USA_Fed_Funds_Rate,FEDFUNDS,3.72,-4.123711340206182,-16.964285714285722,Trade War 2.0,True
2026-01-01,USA,Interest Rate,Federal Funds (Effective),USA_Fed_Funds_Rate,FEDFUNDS,3.64,-2.1505376344086002,-15.935334872979212,Trade War 2.0,True
2026-02-01,USA,Interest Rate,Federal Funds (Effective),USA_Fed_Funds_Rate,FEDFUNDS,3.64,0.0,-15.935334872979212,Trade War 2.0,True
2026-03-01,USA,Interest Rate,Federal Funds (Effective),USA_Fed_Funds_Rate,FEDFUNDS,3.64,0.0,-15.935334872979212,Trade War 2.0,True
2026-04-01,USA,Interest Rate,Federal Funds (Effective),USA_Fed_Funds_Rate,FEDFUNDS,3.64,0.0,-15.935334872979212,Trade War 2.0,True
2015-01-01,USA,Unemployment,% of Labor Force,USA_Unemployment,UNRATE,5.7,,,Pre-Trade War,False
2015-02-01,USA,Unemployment,% of Labor Force,USA_Unemployment,UNRATE,5.5,-3.508771929824561,,Pre-Trade War,False
2015-03-01,USA,Unemployment,% of Labor Force,USA_Unemployment,UNRATE,5.4,-1.8181818181818077,,Pre-Trade War,False
2015-04-01,USA,Unemployment,% of Labor Force,USA_Unemployment,UNRATE,5.4,0.0,,Pre-Trade War,False
2015-05-01,USA,Unemployment,% of Labor Force,USA_Unemployment,UNRATE,5.6,3.703703703703698,,Pre-Trade War,False
2015-06-01,USA,Unemployment,% of Labor Force,USA_Unemployment,UNRATE,5.3,-5.357142857142849,,Pre-Trade War,False
2015-07-01,USA,Unemployment,% of Labor Force,USA_Unemployment,UNRATE,5.2,-1.8867924528301772,,Pre-Trade War,False
2015-08-01,USA,Unemployment,% of Labor Force,USA_Unemployment,UNRATE,5.1,-1.9230769230769384,,Pre-Trade War,False
2015-09-01,USA,Unemployment,% of Labor Force,USA_Unemployment,UNRATE,5.0,-1.9607843137254832,,Pre-Trade War,False
2015-10-01,USA,Unemployment,% of Labor Force,USA_Unemployment,UNRATE,5.0,0.0,,Pre-Trade War,False
2015-11-01,USA,Unemployment,% of Labor Force,USA_Unemployment,UNRATE,5.1,2.0000000000000018,,Pre-Trade War,False
2015-12-01,USA,Unemployment,% of Labor Force,USA_Unemployment,UNRATE,5.0,-1.9607843137254832,,Pre-Trade War,False
2016-01-01,USA,Unemployment,% of Labor Force,USA_Unemployment,UNRATE,4.8,-4.0000000000000036,-15.789473684210531,Pre-Trade War,False
2016-02-01,USA,Unemployment,% of Labor Force,USA_Unemployment,UNRATE,4.9,2.083333333333348,-10.909090909090901,Pre-Trade War,False
2016-03-01,USA,Unemployment,% of Labor Force,USA_Unemployment,UNRATE,5.0,2.0408163265306145,-7.407407407407418,Pre-Trade War,False
2016-04-01,USA,Unemployment,% of Labor Force,USA_Unemployment,UNRATE,5.1,2.0000000000000018,-5.55555555555557,Pre-Trade War,False
2016-05-01,USA,Unemployment,% of Labor Force,USA_Unemployment,UNRATE,4.8,-5.882352941176472,-14.28571428571428,Pre-Trade War,False
2016-06-01,USA,Unemployment,% of Labor Force,USA_Unemployment,UNRATE,4.9,2.083333333333348,-7.547169811320742,Pre-Trade War,False
2016-07-01,USA,Unemployment,% of Labor Force,USA_Unemployment,UNRATE,4.8,-2.0408163265306256,-7.692307692307699,Pre-Trade War,False
2016-08-01,USA,Unemployment,% of Labor Force,USA_Unemployment,UNRATE,4.9,2.083333333333348,-3.9215686274509665,Pre-Trade War,False
2016-09-01,USA,Unemployment,% of Labor Force,USA_Unemployment,UNRATE,5.0,2.0408163265306145,0.0,Pre-Trade War,False
2016-10-01,USA,Unemployment,% of Labor Force,USA_Unemployment,UNRATE,4.9,-1.9999999999999907,-1.9999999999999907,Pre-Trade War,False
2016-11-01,USA,Unemployment,% of Labor Force,USA_Unemployment,UNRATE,4.7,-4.081632653061229,-7.843137254901955,Pre-Trade War,False
2016-12-01,USA,Unemployment,% of Labor Force,USA_Unemployment,UNRATE,4.7,0.0,-5.999999999999995,Pre-Trade War,False
2017-01-01,USA,Unemployment,% of Labor Force,USA_Unemployment,UNRATE,4.7,0.0,-2.083333333333326,Pre-Trade War,False
2017-02-01,USA,Unemployment,% of Labor Force,USA_Unemployment,UNRATE,4.6,-2.1276595744680993,-6.122448979591855,Pre-Trade War,False
2017-03-01,USA,Unemployment,% of Labor Force,USA_Unemployment,UNRATE,4.4,-4.347826086956507,-11.99999999999999,Pre-Trade War,False
2017-04-01,USA,Unemployment,% of Labor Force,USA_Unemployment,UNRATE,4.4,0.0,-13.725490196078416,Pre-Trade War,False
2017-05-01,USA,Unemployment,% of Labor Force,USA_Unemployment,UNRATE,4.4,0.0,-8.333333333333325,Pre-Trade War,False
2017-06-01,USA,Unemployment,% of Labor Force,USA_Unemployment,UNRATE,4.3,-2.272727272727282,-12.244897959183687,Pre-Trade War,False
2017-07-01,USA,Unemployment,% of Labor Force,USA_Unemployment,UNRATE,4.3,0.0,-10.416666666666663,Pre-Trade War,False
2017-08-01,USA,Unemployment,% of Labor Force,USA_Unemployment,UNRATE,4.4,2.3255813953488413,-10.204081632653061,Pre-Trade War,False
2017-09-01,USA,Unemployment,% of Labor Force,USA_Unemployment,UNRATE,4.3,-2.272727272727282,-14.000000000000002,Pre-Trade War,False
2017-10-01,USA,Unemployment,% of Labor Force,USA_Unemployment,UNRATE,4.2,-2.3255813953488302,-14.28571428571429,Pre-Trade War,False
2017-11-01,USA,Unemployment,% of Labor Force,USA_Unemployment,UNRATE,4.2,0.0,-10.63829787234043,Pre-Trade War,False
2017-12-01,USA,Unemployment,% of Labor Force,USA_Unemployment,UNRATE,4.1,-2.3809523809523947,-12.765957446808518,Pre-Trade War,False
2018-01-01,USA,Unemployment,% of Labor Force,USA_Unemployment,UNRATE,4.0,-2.4390243902438935,-14.893617021276595,Pre-Trade War,False
2018-02-01,USA,Unemployment,% of Labor Force,USA_Unemployment,UNRATE,4.1,2.499999999999991,-10.869565217391308,Pre-Trade War,False
2018-03-01,USA,Unemployment,% of Labor Force,USA_Unemployment,UNRATE,4.0,-2.4390243902438935,-9.090909090909093,Trade War 1.0,False
2018-04-01,USA,Unemployment,% of Labor Force,USA_Unemployment,UNRATE,4.0,0.0,-9.090909090909093,Trade War 1.0,False
2018-05-01,USA,Unemployment,% of Labor Force,USA_Unemployment,UNRATE,3.8,-5.000000000000004,-13.636363636363647,Trade War 1.0,False
2018-06-01,USA,Unemployment,% of Labor Force,USA_Unemployment,UNRATE,4.0,5.263157894736836,-6.976744186046513,Trade War 1.0,False
2018-07-01,USA,Unemployment,% of Labor Force,USA_Unemployment,UNRATE,3.8,-5.000000000000004,-11.627906976744185,Trade War 1.0,False
2018-08-01,USA,Unemployment,% of Labor Force,USA_Unemployment,UNRATE,3.8,0.0,-13.636363636363647,Trade War 1.0,False
2018-09-01,USA,Unemployment,% of Labor Force,USA_Unemployment,UNRATE,3.7,-2.631578947368407,-13.953488372093014,Trade War 1.0,False
2018-10-01,USA,Unemployment,% of Labor Force,USA_Unemployment,UNRATE,3.8,2.7027027027026973,-9.523809523809534,Trade War 1.0,False
2018-11-01,USA,Unemployment,% of Labor Force,USA_Unemployment,UNRATE,3.8,0.0,-9.523809523809534,Trade War 1.0,False
2018-12-01,USA,Unemployment,% of Labor Force,USA_Unemployment,UNRATE,3.9,2.6315789473684292,-4.8780487804877986,Trade War 1.0,False
2019-01-01,USA,Unemployment,% of Labor Force,USA_Unemployment,UNRATE,4.0,2.564102564102577,0.0,Trade War 1.0,False
2019-02-01,USA,Unemployment,% of Labor Force,USA_Unemployment,UNRATE,3.8,-5.000000000000004,-7.317073170731703,Trade War 1.0,False
2019-03-01,USA,Unemployment,% of Labor Force,USA_Unemployment,UNRATE,3.8,0.0,-5.000000000000004,Trade War 1.0,False
2019-04-01,USA,Unemployment,% of Labor Force,USA_Unemployment,UNRATE,3.7,-2.631578947368407,-7.499999999999996,Trade War 1.0,False
2019-05-01,USA,Unemployment,% of Labor Force,USA_Unemployment,UNRATE,3.6,-2.7027027027027084,-5.263157894736836,Trade War 1.0,False
2019-06-01,USA,Unemployment,% of Labor Force,USA_Unemployment,UNRATE,3.6,0.0,-9.999999999999998,Trade War 1.0,False
2019-07-01,USA,Unemployment,% of Labor Force,USA_Unemployment,UNRATE,3.7,2.77777777777779,-2.631578947368407,Trade War 1.0,False
2019-08-01,USA,Unemployment,% of Labor Force,USA_Unemployment,UNRATE,3.6,-2.7027027027027084,-5.263157894736836,Trade War 1.0,False
2019-09-01,USA,Unemployment,% of Labor Force,USA_Unemployment,UNRATE,3.5,-2.777777777777779,-5.405405405405405,Trade War 1.0,False
2019-10-01,USA,Unemployment,% of Labor Force,USA_Unemployment,UNRATE,3.6,2.857142857142869,-5.263157894736836,Trade War 1.0,False
2019-11-01,USA,Unemployment,% of Labor Force,USA_Unemployment,UNRATE,3.6,0.0,-5.263157894736836,Trade War 1.0,False
2019-12-01,USA,Unemployment,% of Labor Force,USA_Unemployment,UNRATE,3.6,0.0,-7.692307692307687,Trade War 1.0,False
2020-01-01,USA,Unemployment,% of Labor Force,USA_Unemployment,UNRATE,3.6,0.0,-9.999999999999998,Trade War 1.0,False
2020-02-01,USA,Unemployment,% of Labor Force,USA_Unemployment,UNRATE,3.5,-2.777777777777779,-7.894736842105255,Phase 1 + COVID,False
2020-03-01,USA,Unemployment,% of Labor Force,USA_Unemployment,UNRATE,4.4,25.714285714285733,15.789473684210531,Phase 1 + COVID,False
2020-04-01,USA,Unemployment,% of Labor Force,USA_Unemployment,UNRATE,14.8,236.36363636363632,300.0,Phase 1 + COVID,False
2020-05-01,USA,Unemployment,% of Labor Force,USA_Unemployment,UNRATE,13.2,-10.810810810810823,266.66666666666663,Phase 1 + COVID,False
2020-06-01,USA,Unemployment,% of Labor Force,USA_Unemployment,UNRATE,11.0,-16.666666666666664,205.55555555555554,Phase 1 + COVID,False
2020-07-01,USA,Unemployment,% of Labor Force,USA_Unemployment,UNRATE,10.2,-7.272727272727275,175.67567567567565,Phase 1 + COVID,False
2020-08-01,USA,Unemployment,% of Labor Force,USA_Unemployment,UNRATE,8.4,-17.647058823529406,133.33333333333334,Phase 1 + COVID,False
2020-09-01,USA,Unemployment,% of Labor Force,USA_Unemployment,UNRATE,7.8,-7.142857142857151,122.85714285714286,Phase 1 + COVID,False
2020-10-01,USA,Unemployment,% of Labor Force,USA_Unemployment,UNRATE,6.9,-11.538461538461531,91.66666666666667,Phase 1 + COVID,False
2020-11-01,USA,Unemployment,% of Labor Force,USA_Unemployment,UNRATE,6.7,-2.898550724637683,86.11111111111111,Phase 1 + COVID,False
2020-12-01,USA,Unemployment,% of Labor Force,USA_Unemployment,UNRATE,6.7,0.0,86.11111111111111,Phase 1 + COVID,False
2021-01-01,USA,Unemployment,% of Labor Force,USA_Unemployment,UNRATE,6.4,-4.477611940298509,77.77777777777779,Phase 1 + COVID,False
2021-02-01,USA,Unemployment,% of Labor Force,USA_Unemployment,UNRATE,6.2,-3.125,77.14285714285715,Phase 1 + COVID,False
2021-03-01,USA,Unemployment,% of Labor Force,USA_Unemployment,UNRATE,6.1,-1.6129032258064613,38.636363636363626,Phase 1 + COVID,False
2021-04-01,USA,Unemployment,% of Labor Force,USA_Unemployment,UNRATE,6.1,0.0,-58.7837837837838,Phase 1 + COVID,False
2021-05-01,USA,Unemployment,% of Labor Force,USA_Unemployment,UNRATE,5.8,-4.91803278688524,-56.060606060606055,Phase 1 + COVID,False
2021-06-01,USA,Unemployment,% of Labor Force,USA_Unemployment,UNRATE,5.9,1.7241379310344973,-46.36363636363636,Phase 1 + COVID,False
2021-07-01,USA,Unemployment,% of Labor Force,USA_Unemployment,UNRATE,5.4,-8.47457627118644,-47.058823529411754,Phase 1 + COVID,False
2021-08-01,USA,Unemployment,% of Labor Force,USA_Unemployment,UNRATE,5.1,-5.55555555555557,-39.28571428571429,Phase 1 + COVID,False
2021-09-01,USA,Unemployment,% of Labor Force,USA_Unemployment,UNRATE,4.7,-7.843137254901955,-39.74358974358974,Phase 1 + COVID,False
2021-10-01,USA,Unemployment,% of Labor Force,USA_Unemployment,UNRATE,4.5,-4.255319148936176,-34.78260869565217,Phase 1 + COVID,False
2021-11-01,USA,Unemployment,% of Labor Force,USA_Unemployment,UNRATE,4.1,-8.888888888888902,-38.805970149253746,Phase 1 + COVID,False
2021-12-01,USA,Unemployment,% of Labor Force,USA_Unemployment,UNRATE,3.9,-4.8780487804877986,-41.7910447761194,Phase 1 + COVID,False
2022-01-01,USA,Unemployment,% of Labor Force,USA_Unemployment,UNRATE,4.0,2.564102564102577,-37.5,Phase 1 + COVID,False
2022-02-01,USA,Unemployment,% of Labor Force,USA_Unemployment,UNRATE,3.9,-2.500000000000002,-37.096774193548384,Phase 1 + COVID,False
2022-03-01,USA,Unemployment,% of Labor Force,USA_Unemployment,UNRATE,3.7,-5.128205128205121,-39.344262295081954,Phase 1 + COVID,False
2022-04-01,USA,Unemployment,% of Labor Force,USA_Unemployment,UNRATE,3.7,0.0,-39.344262295081954,Phase 1 + COVID,False
2022-05-01,USA,Unemployment,% of Labor Force,USA_Unemployment,UNRATE,3.6,-2.7027027027027084,-37.93103448275862,Phase 1 + COVID,False
2022-06-01,USA,Unemployment,% of Labor Force,USA_Unemployment,UNRATE,3.6,0.0,-38.98305084745763,Phase 1 + COVID,False
2022-07-01,USA,Unemployment,% of Labor Force,USA_Unemployment,UNRATE,3.5,-2.777777777777779,-35.18518518518518,Phase 1 + COVID,False
2022-08-01,USA,Unemployment,% of Labor Force,USA_Unemployment,UNRATE,3.6,2.857142857142869,-29.411764705882348,Phase 1 + COVID,False
2022-09-01,USA,Unemployment,% of Labor Force,USA_Unemployment,UNRATE,3.5,-2.777777777777779,-25.531914893617024,Phase 1 + COVID,False
2022-10-01,USA,Unemployment,% of Labor Force,USA_Unemployment,UNRATE,3.6,2.857142857142869,-19.999999999999996,Phase 1 + COVID,False
2022-11-01,USA,Unemployment,% of Labor Force,USA_Unemployment,UNRATE,3.6,0.0,-12.195121951219502,Phase 1 + COVID,False
2022-12-01,USA,Unemployment,% of Labor Force,USA_Unemployment,UNRATE,3.5,-2.777777777777779,-10.256410256410254,Phase 1 + COVID,False
2023-01-01,USA,Unemployment,% of Labor Force,USA_Unemployment,UNRATE,3.5,0.0,-12.5,Phase 1 + COVID,False
2023-02-01,USA,Unemployment,% of Labor Force,USA_Unemployment,UNRATE,3.6,2.857142857142869,-7.692307692307687,Phase 1 + COVID,False
2023-03-01,USA,Unemployment,% of Labor Force,USA_Unemployment,UNRATE,3.5,-2.777777777777779,-5.405405405405405,Phase 1 + COVID,False
2023-04-01,USA,Unemployment,% of Labor Force,USA_Unemployment,UNRATE,3.4,-2.857142857142858,-8.108108108108114,Phase 1 + COVID,False
2023-05-01,USA,Unemployment,% of Labor Force,USA_Unemployment,UNRATE,3.6,5.882352941176472,0.0,Phase 1 + COVID,False
2023-06-01,USA,Unemployment,% of Labor Force,USA_Unemployment,UNRATE,3.6,0.0,0.0,Phase 1 + COVID,False
2023-07-01,USA,Unemployment,% of Labor Force,USA_Unemployment,UNRATE,3.5,-2.777777777777779,0.0,Phase 1 + COVID,False
2023-08-01,USA,Unemployment,% of Labor Force,USA_Unemployment,UNRATE,3.7,5.714285714285716,2.77777777777779,Phase 1 + COVID,False
2023-09-01,USA,Unemployment,% of Labor Force,USA_Unemployment,UNRATE,3.7,0.0,5.714285714285716,Phase 1 + COVID,False
2023-10-01,USA,Unemployment,% of Labor Force,USA_Unemployment,UNRATE,3.9,5.405405405405395,8.333333333333325,Phase 1 + COVID,False
2023-11-01,USA,Unemployment,% of Labor Force,USA_Unemployment,UNRATE,3.7,-5.128205128205121,2.77777777777779,Phase 1 + COVID,False
2023-12-01,USA,Unemployment,% of Labor Force,USA_Unemployment,UNRATE,3.8,2.7027027027026973,8.571428571428562,Phase 1 + COVID,False
2024-01-01,USA,Unemployment,% of Labor Force,USA_Unemployment,UNRATE,3.7,-2.631578947368407,5.714285714285716,Phase 1 + COVID,False
2024-02-01,USA,Unemployment,% of Labor Force,USA_Unemployment,UNRATE,3.9,5.405405405405395,8.333333333333325,Phase 1 + COVID,False
2024-03-01,USA,Unemployment,% of Labor Force,USA_Unemployment,UNRATE,3.9,0.0,11.428571428571432,Phase 1 + COVID,False
2024-04-01,USA,Unemployment,% of Labor Force,USA_Unemployment,UNRATE,3.9,0.0,14.705882352941169,Phase 1 + COVID,False
2024-05-01,USA,Unemployment,% of Labor Force,USA_Unemployment,UNRATE,3.9,0.0,8.333333333333325,Phase 1 + COVID,False
2024-06-01,USA,Unemployment,% of Labor Force,USA_Unemployment,UNRATE,4.1,5.128205128205132,13.888888888888884,Phase 1 + COVID,False
2024-07-01,USA,Unemployment,% of Labor Force,USA_Unemployment,UNRATE,4.2,2.4390243902439046,19.999999999999996,Phase 1 + COVID,False
2024-08-01,USA,Unemployment,% of Labor Force,USA_Unemployment,UNRATE,4.2,0.0,13.513513513513509,Phase 1 + COVID,False
2024-09-01,USA,Unemployment,% of Labor Force,USA_Unemployment,UNRATE,4.1,-2.3809523809523947,10.81081081081079,Phase 1 + COVID,False
2024-10-01,USA,Unemployment,% of Labor Force,USA_Unemployment,UNRATE,4.1,0.0,5.128205128205132,Phase 1 + COVID,False
2024-11-01,USA,Unemployment,% of Labor Force,USA_Unemployment,UNRATE,4.2,2.4390243902439046,13.513513513513509,Phase 1 + COVID,False
2024-12-01,USA,Unemployment,% of Labor Force,USA_Unemployment,UNRATE,4.1,-2.3809523809523947,7.8947368421052655,Phase 1 + COVID,False
2025-01-01,USA,Unemployment,% of Labor Force,USA_Unemployment,UNRATE,4.0,-2.4390243902438935,8.108108108108091,Trade War 2.0,False
2025-02-01,USA,Unemployment,% of Labor Force,USA_Unemployment,UNRATE,4.2,5.000000000000004,7.692307692307709,Trade War 2.0,False
2025-03-01,USA,Unemployment,% of Labor Force,USA_Unemployment,UNRATE,4.2,0.0,7.692307692307709,Trade War 2.0,False
2025-04-01,USA,Unemployment,% of Labor Force,USA_Unemployment,UNRATE,4.2,0.0,7.692307692307709,Trade War 2.0,False
2025-05-01,USA,Unemployment,% of Labor Force,USA_Unemployment,UNRATE,4.3,2.3809523809523725,10.256410256410264,Trade War 2.0,True
2025-06-01,USA,Unemployment,% of Labor Force,USA_Unemployment,UNRATE,4.1,-4.651162790697683,0.0,Trade War 2.0,True
2025-07-01,USA,Unemployment,% of Labor Force,USA_Unemployment,UNRATE,4.3,4.878048780487809,2.3809523809523725,Trade War 2.0,True
2025-08-01,USA,Unemployment,% of Labor Force,USA_Unemployment,UNRATE,4.3,0.0,2.3809523809523725,Trade War 2.0,True
2025-09-01,USA,Unemployment,% of Labor Force,USA_Unemployment,UNRATE,4.4,2.3255813953488413,7.317073170731736,Trade War 2.0,True
2025-11-01,USA,Unemployment,% of Labor Force,USA_Unemployment,UNRATE,4.5,2.2727272727272707,9.756097560975618,Trade War 2.0,True
2025-12-01,USA,Unemployment,% of Labor Force,USA_Unemployment,UNRATE,4.4,-2.2222222222222143,4.761904761904767,Trade War 2.0,True
2026-01-01,USA,Unemployment,% of Labor Force,USA_Unemployment,UNRATE,4.3,-2.272727272727282,4.878048780487809,Trade War 2.0,True
2026-02-01,USA,Unemployment,% of Labor Force,USA_Unemployment,UNRATE,4.4,2.3255813953488413,10.000000000000009,Trade War 2.0,True
2026-03-01,USA,Unemployment,% of Labor Force,USA_Unemployment,UNRATE,4.3,-2.272727272727282,2.3809523809523725,Trade War 2.0,True
