year,country_code,country,type,indicator,indicator_name,value,yoy_change_pct,period
2015,US,USA,Trade,NE.EXP.GNFS.CD,Exports of goods & services (USD),2270622000000.0,,Pre-Trade War
2016,US,USA,Trade,NE.EXP.GNFS.CD,Exports of goods & services (USD),2235558000000.0,-1.544246466386745,Pre-Trade War
2017,US,USA,Trade,NE.EXP.GNFS.CD,Exports of goods & services (USD),2388260000000.0,6.8305988929833195,Pre-Trade War
2018,US,USA,Trade,NE.EXP.GNFS.CD,Exports of goods & services (USD),2538089000000.0,6.273563179888297,Trade War 1.0
2019,US,USA,Trade,NE.EXP.GNFS.CD,Exports of goods & services (USD),2539391000000.0,0.051298437525248985,Trade War 1.0
2020,US,USA,Trade,NE.EXP.GNFS.CD,Exports of goods & services (USD),2151139000000.0,-15.289177602031357,Trade War 1.0
2021,US,USA,Trade,NE.EXP.GNFS.CD,Exports of goods & services (USD),2555430000000.0,18.794275962641183,Recovery
2022,US,USA,Trade,NE.EXP.GNFS.CD,Exports of goods & services (USD),3017379000000.0,18.077153355795318,Recovery
2023,US,USA,Trade,NE.EXP.GNFS.CD,Exports of goods & services (USD),3052469000000.0,1.1629298142527,Recovery
2024,US,USA,Trade,NE.EXP.GNFS.CD,Exports of goods & services (USD),3193500000000.0,4.620227101405461,Recovery
2015,CN,China,Trade,NE.EXP.GNFS.CD,Exports of goods & services (USD),2362097053274.6,,Pre-Trade War
2016,CN,China,Trade,NE.EXP.GNFS.CD,Exports of goods & services (USD),2199974853570.14,-6.863485963868765,Pre-Trade War
2017,CN,China,Trade,NE.EXP.GNFS.CD,Exports of goods & services (USD),2424216052098.35,10.192898258100968,Pre-Trade War
2018,CN,China,Trade,NE.EXP.GNFS.CD,Exports of goods & services (USD),2655609176087.45,9.545070200686578,Trade War 1.0
2019,CN,China,Trade,NE.EXP.GNFS.CD,Exports of goods & services (USD),2628941104657.6,-1.004216722474971,Trade War 1.0
2020,CN,China,Trade,NE.EXP.GNFS.CD,Exports of goods & services (USD),2729884575163.89,3.8397007193296195,Trade War 1.0
2021,CN,China,Trade,NE.EXP.GNFS.CD,Exports of goods & services (USD),3554107780957.44,30.192602767612154,Recovery
2022,CN,China,Trade,NE.EXP.GNFS.CD,Exports of goods & services (USD),3717887818646.97,4.608189953243613,Recovery
2023,CN,China,Trade,NE.EXP.GNFS.CD,Exports of goods & services (USD),3490089712362.99,-6.127083908811459,Recovery
2024,CN,China,Trade,NE.EXP.GNFS.CD,Exports of goods & services (USD),3753056083349.04,7.534659354300843,Recovery
2015,DE,Germany,Trade,NE.EXP.GNFS.CD,Exports of goods & services (USD),1458592274325.0,,Pre-Trade War
2016,DE,Germany,Trade,NE.EXP.GNFS.CD,Exports of goods & services (USD),1472560807845.53,0.9576722547083527,Pre-Trade War
2017,DE,Germany,Trade,NE.EXP.GNFS.CD,Exports of goods & services (USD),1589089750187.06,7.913353507759102,Pre-Trade War
2018,DE,Germany,Trade,NE.EXP.GNFS.CD,Exports of goods & services (USD),1723433049609.41,8.454103955206783,Trade War 1.0
2019,DE,Germany,Trade,NE.EXP.GNFS.CD,Exports of goods & services (USD),1676629137011.76,-2.715737208837754,Trade War 1.0
2020,DE,Germany,Trade,NE.EXP.GNFS.CD,Exports of goods & services (USD),1541867660412.46,-8.037643723613453,Trade War 1.0
2021,DE,Germany,Trade,NE.EXP.GNFS.CD,Exports of goods & services (USD),1851846071996.09,20.104086721729985,Recovery
2022,DE,Germany,Trade,NE.EXP.GNFS.CD,Exports of goods & services (USD),1916859170749.03,3.5107182900392386,Recovery
2023,DE,Germany,Trade,NE.EXP.GNFS.CD,Exports of goods & services (USD),1960255682615.72,2.2639384535344975,Recovery
2024,DE,Germany,Trade,NE.EXP.GNFS.CD,Exports of goods & services (USD),1941431210621.87,-0.9603069722379787,Recovery
2015,CA,Canada,Trade,NE.EXP.GNFS.CD,Exports of goods & services (USD),495747450357.728,,Pre-Trade War
2016,CA,Canada,Trade,NE.EXP.GNFS.CD,Exports of goods & services (USD),481357649980.237,-2.9026473796501473,Pre-Trade War
2017,CA,Canada,Trade,NE.EXP.GNFS.CD,Exports of goods & services (USD),518766780219.71,7.771587351111786,Pre-Trade War
2018,CA,Canada,Trade,NE.EXP.GNFS.CD,Exports of goods & services (USD),557719627178.031,7.508739657890873,Trade War 1.0
2019,CA,Canada,Trade,NE.EXP.GNFS.CD,Exports of goods & services (USD),564142104614.779,1.151560232736415,Trade War 1.0
2020,CA,Canada,Trade,NE.EXP.GNFS.CD,Exports of goods & services (USD),487990676642.934,-13.498625142302501,Trade War 1.0
2021,CA,Canada,Trade,NE.EXP.GNFS.CD,Exports of goods & services (USD),630478158309.719,29.198812290228247,Recovery
2022,CA,Canada,Trade,NE.EXP.GNFS.CD,Exports of goods & services (USD),743495409319.726,17.92564096320175,Recovery
2023,CA,Canada,Trade,NE.EXP.GNFS.CD,Exports of goods & services (USD),724806087191.631,-2.513710494217458,Recovery
2024,CA,Canada,Trade,NE.EXP.GNFS.CD,Exports of goods & services (USD),727920466717.008,0.4296845156811724,Recovery
2015,MX,Mexico,Trade,NE.EXP.GNFS.CD,Exports of goods & services (USD),414495031033.993,,Pre-Trade War
2016,MX,Mexico,Trade,NE.EXP.GNFS.CD,Exports of goods & services (USD),409476294705.042,-1.2108073567085542,Pre-Trade War
2017,MX,Mexico,Trade,NE.EXP.GNFS.CD,Exports of goods & services (USD),446688309687.408,9.087709218715823,Pre-Trade War
2018,MX,Mexico,Trade,NE.EXP.GNFS.CD,Exports of goods & services (USD),490508969545.438,9.810120145901212,Trade War 1.0
2019,MX,Mexico,Trade,NE.EXP.GNFS.CD,Exports of goods & services (USD),502467566320.434,2.437997573434436,Trade War 1.0
2020,MX,Mexico,Trade,NE.EXP.GNFS.CD,Exports of goods & services (USD),439853932827.966,-12.461228881097174,Trade War 1.0
2021,MX,Mexico,Trade,NE.EXP.GNFS.CD,Exports of goods & services (USD),534121610565.454,21.431586875081464,Recovery
2022,MX,Mexico,Trade,NE.EXP.GNFS.CD,Exports of goods & services (USD),629788673074.2,17.911101257907713,Recovery
2023,MX,Mexico,Trade,NE.EXP.GNFS.CD,Exports of goods & services (USD),648642274776.945,2.9936393760012336,Recovery
2024,MX,Mexico,Trade,NE.EXP.GNFS.CD,Exports of goods & services (USD),681348718684.406,5.042292983248453,Recovery
2015,JP,Japan,Trade,NE.EXP.GNFS.CD,Exports of goods & services (USD),775051882733.212,,Pre-Trade War
2016,JP,Japan,Trade,NE.EXP.GNFS.CD,Exports of goods & services (USD),803489014102.661,3.6690616464494896,Pre-Trade War
2017,JP,Japan,Trade,NE.EXP.GNFS.CD,Exports of goods & services (USD),867405253150.188,7.954836709112789,Pre-Trade War
2018,JP,Japan,Trade,NE.EXP.GNFS.CD,Exports of goods & services (USD),923234601723.625,6.436362746326418,Trade War 1.0
2019,JP,Japan,Trade,NE.EXP.GNFS.CD,Exports of goods & services (USD),893782209080.495,-3.1901309361828667,Trade War 1.0
2020,JP,Japan,Trade,NE.EXP.GNFS.CD,Exports of goods & services (USD),785057625362.297,-12.164550000391216,Trade War 1.0
2021,JP,Japan,Trade,NE.EXP.GNFS.CD,Exports of goods & services (USD),912549013982.719,16.239749096327284,Recovery
2022,JP,Japan,Trade,NE.EXP.GNFS.CD,Exports of goods & services (USD),918408424578.807,0.6420926992748877,Recovery
2023,JP,Japan,Trade,NE.EXP.GNFS.CD,Exports of goods & services (USD),920644083095.705,0.24342748357553123,Recovery
2024,JP,Japan,Trade,NE.EXP.GNFS.CD,Exports of goods & services (USD),917043674686.877,-0.39107495230094047,Recovery
2015,KR,South Korea,Trade,NE.EXP.GNFS.CD,Exports of goods & services (USD),630586518885.63,,Pre-Trade War
2016,KR,South Korea,Trade,NE.EXP.GNFS.CD,Exports of goods & services (USD),601861440813.944,-4.555295302292361,Pre-Trade War
2017,KR,South Korea,Trade,NE.EXP.GNFS.CD,Exports of goods & services (USD),664392456663.161,10.38960325563496,Pre-Trade War
2018,KR,South Korea,Trade,NE.EXP.GNFS.CD,Exports of goods & services (USD),719710064860.371,8.326043988373467,Trade War 1.0
2019,KR,South Korea,Trade,NE.EXP.GNFS.CD,Exports of goods & services (USD),648610576582.722,-9.878907041746421,Trade War 1.0
2020,KR,South Korea,Trade,NE.EXP.GNFS.CD,Exports of goods & services (USD),603713417774.2,-6.922051602221446,Trade War 1.0
2021,KR,South Korea,Trade,NE.EXP.GNFS.CD,Exports of goods & services (USD),764083221345.796,26.563895856887743,Recovery
2022,KR,South Korea,Trade,NE.EXP.GNFS.CD,Exports of goods & services (USD),815019022384.453,6.666263518906046,Recovery
2023,KR,South Korea,Trade,NE.EXP.GNFS.CD,Exports of goods & services (USD),762299062736.35,-6.468555726940384,Recovery
2024,KR,South Korea,Trade,NE.EXP.GNFS.CD,Exports of goods & services (USD),831889172091.318,9.128977425889428,Recovery
2015,IN,India,Trade,NE.EXP.GNFS.CD,Exports of goods & services (USD),416787940847.812,,Pre-Trade War
2016,IN,India,Trade,NE.EXP.GNFS.CD,Exports of goods & services (USD),439642578076.358,5.483516913194775,Pre-Trade War
2017,IN,India,Trade,NE.EXP.GNFS.CD,Exports of goods & services (USD),498258808231.521,13.33270094348833,Pre-Trade War
2018,IN,India,Trade,NE.EXP.GNFS.CD,Exports of goods & services (USD),538635186135.438,8.103495058567178,Trade War 1.0
2019,IN,India,Trade,NE.EXP.GNFS.CD,Exports of goods & services (USD),529245063167.215,-1.7433177798120814,Trade War 1.0
2020,IN,India,Trade,NE.EXP.GNFS.CD,Exports of goods & services (USD),499728529072.629,-5.577101450497657,Trade War 1.0
2021,IN,India,Trade,NE.EXP.GNFS.CD,Exports of goods & services (USD),677769255428.552,35.627488926101925,Recovery
2022,IN,India,Trade,NE.EXP.GNFS.CD,Exports of goods & services (USD),778021514754.531,14.791502937469447,Recovery
2023,IN,India,Trade,NE.EXP.GNFS.CD,Exports of goods & services (USD),780408530088.596,0.3068058259054762,Recovery
2024,IN,India,Trade,NE.EXP.GNFS.CD,Exports of goods & services (USD),827405227198.603,6.022063483169737,Recovery
2015,GB,UK,Trade,NE.EXP.GNFS.CD,Exports of goods & services (USD),821200386071.742,,Pre-Trade War
2016,GB,UK,Trade,NE.EXP.GNFS.CD,Exports of goods & services (USD),786640412453.566,-4.2084702107235366,Pre-Trade War
2017,GB,UK,Trade,NE.EXP.GNFS.CD,Exports of goods & services (USD),836020370556.138,6.277322817493403,Pre-Trade War
2018,GB,UK,Trade,NE.EXP.GNFS.CD,Exports of goods & services (USD),922834772428.163,10.384244801867016,Trade War 1.0
2019,GB,UK,Trade,NE.EXP.GNFS.CD,Exports of goods & services (USD),917433768894.232,-0.5852622479449732,Trade War 1.0
2020,GB,UK,Trade,NE.EXP.GNFS.CD,Exports of goods & services (USD),815801724783.58,-11.077861700376213,Trade War 1.0
2021,GB,UK,Trade,NE.EXP.GNFS.CD,Exports of goods & services (USD),935667446175.151,14.692996809165804,Recovery
2022,GB,UK,Trade,NE.EXP.GNFS.CD,Exports of goods & services (USD),1083593172366.25,15.8096476259588,Recovery
2023,GB,UK,Trade,NE.EXP.GNFS.CD,Exports of goods & services (USD),1091653856200.64,0.7438847013762517,Recovery
2024,GB,UK,Trade,NE.EXP.GNFS.CD,Exports of goods & services (USD),1142086333403.45,4.619823116673039,Recovery
2015,FR,France,Trade,NE.EXP.GNFS.CD,Exports of goods & services (USD),774108364253.242,,Pre-Trade War
2016,FR,France,Trade,NE.EXP.GNFS.CD,Exports of goods & services (USD),778134181664.243,0.5200586373827143,Pre-Trade War
2017,FR,France,Trade,NE.EXP.GNFS.CD,Exports of goods & services (USD),836510836277.649,7.5021321500813976,Pre-Trade War
2018,FR,France,Trade,NE.EXP.GNFS.CD,Exports of goods & services (USD),915638789626.901,9.459286110549359,Trade War 1.0
2019,FR,France,Trade,NE.EXP.GNFS.CD,Exports of goods & services (USD),895514790269.018,-2.1978098335133978,Trade War 1.0
2020,FR,France,Trade,NE.EXP.GNFS.CD,Exports of goods & services (USD),756174143647.162,-15.559837552208066,Trade War 1.0
2021,FR,France,Trade,NE.EXP.GNFS.CD,Exports of goods & services (USD),928139254791.07,22.74146935446506,Recovery
2022,FR,France,Trade,NE.EXP.GNFS.CD,Exports of goods & services (USD),1023340977697.09,10.25726715194808,Recovery
2023,FR,France,Trade,NE.EXP.GNFS.CD,Exports of goods & services (USD),1053069574154.53,2.9050528714623436,Recovery
2024,FR,France,Trade,NE.EXP.GNFS.CD,Exports of goods & services (USD),1071066237472.11,1.7089719197355802,Recovery
2015,AU,Australia,Trade,NE.EXP.GNFS.CD,Exports of goods & services (USD),271152836560.501,,Pre-Trade War
2016,AU,Australia,Trade,NE.EXP.GNFS.CD,Exports of goods & services (USD),232663011512.861,-14.194881947713633,Pre-Trade War
2017,AU,Australia,Trade,NE.EXP.GNFS.CD,Exports of goods & services (USD),281774035049.614,21.108221378815205,Pre-Trade War
2018,AU,Australia,Trade,NE.EXP.GNFS.CD,Exports of goods & services (USD),312605804111.245,10.942019216285214,Trade War 1.0
2019,AU,Australia,Trade,NE.EXP.GNFS.CD,Exports of goods & services (USD),336477593836.115,7.636387236231501,Trade War 1.0
2020,AU,Australia,Trade,NE.EXP.GNFS.CD,Exports of goods & services (USD),319174580744.374,-5.142396821872364,Trade War 1.0
2021,AU,Australia,Trade,NE.EXP.GNFS.CD,Exports of goods & services (USD),343364164705.654,7.578793995707733,Recovery
2022,AU,Australia,Trade,NE.EXP.GNFS.CD,Exports of goods & services (USD),431732710875.763,25.736100401118513,Recovery
2023,AU,Australia,Trade,NE.EXP.GNFS.CD,Exports of goods & services (USD),463117015978.139,7.269383188203049,Recovery
2024,AU,Australia,Trade,NE.EXP.GNFS.CD,Exports of goods & services (USD),432605705549.386,-6.58825078243146,Recovery
2015,BR,Brazil,Trade,NE.EXP.GNFS.CD,Exports of goods & services (USD),232488797699.731,,Pre-Trade War
2016,BR,Brazil,Trade,NE.EXP.GNFS.CD,Exports of goods & services (USD),223863316065.497,-3.7100633319004706,Pre-Trade War
2017,BR,Brazil,Trade,NE.EXP.GNFS.CD,Exports of goods & services (USD),258330740894.672,15.39663819644781,Pre-Trade War
2018,BR,Brazil,Trade,NE.EXP.GNFS.CD,Exports of goods & services (USD),280543238553.765,8.598472478406904,Trade War 1.0
2019,BR,Brazil,Trade,NE.EXP.GNFS.CD,Exports of goods & services (USD),264562972885.655,-5.696186352766963,Trade War 1.0
2020,BR,Brazil,Trade,NE.EXP.GNFS.CD,Exports of goods & services (USD),242872081037.195,-8.198763270563514,Trade War 1.0
2021,BR,Brazil,Trade,NE.EXP.GNFS.CD,Exports of goods & services (USD),319251213851.504,31.448296769282358,Recovery
2022,BR,Brazil,Trade,NE.EXP.GNFS.CD,Exports of goods & services (USD),383177580523.381,20.023844514374044,Recovery
2023,BR,Brazil,Trade,NE.EXP.GNFS.CD,Exports of goods & services (USD),393731591579.688,2.7543393958204154,Recovery
2024,BR,Brazil,Trade,NE.EXP.GNFS.CD,Exports of goods & services (USD),392105352908.42,-0.41303230577546257,Recovery
2015,VN,Vietnam,Trade,NE.EXP.GNFS.CD,Exports of goods & services (USD),174473996313.379,,Pre-Trade War
2016,VN,Vietnam,Trade,NE.EXP.GNFS.CD,Exports of goods & services (USD),190526869544.715,9.2007253633962,Pre-Trade War
2017,VN,Vietnam,Trade,NE.EXP.GNFS.CD,Exports of goods & services (USD),230041803530.193,20.73982219930621,Pre-Trade War
2018,VN,Vietnam,Trade,NE.EXP.GNFS.CD,Exports of goods & services (USD),261802606599.096,13.80653541291439,Trade War 1.0
2019,VN,Vietnam,Trade,NE.EXP.GNFS.CD,Exports of goods & services (USD),284737397482.992,8.760337103524929,Trade War 1.0
2020,VN,Vietnam,Trade,NE.EXP.GNFS.CD,Exports of goods & services (USD),292479899128.741,2.719172723425456,Trade War 1.0
2021,VN,Vietnam,Trade,NE.EXP.GNFS.CD,Exports of goods & services (USD),343937314545.796,17.593487815860122,Recovery
2022,VN,Vietnam,Trade,NE.EXP.GNFS.CD,Exports of goods & services (USD),386241068014.827,12.299844093653345,Recovery
2023,VN,Vietnam,Trade,NE.EXP.GNFS.CD,Exports of goods & services (USD),375145540249.857,-2.8726949782937328,Recovery
2024,VN,Vietnam,Trade,NE.EXP.GNFS.CD,Exports of goods & services (USD),429484098196.194,14.484660516061588,Recovery
2015,SG,Singapore,Trade,NE.EXP.GNFS.CD,Exports of goods & services (USD),549421999163.53,,Pre-Trade War
2016,SG,Singapore,Trade,NE.EXP.GNFS.CD,Exports of goods & services (USD),525980387189.424,-4.266595078062907,Pre-Trade War
2017,SG,Singapore,Trade,NE.EXP.GNFS.CD,Exports of goods & services (USD),590230171805.131,12.215243416018918,Pre-Trade War
2018,SG,Singapore,Trade,NE.EXP.GNFS.CD,Exports of goods & services (USD),672027857970.022,13.858608060432598,Trade War 1.0
2019,SG,Singapore,Trade,NE.EXP.GNFS.CD,Exports of goods & services (USD),665397849809.186,-0.98656745880491,Trade War 1.0
2020,SG,Singapore,Trade,NE.EXP.GNFS.CD,Exports of goods & services (USD),634720766636.081,-4.6103369858953025,Trade War 1.0
2021,SG,Singapore,Trade,NE.EXP.GNFS.CD,Exports of goods & services (USD),797699635946.268,25.677254924862304,Recovery
2022,SG,Singapore,Trade,NE.EXP.GNFS.CD,Exports of goods & services (USD),947354945030.236,18.760859644424933,Recovery
2023,SG,Singapore,Trade,NE.EXP.GNFS.CD,Exports of goods & services (USD),917682665719.369,-3.1321184806735736,Recovery
2024,SG,Singapore,Trade,NE.EXP.GNFS.CD,Exports of goods & services (USD),978597520043.286,6.637899635618161,Recovery
2015,MY,Malaysia,Trade,NE.EXP.GNFS.CD,Exports of goods & services (USD),209287287856.543,,Pre-Trade War
2016,MY,Malaysia,Trade,NE.EXP.GNFS.CD,Exports of goods & services (USD),201165058574.724,-3.88089948749607,Pre-Trade War
2017,MY,Malaysia,Trade,NE.EXP.GNFS.CD,Exports of goods & services (USD),223413837325.056,11.059961858171086,Pre-Trade War
2018,MY,Malaysia,Trade,NE.EXP.GNFS.CD,Exports of goods & services (USD),245967590635.246,10.095056591045172,Trade War 1.0
2019,MY,Malaysia,Trade,NE.EXP.GNFS.CD,Exports of goods & services (USD),238379861290.486,-3.0848492377242187,Trade War 1.0
2020,MY,Malaysia,Trade,NE.EXP.GNFS.CD,Exports of goods & services (USD),207798540352.974,-12.828819000043834,Trade War 1.0
2021,MY,Malaysia,Trade,NE.EXP.GNFS.CD,Exports of goods & services (USD),264015450976.493,27.053563768074106,Recovery
2022,MY,Malaysia,Trade,NE.EXP.GNFS.CD,Exports of goods & services (USD),313245644474.215,18.646709242068304,Recovery
2023,MY,Malaysia,Trade,NE.EXP.GNFS.CD,Exports of goods & services (USD),274681075589.892,-12.311286546075983,Recovery
2024,MY,Malaysia,Trade,NE.EXP.GNFS.CD,Exports of goods & services (USD),301221326764.018,9.662205929960566,Recovery
2015,US,USA,Trade,NE.IMP.GNFS.CD,Imports of goods & services (USD),2794942000000.0,,Pre-Trade War
2016,US,USA,Trade,NE.IMP.GNFS.CD,Imports of goods & services (USD),2738830000000.0,-2.0076266341126248,Pre-Trade War
2017,US,USA,Trade,NE.IMP.GNFS.CD,Imports of goods & services (USD),2931589000000.0,7.038005279626702,Pre-Trade War
2018,US,USA,Trade,NE.IMP.GNFS.CD,Imports of goods & services (USD),3131166000000.0,6.807809689557431,Trade War 1.0
2019,US,USA,Trade,NE.IMP.GNFS.CD,Imports of goods & services (USD),3116681000000.0,-0.4626072204412024,Trade War 1.0
2020,US,USA,Trade,NE.IMP.GNFS.CD,Imports of goods & services (USD),2777341000000.0,-10.887864365971367,Trade War 1.0
2021,US,USA,Trade,NE.IMP.GNFS.CD,Imports of goods & services (USD),3415459000000.0,22.9758607243403,Recovery
2022,US,USA,Trade,NE.IMP.GNFS.CD,Imports of goods & services (USD),3976314000000.0,16.42107254105525,Recovery
2023,US,USA,Trade,NE.IMP.GNFS.CD,Imports of goods & services (USD),3849811000000.0,-3.1814137414701182,Recovery
2024,US,USA,Trade,NE.IMP.GNFS.CD,Imports of goods & services (USD),4103100000000.0,6.579258046693726,Recovery
2015,CN,China,Trade,NE.IMP.GNFS.CD,Imports of goods & services (USD),2003260696068.67,,Pre-Trade War
2016,CN,China,Trade,NE.IMP.GNFS.CD,Imports of goods & services (USD),1944490534275.23,-2.9337250967272688,Pre-Trade War
2017,CN,China,Trade,NE.IMP.GNFS.CD,Imports of goods & services (USD),2208518918632.2,13.578280773445961,Pre-Trade War
2018,CN,China,Trade,NE.IMP.GNFS.CD,Imports of goods & services (USD),2564121910994.89,16.101423871112907,Trade War 1.0
2019,CN,China,Trade,NE.IMP.GNFS.CD,Imports of goods & services (USD),2496153305902.9,-2.6507555978732,Trade War 1.0
2020,CN,China,Trade,NE.IMP.GNFS.CD,Imports of goods & services (USD),2374737462777.69,-4.864118034661013,Trade War 1.0
2021,CN,China,Trade,NE.IMP.GNFS.CD,Imports of goods & services (USD),3093278397249.18,30.257699881949264,Recovery
2022,CN,China,Trade,NE.IMP.GNFS.CD,Imports of goods & services (USD),3140040863536.23,1.511744507983348,Recovery
2023,CN,China,Trade,NE.IMP.GNFS.CD,Imports of goods & services (USD),3106457704279.42,-1.069513446362913,Recovery
2024,CN,China,Trade,NE.IMP.GNFS.CD,Imports of goods & services (USD),3219342570126.17,3.6338774447577826,Recovery
2015,DE,Germany,Trade,NE.IMP.GNFS.CD,Imports of goods & services (USD),1204648073431.64,,Pre-Trade War
2016,DE,Germany,Trade,NE.IMP.GNFS.CD,Imports of goods & services (USD),1215609853746.31,0.9099570701544213,Pre-Trade War
2017,DE,Germany,Trade,NE.IMP.GNFS.CD,Imports of goods & services (USD),1327357307454.12,9.192707130780708,Pre-Trade War
2018,DE,Germany,Trade,NE.IMP.GNFS.CD,Imports of goods & services (USD),1485437649157.65,11.909403806781228,Trade War 1.0
2019,DE,Germany,Trade,NE.IMP.GNFS.CD,Imports of goods & services (USD),1454588084839.21,-2.076799678258723,Trade War 1.0
2020,DE,Germany,Trade,NE.IMP.GNFS.CD,Imports of goods & services (USD),1332733837256.03,-8.377233998630595,Trade War 1.0
2021,DE,Germany,Trade,NE.IMP.GNFS.CD,Imports of goods & services (USD),1628851031193.77,22.218779598739435,Recovery
2022,DE,Germany,Trade,NE.IMP.GNFS.CD,Imports of goods & services (USD),1813049636001.95,11.308499137160656,Recovery
2023,DE,Germany,Trade,NE.IMP.GNFS.CD,Imports of goods & services (USD),1779045873341.21,-1.8755009231696151,Recovery
2024,DE,Germany,Trade,NE.IMP.GNFS.CD,Imports of goods & services (USD),1764438191610.94,-0.8210964061784121,Recovery
2015,CA,Canada,Trade,NE.IMP.GNFS.CD,Imports of goods & services (USD),534115083556.223,,Pre-Trade War
2016,CA,Canada,Trade,NE.IMP.GNFS.CD,Imports of goods & services (USD),517396012626.09,-3.1302375545762096,Pre-Trade War
2017,CA,Canada,Trade,NE.IMP.GNFS.CD,Imports of goods & services (USD),554922650425.45,7.252981639516332,Pre-Trade War
2018,CA,Canada,Trade,NE.IMP.GNFS.CD,Imports of goods & services (USD),591347645767.306,6.5639770360661265,Trade War 1.0
2019,CA,Canada,Trade,NE.IMP.GNFS.CD,Imports of goods & services (USD),589706748631.384,-0.27748434405160394,Trade War 1.0
2020,CA,Canada,Trade,NE.IMP.GNFS.CD,Imports of goods & services (USD),524572641557.224,-11.045169014145761,Trade War 1.0
2021,CA,Canada,Trade,NE.IMP.GNFS.CD,Imports of goods & services (USD),628388638999.206,19.790585558140883,Recovery
2022,CA,Canada,Trade,NE.IMP.GNFS.CD,Imports of goods & services (USD),731037232134.525,16.33520830338384,Recovery
2023,CA,Canada,Trade,NE.IMP.GNFS.CD,Imports of goods & services (USD),723340802845.546,-1.0528094809215793,Recovery
2024,CA,Canada,Trade,NE.IMP.GNFS.CD,Imports of goods & services (USD),733807159315.92,1.4469467820978021,Recovery
2015,MX,Mexico,Trade,NE.IMP.GNFS.CD,Imports of goods & services (USD),439821695268.006,,Pre-Trade War
2016,MX,Mexico,Trade,NE.IMP.GNFS.CD,Imports of goods & services (USD),432376614131.825,-1.6927498612009817,Pre-Trade War
2017,MX,Mexico,Trade,NE.IMP.GNFS.CD,Imports of goods & services (USD),469597181245.762,8.60836731160235,Pre-Trade War
2018,MX,Mexico,Trade,NE.IMP.GNFS.CD,Imports of goods & services (USD),517202845542.861,10.137553247404352,Trade War 1.0
2019,MX,Mexico,Trade,NE.IMP.GNFS.CD,Imports of goods & services (USD),507718819549.77,-1.833714967893585,Trade War 1.0
2020,MX,Mexico,Trade,NE.IMP.GNFS.CD,Imports of goods & services (USD),421735413258.959,-16.93524111772311,Trade War 1.0
2021,MX,Mexico,Trade,NE.IMP.GNFS.CD,Imports of goods & services (USD),559543398297.824,32.67640817116928,Recovery
2022,MX,Mexico,Trade,NE.IMP.GNFS.CD,Imports of goods & services (USD),672827146643.746,20.24574835312869,Recovery
2023,MX,Mexico,Trade,NE.IMP.GNFS.CD,Imports of goods & services (USD),674539330290.583,0.25447600552057636,Recovery
2024,MX,Mexico,Trade,NE.IMP.GNFS.CD,Imports of goods & services (USD),703294122576.641,4.262878529806535,Recovery
2015,JP,Japan,Trade,NE.IMP.GNFS.CD,Imports of goods & services (USD),799671850411.581,,Pre-Trade War
2016,JP,Japan,Trade,NE.IMP.GNFS.CD,Imports of goods & services (USD),763174802438.923,-4.564003091252178,Pre-Trade War
2017,JP,Japan,Trade,NE.IMP.GNFS.CD,Imports of goods & services (USD),829947425329.105,8.74932226231695,Pre-Trade War
2018,JP,Japan,Trade,NE.IMP.GNFS.CD,Imports of goods & services (USD),922228472388.616,11.118902745305604,Trade War 1.0
2019,JP,Japan,Trade,NE.IMP.GNFS.CD,Imports of goods & services (USD),908591904960.75,-1.4786539166966484,Trade War 1.0
2020,JP,Japan,Trade,NE.IMP.GNFS.CD,Imports of goods & services (USD),798645128766.751,-12.100787558606807,Trade War 1.0
2021,JP,Japan,Trade,NE.IMP.GNFS.CD,Imports of goods & services (USD),938755726387.128,17.54353624327898,Recovery
2022,JP,Japan,Trade,NE.IMP.GNFS.CD,Imports of goods & services (USD),1076977967308.71,14.723983783677209,Recovery
2023,JP,Japan,Trade,NE.IMP.GNFS.CD,Imports of goods & services (USD),981637982326.316,-8.852547394320576,Recovery
2024,JP,Japan,Trade,NE.IMP.GNFS.CD,Imports of goods & services (USD),952041559317.639,-3.015003854938303,Recovery
2015,KR,South Korea,Trade,NE.IMP.GNFS.CD,Imports of goods & services (USD),529797582126.57,,Pre-Trade War
2016,KR,South Korea,Trade,NE.IMP.GNFS.CD,Imports of goods & services (USD),501960383970.089,-5.2543082670827745,Pre-Trade War
2017,KR,South Korea,Trade,NE.IMP.GNFS.CD,Imports of goods & services (USD),587337161918.895,17.008668547415382,Pre-Trade War
2018,KR,South Korea,Trade,NE.IMP.GNFS.CD,Imports of goods & services (USD),643142886151.538,9.501480214587389,Trade War 1.0
2019,KR,South Korea,Trade,NE.IMP.GNFS.CD,Imports of goods & services (USD),602460189255.229,-6.325607850496118,Trade War 1.0
2020,KR,South Korea,Trade,NE.IMP.GNFS.CD,Imports of goods & services (USD),539436709934.322,-10.461019739547872,Trade War 1.0
2021,KR,South Korea,Trade,NE.IMP.GNFS.CD,Imports of goods & services (USD),698601348291.191,29.50571131435378,Recovery
2022,KR,South Korea,Trade,NE.IMP.GNFS.CD,Imports of goods & services (USD),814936711590.894,16.65261076066691,Recovery
2023,KR,South Korea,Trade,NE.IMP.GNFS.CD,Imports of goods & services (USD),755197457229.567,-7.330539109559309,Recovery
2024,KR,South Korea,Trade,NE.IMP.GNFS.CD,Imports of goods & services (USD),755486201521.958,0.03823427762195131,Recovery
2015,IN,India,Trade,NE.IMP.GNFS.CD,Imports of goods & services (USD),465097595426.184,,Pre-Trade War
2016,IN,India,Trade,NE.IMP.GNFS.CD,Imports of goods & services (USD),480169055768.282,3.2404941436619428,Pre-Trade War
2017,IN,India,Trade,NE.IMP.GNFS.CD,Imports of goods & services (USD),582018012521.568,21.211062131091563,Pre-Trade War
2018,IN,India,Trade,NE.IMP.GNFS.CD,Imports of goods & services (USD),640300806738.542,10.013915886291258,Trade War 1.0
2019,IN,India,Trade,NE.IMP.GNFS.CD,Imports of goods & services (USD),602315056052.526,-5.9324852141763635,Trade War 1.0
2020,IN,India,Trade,NE.IMP.GNFS.CD,Imports of goods & services (USD),510244747372.174,-15.286071260407418,Trade War 1.0
2021,IN,India,Trade,NE.IMP.GNFS.CD,Imports of goods & services (USD),760902891806.013,49.12508080186235,Recovery
2022,IN,India,Trade,NE.IMP.GNFS.CD,Imports of goods & services (USD),897550749081.828,17.95864606999713,Recovery
2023,IN,India,Trade,NE.IMP.GNFS.CD,Imports of goods & services (USD),856651130547.122,-4.55680289683289,Recovery
2024,IN,India,Trade,NE.IMP.GNFS.CD,Imports of goods & services (USD),918333719557.771,7.2004328029374065,Recovery
2015,GB,UK,Trade,NE.IMP.GNFS.CD,Imports of goods & services (USD),861463440127.243,,Pre-Trade War
2016,GB,UK,Trade,NE.IMP.GNFS.CD,Imports of goods & services (USD),833100578279.813,-3.292404590407305,Pre-Trade War
2017,GB,UK,Trade,NE.IMP.GNFS.CD,Imports of goods & services (USD),869550502969.043,4.375212986226917,Pre-Trade War
2018,GB,UK,Trade,NE.IMP.GNFS.CD,Imports of goods & services (USD),957619509260.342,10.128107107130768,Trade War 1.0
2019,GB,UK,Trade,NE.IMP.GNFS.CD,Imports of goods & services (USD),951880342949.163,-0.5993159345314525,Trade War 1.0
2020,GB,UK,Trade,NE.IMP.GNFS.CD,Imports of goods & services (USD),795714534395.164,-16.406033564067346,Trade War 1.0
2021,GB,UK,Trade,NE.IMP.GNFS.CD,Imports of goods & services (USD),934375952193.96,17.42602551607215,Recovery
2022,GB,UK,Trade,NE.IMP.GNFS.CD,Imports of goods & services (USD),1117793765633.44,19.62998009621353,Recovery
2023,GB,UK,Trade,NE.IMP.GNFS.CD,Imports of goods & services (USD),1131603446867.99,1.2354408889303725,Recovery
2024,GB,UK,Trade,NE.IMP.GNFS.CD,Imports of goods & services (USD),1174222748816.76,3.766275373827299,Recovery
2015,FR,France,Trade,NE.IMP.GNFS.CD,Imports of goods & services (USD),776983112152.851,,Pre-Trade War
2016,FR,France,Trade,NE.IMP.GNFS.CD,Imports of goods & services (USD),786690099965.255,1.2493177342694173,Pre-Trade War
2017,FR,France,Trade,NE.IMP.GNFS.CD,Imports of goods & services (USD),856501561408.354,8.87407397731106,Pre-Trade War
2018,FR,France,Trade,NE.IMP.GNFS.CD,Imports of goods & services (USD),942517078079.137,10.042657310436987,Trade War 1.0
2019,FR,France,Trade,NE.IMP.GNFS.CD,Imports of goods & services (USD),913209092423.528,-3.109544255191543,Trade War 1.0
2020,FR,France,Trade,NE.IMP.GNFS.CD,Imports of goods & services (USD),801836174373.076,-12.195774108521407,Trade War 1.0
2021,FR,France,Trade,NE.IMP.GNFS.CD,Imports of goods & services (USD),964103785591.845,20.23700306931644,Recovery
2022,FR,France,Trade,NE.IMP.GNFS.CD,Imports of goods & services (USD),1099664152806.23,14.060764955006078,Recovery
2023,FR,France,Trade,NE.IMP.GNFS.CD,Imports of goods & services (USD),1105442442028.06,0.525459451150101,Recovery
2024,FR,France,Trade,NE.IMP.GNFS.CD,Imports of goods & services (USD),1081453951068.75,-2.170035277033555,Recovery
2015,AU,Australia,Trade,NE.IMP.GNFS.CD,Imports of goods & services (USD),291850364122.4,,Pre-Trade War
2016,AU,Australia,Trade,NE.IMP.GNFS.CD,Imports of goods & services (USD),261827324555.529,-10.287134524279562,Pre-Trade War
2017,AU,Australia,Trade,NE.IMP.GNFS.CD,Imports of goods & services (USD),277671313150.053,6.051312108627438,Pre-Trade War
2018,AU,Australia,Trade,NE.IMP.GNFS.CD,Imports of goods & services (USD),311861687284.904,12.313254022166342,Trade War 1.0
2019,AU,Australia,Trade,NE.IMP.GNFS.CD,Imports of goods & services (USD),306786753625.531,-1.6273027006157181,Trade War 1.0
2020,AU,Australia,Trade,NE.IMP.GNFS.CD,Imports of goods & services (USD),274154332727.111,-10.636841556155218,Trade War 1.0
2021,AU,Australia,Trade,NE.IMP.GNFS.CD,Imports of goods & services (USD),284038962017.929,3.6054981121370844,Recovery
2022,AU,Australia,Trade,NE.IMP.GNFS.CD,Imports of goods & services (USD),343078219088.328,20.78561921609625,Recovery
2023,AU,Australia,Trade,NE.IMP.GNFS.CD,Imports of goods & services (USD),387533147572.319,12.957665631505954,Recovery
2024,AU,Australia,Trade,NE.IMP.GNFS.CD,Imports of goods & services (USD),395749225409.455,2.1200967939401405,Recovery
2015,BR,Brazil,Trade,NE.IMP.GNFS.CD,Imports of goods & services (USD),253272683229.75,,Pre-Trade War
2016,BR,Brazil,Trade,NE.IMP.GNFS.CD,Imports of goods & services (USD),216686360894.163,-14.445427698335166,Pre-Trade War
2017,BR,Brazil,Trade,NE.IMP.GNFS.CD,Imports of goods & services (USD),243510550194.841,12.379269830360883,Pre-Trade War
2018,BR,Brazil,Trade,NE.IMP.GNFS.CD,Imports of goods & services (USD),272994437656.194,12.107848073835804,Trade War 1.0
2019,BR,Brazil,Trade,NE.IMP.GNFS.CD,Imports of goods & services (USD),276634806846.042,1.3334957375331635,Trade War 1.0
2020,BR,Brazil,Trade,NE.IMP.GNFS.CD,Imports of goods & services (USD),233941255872.595,-15.43318118938215,Trade War 1.0
2021,BR,Brazil,Trade,NE.IMP.GNFS.CD,Imports of goods & services (USD),309853321037.194,32.44919964264057,Recovery
2022,BR,Brazil,Trade,NE.IMP.GNFS.CD,Imports of goods & services (USD),374482461947.998,20.857979089740365,Recovery
2023,BR,Brazil,Trade,NE.IMP.GNFS.CD,Imports of goods & services (USD),343939899556.732,-8.15593932821005,Recovery
2024,BR,Brazil,Trade,NE.IMP.GNFS.CD,Imports of goods & services (USD),385708875013.773,12.144265760056538,Recovery
2015,VN,Vietnam,Trade,NE.IMP.GNFS.CD,Imports of goods & services (USD),172245363653.847,,Pre-Trade War
2016,VN,Vietnam,Trade,NE.IMP.GNFS.CD,Imports of goods & services (USD),183315160786.75,6.426760580417978,Pre-Trade War
2017,VN,Vietnam,Trade,NE.IMP.GNFS.CD,Imports of goods & services (USD),222881466764.771,21.583760889285287,Pre-Trade War
2018,VN,Vietnam,Trade,NE.IMP.GNFS.CD,Imports of goods & services (USD),248830928922.633,11.64271867667177,Trade War 1.0
2019,VN,Vietnam,Trade,NE.IMP.GNFS.CD,Imports of goods & services (USD),265976296626.188,6.890368403071734,Trade War 1.0
2020,VN,Vietnam,Trade,NE.IMP.GNFS.CD,Imports of goods & services (USD),273355953899.644,2.7745544873976735,Trade War 1.0
2021,VN,Vietnam,Trade,NE.IMP.GNFS.CD,Imports of goods & services (USD),340182482326.141,24.446706747434057,Recovery
2022,VN,Vietnam,Trade,NE.IMP.GNFS.CD,Imports of goods & services (USD),370998835148.792,9.058771225352702,Recovery
2023,VN,Vietnam,Trade,NE.IMP.GNFS.CD,Imports of goods & services (USD),339930322254.124,-8.374288529021312,Recovery
2024,VN,Vietnam,Trade,NE.IMP.GNFS.CD,Imports of goods & services (USD),398774124843.597,17.310548290976733,Recovery
2015,SG,Singapore,Trade,NE.IMP.GNFS.CD,Imports of goods & services (USD),465345116651.21,,Pre-Trade War
2016,SG,Singapore,Trade,NE.IMP.GNFS.CD,Imports of goods & services (USD),442035878646.096,-5.009021728401408,Pre-Trade War
2017,SG,Singapore,Trade,NE.IMP.GNFS.CD,Imports of goods & services (USD),498507739377.591,12.775402056607188,Pre-Trade War
2018,SG,Singapore,Trade,NE.IMP.GNFS.CD,Imports of goods & services (USD),559645310570.104,12.264116755508336,Trade War 1.0
2019,SG,Singapore,Trade,NE.IMP.GNFS.CD,Imports of goods & services (USD),554852810304.965,-0.8563460060546202,Trade War 1.0
2020,SG,Singapore,Trade,NE.IMP.GNFS.CD,Imports of goods & services (USD),524652362543.142,-5.442965629970187,Trade War 1.0
2021,SG,Singapore,Trade,NE.IMP.GNFS.CD,Imports of goods & services (USD),639390598913.421,21.869383340639036,Recovery
2022,SG,Singapore,Trade,NE.IMP.GNFS.CD,Imports of goods & services (USD),744363649815.365,16.41767193329633,Recovery
2023,SG,Singapore,Trade,NE.IMP.GNFS.CD,Imports of goods & services (USD),728499583323.093,-2.1312253085178146,Recovery
2024,SG,Singapore,Trade,NE.IMP.GNFS.CD,Imports of goods & services (USD),786020626642.21,7.895823777514233,Recovery
2015,MY,Malaysia,Trade,NE.IMP.GNFS.CD,Imports of goods & services (USD),186603344672.915,,Pre-Trade War
2016,MY,Malaysia,Trade,NE.IMP.GNFS.CD,Imports of goods & services (USD),181125866049.416,-2.9353592954617924,Pre-Trade War
2017,MY,Malaysia,Trade,NE.IMP.GNFS.CD,Imports of goods & services (USD),201496430249.828,11.246634533609011,Pre-Trade War
2018,MY,Malaysia,Trade,NE.IMP.GNFS.CD,Imports of goods & services (USD),221902484182.666,10.127253325300734,Trade War 1.0
2019,MY,Malaysia,Trade,NE.IMP.GNFS.CD,Imports of goods & services (USD),210893037728.698,-4.961389456507936,Trade War 1.0
2020,MY,Malaysia,Trade,NE.IMP.GNFS.CD,Imports of goods & services (USD),186310380061.102,-11.656457667995756,Trade War 1.0
2021,MY,Malaysia,Trade,NE.IMP.GNFS.CD,Imports of goods & services (USD),236990392677.524,27.201926484075155,Recovery
2022,MY,Malaysia,Trade,NE.IMP.GNFS.CD,Imports of goods & services (USD),283918591271.771,19.801730384110062,Recovery
2023,MY,Malaysia,Trade,NE.IMP.GNFS.CD,Imports of goods & services (USD),255625703549.712,-9.96514092132016,Recovery
2024,MY,Malaysia,Trade,NE.IMP.GNFS.CD,Imports of goods & services (USD),278760544031.284,9.050279436032117,Recovery
2015,US,USA,GDP,NY.GDP.MKTP.CD,GDP (current USD),18206020741000.0,,Pre-Trade War
2016,US,USA,GDP,NY.GDP.MKTP.CD,GDP (current USD),18695110842000.0,2.6864195529480384,Pre-Trade War
2017,US,USA,GDP,NY.GDP.MKTP.CD,GDP (current USD),19477336549000.0,4.184119118687812,Pre-Trade War
2018,US,USA,GDP,NY.GDP.MKTP.CD,GDP (current USD),20533057312000.0,5.420252201034148,Trade War 1.0
2019,US,USA,GDP,NY.GDP.MKTP.CD,GDP (current USD),21380976119000.0,4.1295302210277995,Trade War 1.0
2020,US,USA,GDP,NY.GDP.MKTP.CD,GDP (current USD),21060473613000.0,-1.499007829278609,Trade War 1.0
2021,US,USA,GDP,NY.GDP.MKTP.CD,GDP (current USD),23315080560000.0,10.705395274721162,Recovery
2022,US,USA,GDP,NY.GDP.MKTP.CD,GDP (current USD),25604848907611.0,9.820975491456752,Recovery
2023,US,USA,GDP,NY.GDP.MKTP.CD,GDP (current USD),27292170793214.4,6.58985292860621,Recovery
2024,US,USA,GDP,NY.GDP.MKTP.CD,GDP (current USD),28750956130731.2,5.345068915806062,Recovery
2015,CN,China,GDP,NY.GDP.MKTP.CD,GDP (current USD),11280814787468.9,,Pre-Trade War
2016,CN,China,GDP,NY.GDP.MKTP.CD,GDP (current USD),11456024084962.0,1.553161724521246,Pre-Trade War
2017,CN,China,GDP,NY.GDP.MKTP.CD,GDP (current USD),12537559062282.9,9.440753347757024,Pre-Trade War
2018,CN,China,GDP,NY.GDP.MKTP.CD,GDP (current USD),14147765772963.8,12.843063810761478,Trade War 1.0
2019,CN,China,GDP,NY.GDP.MKTP.CD,GDP (current USD),14560167101283.4,2.9149572797401824,Trade War 1.0
2020,CN,China,GDP,NY.GDP.MKTP.CD,GDP (current USD),14996414166715.1,2.9961679862399837,Trade War 1.0
2021,CN,China,GDP,NY.GDP.MKTP.CD,GDP (current USD),18201698719564.0,21.373673180906838,Recovery
2022,CN,China,GDP,NY.GDP.MKTP.CD,GDP (current USD),18316765021690.2,0.6321734245744892,Recovery
2023,CN,China,GDP,NY.GDP.MKTP.CD,GDP (current USD),18270356654533.2,-0.2533655211607755,Recovery
2024,CN,China,GDP,NY.GDP.MKTP.CD,GDP (current USD),18743803170827.2,2.5913370233882738,Recovery
2015,DE,Germany,GDP,NY.GDP.MKTP.CD,GDP (current USD),3425099578746.09,,Pre-Trade War
2016,DE,Germany,GDP,NY.GDP.MKTP.CD,GDP (current USD),3536787895179.0,3.2608779355197237,Pre-Trade War
2017,DE,Germany,GDP,NY.GDP.MKTP.CD,GDP (current USD),3765351626105.89,6.462466444155313,Pre-Trade War
2018,DE,Germany,GDP,NY.GDP.MKTP.CD,GDP (current USD),4055433215301.96,7.703970784159431,Trade War 1.0
2019,DE,Germany,GDP,NY.GDP.MKTP.CD,GDP (current USD),3959894794039.21,-2.3558129598155952,Trade War 1.0
2020,DE,Germany,GDP,NY.GDP.MKTP.CD,GDP (current USD),3941398957073.94,-0.46707899899541827,Trade War 1.0
2021,DE,Germany,GDP,NY.GDP.MKTP.CD,GDP (current USD),4355251953410.78,10.500154915656656,Recovery
2022,DE,Germany,GDP,NY.GDP.MKTP.CD,GDP (current USD),4201021706478.62,-3.5412474084622225,Recovery
2023,DE,Germany,GDP,NY.GDP.MKTP.CD,GDP (current USD),4562207532490.28,8.597571049315356,Recovery
2024,DE,Germany,GDP,NY.GDP.MKTP.CD,GDP (current USD),4685592577804.69,2.7045031256405894,Recovery
2015,CA,Canada,GDP,NY.GDP.MKTP.CD,GDP (current USD),1556508816217.14,,Pre-Trade War
2016,CA,Canada,GDP,NY.GDP.MKTP.CD,GDP (current USD),1527994741907.43,-1.8319250114502528,Pre-Trade War
2017,CA,Canada,GDP,NY.GDP.MKTP.CD,GDP (current USD),1649265644244.09,7.936604689180737,Pre-Trade War
2018,CA,Canada,GDP,NY.GDP.MKTP.CD,GDP (current USD),1725329192783.02,4.611964652534328,Trade War 1.0
2019,CA,Canada,GDP,NY.GDP.MKTP.CD,GDP (current USD),1743725183672.52,1.0662307788246839,Trade War 1.0
2020,CA,Canada,GDP,NY.GDP.MKTP.CD,GDP (current USD),1655684730000.19,-5.048986761027619,Trade War 1.0
2021,CA,Canada,GDP,NY.GDP.MKTP.CD,GDP (current USD),2022378748423.23,22.14757506539291,Recovery
2022,CA,Canada,GDP,NY.GDP.MKTP.CD,GDP (current USD),2190411080134.32,8.308648013736208,Recovery
2023,CA,Canada,GDP,NY.GDP.MKTP.CD,GDP (current USD),2173339670064.33,-0.7793701476776271,Recovery
2024,CA,Canada,GDP,NY.GDP.MKTP.CD,GDP (current USD),2243636826633.76,3.234522313180288,Recovery
2015,MX,Mexico,GDP,NY.GDP.MKTP.CD,GDP (current USD),1213294467716.88,,Pre-Trade War
2016,MX,Mexico,GDP,NY.GDP.MKTP.CD,GDP (current USD),1112233497452.7,-8.32946765630207,Pre-Trade War
2017,MX,Mexico,GDP,NY.GDP.MKTP.CD,GDP (current USD),1190721475906.0,7.056789660899221,Pre-Trade War
2018,MX,Mexico,GDP,NY.GDP.MKTP.CD,GDP (current USD),1256300182879.73,5.5074766266252295,Trade War 1.0
2019,MX,Mexico,GDP,NY.GDP.MKTP.CD,GDP (current USD),1304106203902.45,3.8053024009864878,Trade War 1.0
2020,MX,Mexico,GDP,NY.GDP.MKTP.CD,GDP (current USD),1121064767308.42,-14.035776844423475,Trade War 1.0
2021,MX,Mexico,GDP,NY.GDP.MKTP.CD,GDP (current USD),1316569466685.95,17.43919754493044,Recovery
2022,MX,Mexico,GDP,NY.GDP.MKTP.CD,GDP (current USD),1466934724293.06,11.420989276441862,Recovery
2023,MX,Mexico,GDP,NY.GDP.MKTP.CD,GDP (current USD),1798317581486.88,22.590156992399145,Recovery
2024,MX,Mexico,GDP,NY.GDP.MKTP.CD,GDP (current USD),1856365616165.94,3.227907866588553,Recovery
2015,JP,Japan,GDP,NY.GDP.MKTP.CD,GDP (current USD),4444930651964.18,,Pre-Trade War
2016,JP,Japan,GDP,NY.GDP.MKTP.CD,GDP (current USD),5003677627544.24,12.570431786897608,Pre-Trade War
2017,JP,Japan,GDP,NY.GDP.MKTP.CD,GDP (current USD),4930837369151.42,-1.4557344380431214,Pre-Trade War
2018,JP,Japan,GDP,NY.GDP.MKTP.CD,GDP (current USD),5040880939324.86,2.2317420335519644,Trade War 1.0
2019,JP,Japan,GDP,NY.GDP.MKTP.CD,GDP (current USD),5117993853016.51,1.5297507443605252,Trade War 1.0
2020,JP,Japan,GDP,NY.GDP.MKTP.CD,GDP (current USD),5054068005376.28,-1.2490411179871153,Trade War 1.0
2021,JP,Japan,GDP,NY.GDP.MKTP.CD,GDP (current USD),5039148168861.22,-0.2952045065319542,Recovery
2022,JP,Japan,GDP,NY.GDP.MKTP.CD,GDP (current USD),4262463317796.53,-15.413018729318495,Recovery
2023,JP,Japan,GDP,NY.GDP.MKTP.CD,GDP (current USD),4213167237905.83,-1.156516225837767,Recovery
2024,JP,Japan,GDP,NY.GDP.MKTP.CD,GDP (current USD),4027597523550.58,-4.404518118475831,Recovery
2015,KR,South Korea,GDP,NY.GDP.MKTP.CD,GDP (current USD),1539212301135.55,,Pre-Trade War
2016,KR,South Korea,GDP,NY.GDP.MKTP.CD,GDP (current USD),1579150518945.44,2.594717946343428,Pre-Trade War
2017,KR,South Korea,GDP,NY.GDP.MKTP.CD,GDP (current USD),1710196756713.17,8.298527353506667,Pre-Trade War
2018,KR,South Korea,GDP,NY.GDP.MKTP.CD,GDP (current USD),1824251454306.83,6.66909799389761,Trade War 1.0
2019,KR,South Korea,GDP,NY.GDP.MKTP.CD,GDP (current USD),1751045752054.63,-4.012917302566521,Trade War 1.0
2020,KR,South Korea,GDP,NY.GDP.MKTP.CD,GDP (current USD),1744070276373.34,-0.39836056100218675,Trade War 1.0
2021,KR,South Korea,GDP,NY.GDP.MKTP.CD,GDP (current USD),1942313560965.9,11.366702780165006,Recovery
2022,KR,South Korea,GDP,NY.GDP.MKTP.CD,GDP (current USD),1799363116866.52,-7.359802607169752,Recovery
2023,KR,South Korea,GDP,NY.GDP.MKTP.CD,GDP (current USD),1844800934391.54,2.525216678007003,Recovery
2024,KR,South Korea,GDP,NY.GDP.MKTP.CD,GDP (current USD),1875388209406.8,1.6580257763880946,Recovery
2015,IN,India,GDP,NY.GDP.MKTP.CD,GDP (current USD),2103588360044.94,,Pre-Trade War
2016,IN,India,GDP,NY.GDP.MKTP.CD,GDP (current USD),2294796885663.16,9.089636035737293,Pre-Trade War
2017,IN,India,GDP,NY.GDP.MKTP.CD,GDP (current USD),2651474262755.45,15.542873503125577,Pre-Trade War
2018,IN,India,GDP,NY.GDP.MKTP.CD,GDP (current USD),2702929641648.74,1.9406327874296192,Trade War 1.0
2019,IN,India,GDP,NY.GDP.MKTP.CD,GDP (current USD),2835606256558.19,4.908622587324141,Trade War 1.0
2020,IN,India,GDP,NY.GDP.MKTP.CD,GDP (current USD),2674851578587.27,-5.669146680683412,Trade War 1.0
2021,IN,India,GDP,NY.GDP.MKTP.CD,GDP (current USD),3167270623260.47,18.409210014309373,Recovery
2022,IN,India,GDP,NY.GDP.MKTP.CD,GDP (current USD),3346107287730.93,5.64639671637408,Recovery
2023,IN,India,GDP,NY.GDP.MKTP.CD,GDP (current USD),3638489096033.86,8.737968724882105,Recovery
2024,IN,India,GDP,NY.GDP.MKTP.CD,GDP (current USD),3909891533858.08,7.459207123090272,Recovery
2015,GB,UK,GDP,NY.GDP.MKTP.CD,GDP (current USD),2945579890258.46,,Pre-Trade War
2016,GB,UK,GDP,NY.GDP.MKTP.CD,GDP (current USD),2706807606538.73,-8.106121463871718,Pre-Trade War
2017,GB,UK,GDP,NY.GDP.MKTP.CD,GDP (current USD),2699118387873.1,-0.28406964156061365,Pre-Trade War
2018,GB,UK,GDP,NY.GDP.MKTP.CD,GDP (current USD),2897028009916.05,7.332380192441357,Trade War 1.0
2019,GB,UK,GDP,NY.GDP.MKTP.CD,GDP (current USD),2875710080015.3,-0.7358551532046675,Trade War 1.0
2020,GB,UK,GDP,NY.GDP.MKTP.CD,GDP (current USD),2724001478304.59,-5.275517958677634,Trade War 1.0
2021,GB,UK,GDP,NY.GDP.MKTP.CD,GDP (current USD),3194559188925.93,17.27450276253939,Recovery
2022,GB,UK,GDP,NY.GDP.MKTP.CD,GDP (current USD),3181244350465.41,-0.4167973630501698,Recovery
2023,GB,UK,GDP,NY.GDP.MKTP.CD,GDP (current USD),3420796653789.08,7.530144714869946,Recovery
2024,GB,UK,GDP,NY.GDP.MKTP.CD,GDP (current USD),3686033044482.13,7.753643888749084,Recovery
2015,FR,France,GDP,NY.GDP.MKTP.CD,GDP (current USD),2442483452642.5,,Pre-Trade War
2016,FR,France,GDP,NY.GDP.MKTP.CD,GDP (current USD),2470407619777.13,1.1432694499698304,Pre-Trade War
2017,FR,France,GDP,NY.GDP.MKTP.CD,GDP (current USD),2588868323334.71,4.7951885595409305,Pre-Trade War
2018,FR,France,GDP,NY.GDP.MKTP.CD,GDP (current USD),2781576320884.39,7.44371568892519,Trade War 1.0
2019,FR,France,GDP,NY.GDP.MKTP.CD,GDP (current USD),2722793515171.76,-2.113291131768791,Trade War 1.0
2020,FR,France,GDP,NY.GDP.MKTP.CD,GDP (current USD),2647926055110.05,-2.749656176443005,Trade War 1.0
2021,FR,France,GDP,NY.GDP.MKTP.CD,GDP (current USD),2966433692008.09,12.028569917327347,Recovery
2022,FR,France,GDP,NY.GDP.MKTP.CD,GDP (current USD),2794788137066.94,-5.786259622238732,Recovery
2023,FR,France,GDP,NY.GDP.MKTP.CD,GDP (current USD),3056250648138.29,9.355360701714876,Recovery
2024,FR,France,GDP,NY.GDP.MKTP.CD,GDP (current USD),3160442622465.08,3.409143631274425,Recovery
2015,AU,Australia,GDP,NY.GDP.MKTP.CD,GDP (current USD),1356805839935.9,,Pre-Trade War
2016,AU,Australia,GDP,NY.GDP.MKTP.CD,GDP (current USD),1211588128417.61,-10.70291026497574,Pre-Trade War
2017,AU,Australia,GDP,NY.GDP.MKTP.CD,GDP (current USD),1330890554614.09,9.846780716834402,Pre-Trade War
2018,AU,Australia,GDP,NY.GDP.MKTP.CD,GDP (current USD),1433144978761.67,7.6831580022167945,Trade War 1.0
2019,AU,Australia,GDP,NY.GDP.MKTP.CD,GDP (current USD),1398349602956.35,-2.4279034097014596,Trade War 1.0
2020,AU,Australia,GDP,NY.GDP.MKTP.CD,GDP (current USD),1333336461648.09,-4.649276630880516,Trade War 1.0
2021,AU,Australia,GDP,NY.GDP.MKTP.CD,GDP (current USD),1560617493202.69,17.04603737256729,Recovery
2022,AU,Australia,GDP,NY.GDP.MKTP.CD,GDP (current USD),1695627535475.8,8.651065546884485,Recovery
2023,AU,Australia,GDP,NY.GDP.MKTP.CD,GDP (current USD),1734451264655.6,2.2896378106354476,Recovery
2024,AU,Australia,GDP,NY.GDP.MKTP.CD,GDP (current USD),1757022451652.83,1.3013445495519083,Recovery
2015,BR,Brazil,GDP,NY.GDP.MKTP.CD,GDP (current USD),1802211999456.42,,Pre-Trade War
2016,BR,Brazil,GDP,NY.GDP.MKTP.CD,GDP (current USD),1795693265999.04,-0.3617073606959731,Pre-Trade War
2017,BR,Brazil,GDP,NY.GDP.MKTP.CD,GDP (current USD),2063514688805.78,14.914653180354653,Pre-Trade War
2018,BR,Brazil,GDP,NY.GDP.MKTP.CD,GDP (current USD),1916933708352.71,-7.103461935514543,Trade War 1.0
2019,BR,Brazil,GDP,NY.GDP.MKTP.CD,GDP (current USD),1873288158838.63,-2.276841881589442,Trade War 1.0
2020,BR,Brazil,GDP,NY.GDP.MKTP.CD,GDP (current USD),1476107292151.95,-21.20233690757526,Trade War 1.0
2021,BR,Brazil,GDP,NY.GDP.MKTP.CD,GDP (current USD),1670647464062.96,13.179270432801582,Recovery
2022,BR,Brazil,GDP,NY.GDP.MKTP.CD,GDP (current USD),1951923832083.87,16.8363687774592,Recovery
2023,BR,Brazil,GDP,NY.GDP.MKTP.CD,GDP (current USD),2191131869706.02,12.254988319230264,Recovery
2024,BR,Brazil,GDP,NY.GDP.MKTP.CD,GDP (current USD),2185821648943.86,-0.24235057851047515,Recovery
2015,VN,Vietnam,GDP,NY.GDP.MKTP.CD,GDP (current USD),239258328381.741,,Pre-Trade War
2016,VN,Vietnam,GDP,NY.GDP.MKTP.CD,GDP (current USD),257096001177.982,7.455403085396739,Pre-Trade War
2017,VN,Vietnam,GDP,NY.GDP.MKTP.CD,GDP (current USD),281353605986.903,9.435232247011104,Pre-Trade War
2018,VN,Vietnam,GDP,NY.GDP.MKTP.CD,GDP (current USD),310106478394.659,10.219478903389078,Trade War 1.0
2019,VN,Vietnam,GDP,NY.GDP.MKTP.CD,GDP (current USD),334365270496.667,7.8227298660735745,Trade War 1.0
2020,VN,Vietnam,GDP,NY.GDP.MKTP.CD,GDP (current USD),346615738537.796,3.6637979844414303,Trade War 1.0
2021,VN,Vietnam,GDP,NY.GDP.MKTP.CD,GDP (current USD),366474752771.009,5.729403493617613,Recovery
2022,VN,Vietnam,GDP,NY.GDP.MKTP.CD,GDP (current USD),413445230668.578,12.816838688726385,Recovery
2023,VN,Vietnam,GDP,NY.GDP.MKTP.CD,GDP (current USD),433857681378.291,4.937159554774473,Recovery
2024,VN,Vietnam,GDP,NY.GDP.MKTP.CD,GDP (current USD),476388230307.175,9.80288024261129,Recovery
2015,SG,Singapore,GDP,NY.GDP.MKTP.CD,GDP (current USD),307998545269.398,,Pre-Trade War
2016,SG,Singapore,GDP,NY.GDP.MKTP.CD,GDP (current USD),319646468521.497,3.7818111257346576,Pre-Trade War
2017,SG,Singapore,GDP,NY.GDP.MKTP.CD,GDP (current USD),343673334902.33,7.516700088059047,Pre-Trade War
2018,SG,Singapore,GDP,NY.GDP.MKTP.CD,GDP (current USD),377123710560.614,9.733189125013265,Trade War 1.0
2019,SG,Singapore,GDP,NY.GDP.MKTP.CD,GDP (current USD),376161998830.048,-0.2550122688219192,Trade War 1.0
2020,SG,Singapore,GDP,NY.GDP.MKTP.CD,GDP (current USD),349165858544.568,-7.1767324635248375,Trade War 1.0
2021,SG,Singapore,GDP,NY.GDP.MKTP.CD,GDP (current USD),436591382250.464,25.038394094517933,Recovery
2022,SG,Singapore,GDP,NY.GDP.MKTP.CD,GDP (current USD),509017841146.557,16.58907203407496,Recovery
2023,SG,Singapore,GDP,NY.GDP.MKTP.CD,GDP (current USD),505439514078.019,-0.7029865712521732,Recovery
2024,SG,Singapore,GDP,NY.GDP.MKTP.CD,GDP (current USD),547386645891.847,8.299139787348153,Recovery
2015,MY,Malaysia,GDP,NY.GDP.MKTP.CD,GDP (current USD),301355266964.947,,Pre-Trade War
2016,MY,Malaysia,GDP,NY.GDP.MKTP.CD,GDP (current USD),301256033870.334,-0.03292893985641365,Pre-Trade War
2017,MY,Malaysia,GDP,NY.GDP.MKTP.CD,GDP (current USD),319109094160.343,5.926208368557795,Pre-Trade War
2018,MY,Malaysia,GDP,NY.GDP.MKTP.CD,GDP (current USD),358788845712.53,12.43454112663085,Trade War 1.0
2019,MY,Malaysia,GDP,NY.GDP.MKTP.CD,GDP (current USD),365177721021.516,1.780678353112708,Trade War 1.0
2020,MY,Malaysia,GDP,NY.GDP.MKTP.CD,GDP (current USD),337456163961.211,-7.591250907300462,Trade War 1.0
2021,MY,Malaysia,GDP,NY.GDP.MKTP.CD,GDP (current USD),373784553029.978,10.765365386226232,Recovery
2022,MY,Malaysia,GDP,NY.GDP.MKTP.CD,GDP (current USD),407830525989.553,9.108448351755305,Recovery
2023,MY,Malaysia,GDP,NY.GDP.MKTP.CD,GDP (current USD),399949418752.657,-1.9324466254146633,Recovery
2024,MY,Malaysia,GDP,NY.GDP.MKTP.CD,GDP (current USD),422227005428.688,5.570101025652008,Recovery
2015,US,USA,GDP,NY.GDP.MKTP.KD.ZG,GDP growth (annual %),2.94555045484053,,Pre-Trade War
2016,US,USA,GDP,NY.GDP.MKTP.KD.ZG,GDP growth (annual %),1.81945147788167,-38.2305105352482,Pre-Trade War
2017,US,USA,GDP,NY.GDP.MKTP.KD.ZG,GDP growth (annual %),2.45762229852507,35.074901881219844,Pre-Trade War
2018,US,USA,GDP,NY.GDP.MKTP.KD.ZG,GDP growth (annual %),2.96650506901305,20.706305065403384,Trade War 1.0
2019,US,USA,GDP,NY.GDP.MKTP.KD.ZG,GDP growth (annual %),2.58382533412825,-12.900019584733657,Trade War 1.0
2020,US,USA,GDP,NY.GDP.MKTP.KD.ZG,GDP growth (annual %),-2.16302914036166,-183.71421673870375,Trade War 1.0
2021,US,USA,GDP,NY.GDP.MKTP.KD.ZG,GDP growth (annual %),6.05505293244555,-379.93395093295607,Recovery
2022,US,USA,GDP,NY.GDP.MKTP.KD.ZG,GDP growth (annual %),2.51237531986017,-58.50778931431311,Recovery
2023,US,USA,GDP,NY.GDP.MKTP.KD.ZG,GDP growth (annual %),2.88755600749487,14.933305731389733,Recovery
2024,US,USA,GDP,NY.GDP.MKTP.KD.ZG,GDP growth (annual %),2.79300127716779,-3.274559180208325,Recovery
2015,CN,China,GDP,NY.GDP.MKTP.KD.ZG,GDP growth (annual %),6.97878002657477,,Pre-Trade War
2016,CN,China,GDP,NY.GDP.MKTP.KD.ZG,GDP growth (annual %),6.77555562837017,-2.9120332985240194,Pre-Trade War
2017,CN,China,GDP,NY.GDP.MKTP.KD.ZG,GDP growth (annual %),6.8912663621211,1.7077674525530329,Pre-Trade War
2018,CN,China,GDP,NY.GDP.MKTP.KD.ZG,GDP growth (annual %),6.75671800166833,-1.9524475384137818,Trade War 1.0
2019,CN,China,GDP,NY.GDP.MKTP.KD.ZG,GDP growth (annual %),6.06850235053705,-10.185650059116714,Trade War 1.0
2020,CN,China,GDP,NY.GDP.MKTP.KD.ZG,GDP growth (annual %),2.34018843078414,-61.43713398121964,Trade War 1.0
2021,CN,China,GDP,NY.GDP.MKTP.KD.ZG,GDP growth (annual %),8.57008513166322,266.21346464787,Recovery
2022,CN,China,GDP,NY.GDP.MKTP.KD.ZG,GDP growth (annual %),3.1341888719577,-63.428731175865934,Recovery
2023,CN,China,GDP,NY.GDP.MKTP.KD.ZG,GDP growth (annual %),5.41484330099675,72.76697487648505,Recovery
2024,CN,China,GDP,NY.GDP.MKTP.KD.ZG,GDP growth (annual %),4.9773565917572,-8.079397406736,Recovery
2015,DE,Germany,GDP,NY.GDP.MKTP.KD.ZG,GDP growth (annual %),1.66300602334775,,Pre-Trade War
2016,DE,Germany,GDP,NY.GDP.MKTP.KD.ZG,GDP growth (annual %),2.22222216259371,33.62682584397487,Pre-Trade War
2017,DE,Germany,GDP,NY.GDP.MKTP.KD.ZG,GDP growth (annual %),2.797906720551,25.90580580320414,Pre-Trade War
2018,DE,Germany,GDP,NY.GDP.MKTP.KD.ZG,GDP growth (annual %),1.13569604599849,-59.40908116569255,Trade War 1.0
2019,DE,Germany,GDP,NY.GDP.MKTP.KD.ZG,GDP growth (annual %),0.977734697038784,-13.908769825893707,Trade War 1.0
2020,DE,Germany,GDP,NY.GDP.MKTP.KD.ZG,GDP growth (annual %),-4.13191443239947,-522.6007775845117,Trade War 1.0
2021,DE,Germany,GDP,NY.GDP.MKTP.KD.ZG,GDP growth (annual %),3.90999994204108,-194.62925735784125,Recovery
2022,DE,Germany,GDP,NY.GDP.MKTP.KD.ZG,GDP growth (annual %),1.8092581243061,-53.727413014700986,Recovery
2023,DE,Germany,GDP,NY.GDP.MKTP.KD.ZG,GDP growth (annual %),-0.869647578573321,-148.06652886562856,Recovery
2024,DE,Germany,GDP,NY.GDP.MKTP.KD.ZG,GDP growth (annual %),-0.495851897260366,-42.98243225447443,Recovery
2015,CA,Canada,GDP,NY.GDP.MKTP.KD.ZG,GDP growth (annual %),0.649971001734855,,Pre-Trade War
2016,CA,Canada,GDP,NY.GDP.MKTP.KD.ZG,GDP growth (annual %),1.03855092490855,59.78419377734176,Pre-Trade War
2017,CA,Canada,GDP,NY.GDP.MKTP.KD.ZG,GDP growth (annual %),3.03383491200222,192.1219209611089,Pre-Trade War
2018,CA,Canada,GDP,NY.GDP.MKTP.KD.ZG,GDP growth (annual %),2.74296344906655,-9.587583747057128,Trade War 1.0
2019,CA,Canada,GDP,NY.GDP.MKTP.KD.ZG,GDP growth (annual %),1.90843194590616,-30.42444854467117,Trade War 1.0
2020,CA,Canada,GDP,NY.GDP.MKTP.KD.ZG,GDP growth (annual %),-5.03823343468899,-363.9985903346813,Trade War 1.0
2021,CA,Canada,GDP,NY.GDP.MKTP.KD.ZG,GDP growth (annual %),5.95052802804381,-218.1074300184969,Recovery
2022,CA,Canada,GDP,NY.GDP.MKTP.KD.ZG,GDP growth (annual %),4.18903628100851,-29.6022762809232,Recovery
2023,CA,Canada,GDP,NY.GDP.MKTP.KD.ZG,GDP growth (annual %),1.52874550838358,-63.506033229783,Recovery
2024,CA,Canada,GDP,NY.GDP.MKTP.KD.ZG,GDP growth (annual %),1.55479521049516,1.7039920620354643,Recovery
2015,MX,Mexico,GDP,NY.GDP.MKTP.KD.ZG,GDP growth (annual %),2.70232342550646,,Pre-Trade War
2016,MX,Mexico,GDP,NY.GDP.MKTP.KD.ZG,GDP growth (annual %),1.77249323845399,-34.40854556031555,Pre-Trade War
2017,MX,Mexico,GDP,NY.GDP.MKTP.KD.ZG,GDP growth (annual %),1.87172853327193,5.598627552706237,Pre-Trade War
2018,MX,Mexico,GDP,NY.GDP.MKTP.KD.ZG,GDP growth (annual %),1.97208209405635,5.361544636443294,Trade War 1.0
2019,MX,Mexico,GDP,NY.GDP.MKTP.KD.ZG,GDP growth (annual %),-0.392690505066824,-119.91248266237761,Trade War 1.0
2020,MX,Mexico,GDP,NY.GDP.MKTP.KD.ZG,GDP growth (annual %),-8.35403458167995,2027.3839000151906,Trade War 1.0
2021,MX,Mexico,GDP,NY.GDP.MKTP.KD.ZG,GDP growth (annual %),6.0484834621255,-172.40194427001262,Recovery
2022,MX,Mexico,GDP,NY.GDP.MKTP.KD.ZG,GDP growth (annual %),3.70975709163623,-38.66632661119019,Recovery
2023,MX,Mexico,GDP,NY.GDP.MKTP.KD.ZG,GDP growth (annual %),3.35354140652768,-9.602129635701761,Recovery
2024,MX,Mexico,GDP,NY.GDP.MKTP.KD.ZG,GDP growth (annual %),1.42742769080466,-57.43521496331707,Recovery
2015,JP,Japan,GDP,NY.GDP.MKTP.KD.ZG,GDP growth (annual %),1.56062669680782,,Pre-Trade War
2016,JP,Japan,GDP,NY.GDP.MKTP.KD.ZG,GDP growth (annual %),0.753826745789127,-51.69717733708901,Pre-Trade War
2017,JP,Japan,GDP,NY.GDP.MKTP.KD.ZG,GDP growth (annual %),1.67533175173359,122.2436071805605,Pre-Trade War
2018,JP,Japan,GDP,NY.GDP.MKTP.KD.ZG,GDP growth (annual %),0.643391023533141,-61.59620189449782,Trade War 1.0
2019,JP,Japan,GDP,NY.GDP.MKTP.KD.ZG,GDP growth (annual %),-0.402169200894946,-162.5077419772597,Trade War 1.0
2020,JP,Japan,GDP,NY.GDP.MKTP.KD.ZG,GDP growth (annual %),-4.16876457146743,936.5698224007931,Trade War 1.0
2021,JP,Japan,GDP,NY.GDP.MKTP.KD.ZG,GDP growth (annual %),2.69657404187188,-164.6852081868147,Recovery
2022,JP,Japan,GDP,NY.GDP.MKTP.KD.ZG,GDP growth (annual %),0.941998775483285,-65.06683069494439,Recovery
2023,JP,Japan,GDP,NY.GDP.MKTP.KD.ZG,GDP growth (annual %),1.47503481053384,56.58563990989107,Recovery
2024,JP,Japan,GDP,NY.GDP.MKTP.KD.ZG,GDP growth (annual %),0.104309021773304,-92.92836880672986,Recovery
2015,KR,South Korea,GDP,NY.GDP.MKTP.KD.ZG,GDP growth (annual %),2.92029267301234,,Pre-Trade War
2016,KR,South Korea,GDP,NY.GDP.MKTP.KD.ZG,GDP growth (annual %),3.17152748983935,8.6030697932703,Pre-Trade War
2017,KR,South Korea,GDP,NY.GDP.MKTP.KD.ZG,GDP growth (annual %),3.433191763972,8.25041797591053,Pre-Trade War
2018,KR,South Korea,GDP,NY.GDP.MKTP.KD.ZG,GDP growth (annual %),3.17611568177327,-7.48796163664649,Trade War 1.0
2019,KR,South Korea,GDP,NY.GDP.MKTP.KD.ZG,GDP growth (annual %),2.31380210595475,-27.14994232631597,Trade War 1.0
2020,KR,South Korea,GDP,NY.GDP.MKTP.KD.ZG,GDP growth (annual %),-0.700242317542106,-130.2637081944034,Trade War 1.0
2021,KR,South Korea,GDP,NY.GDP.MKTP.KD.ZG,GDP growth (annual %),4.61296795454287,-758.7673779463478,Recovery
2022,KR,South Korea,GDP,NY.GDP.MKTP.KD.ZG,GDP growth (annual %),2.72756456708991,-40.871807609159895,Recovery
2023,KR,South Korea,GDP,NY.GDP.MKTP.KD.ZG,GDP growth (annual %),1.58301467403629,-41.96233910879557,Recovery
2024,KR,South Korea,GDP,NY.GDP.MKTP.KD.ZG,GDP growth (annual %),2.00361101838986,26.569326946360828,Recovery
2015,IN,India,GDP,NY.GDP.MKTP.KD.ZG,GDP growth (annual %),7.99625378571471,,Pre-Trade War
2016,IN,India,GDP,NY.GDP.MKTP.KD.ZG,GDP growth (annual %),8.25630550179086,3.2521693663692064,Pre-Trade War
2017,IN,India,GDP,NY.GDP.MKTP.KD.ZG,GDP growth (annual %),6.79538341897911,-17.69462240096208,Pre-Trade War
2018,IN,India,GDP,NY.GDP.MKTP.KD.ZG,GDP growth (annual %),6.45385134497769,-5.0259426575922195,Trade War 1.0
2019,IN,India,GDP,NY.GDP.MKTP.KD.ZG,GDP growth (annual %),3.87143694070356,-40.013540229490005,Trade War 1.0
2020,IN,India,GDP,NY.GDP.MKTP.KD.ZG,GDP growth (annual %),-5.77772470686801,-249.23979895222104,Trade War 1.0
2021,IN,India,GDP,NY.GDP.MKTP.KD.ZG,GDP growth (annual %),9.68959249192875,-267.70602587573416,Recovery
2022,IN,India,GDP,NY.GDP.MKTP.KD.ZG,GDP growth (annual %),7.60936497768895,-21.46867905923382,Recovery
2023,IN,India,GDP,NY.GDP.MKTP.KD.ZG,GDP growth (annual %),9.19075493028345,20.782154059257472,Recovery
2024,IN,India,GDP,NY.GDP.MKTP.KD.ZG,GDP growth (annual %),6.49476552383821,-29.333710091235055,Recovery
2015,GB,UK,GDP,NY.GDP.MKTP.KD.ZG,GDP growth (annual %),2.14040560033371,,Pre-Trade War
2016,GB,UK,GDP,NY.GDP.MKTP.KD.ZG,GDP growth (annual %),2.20652020635357,3.0888821263386657,Pre-Trade War
2017,GB,UK,GDP,NY.GDP.MKTP.KD.ZG,GDP growth (annual %),3.02322219840339,37.0131209176406,Pre-Trade War
2018,GB,UK,GDP,NY.GDP.MKTP.KD.ZG,GDP growth (annual %),1.55133095078786,-48.686174916050106,Trade War 1.0
2019,GB,UK,GDP,NY.GDP.MKTP.KD.ZG,GDP growth (annual %),1.25629899760824,-19.01798923239332,Trade War 1.0
2020,GB,UK,GDP,NY.GDP.MKTP.KD.ZG,GDP growth (annual %),-10.047896637362,-899.8013734382763,Trade War 1.0
2021,GB,UK,GDP,NY.GDP.MKTP.KD.ZG,GDP growth (annual %),8.5431118453255,-185.02388264583533,Recovery
2022,GB,UK,GDP,NY.GDP.MKTP.KD.ZG,GDP growth (annual %),5.14970388522993,-39.720982488978265,Recovery
2023,GB,UK,GDP,NY.GDP.MKTP.KD.ZG,GDP growth (annual %),0.271650048355255,-94.72493847395022,Recovery
2024,GB,UK,GDP,NY.GDP.MKTP.KD.ZG,GDP growth (annual %),1.1264226705118,314.6594772693364,Recovery
2015,FR,France,GDP,NY.GDP.MKTP.KD.ZG,GDP growth (annual %),1.06675474783462,,Pre-Trade War
2016,FR,France,GDP,NY.GDP.MKTP.KD.ZG,GDP growth (annual %),0.860031075424033,-19.37874406748228,Pre-Trade War
2017,FR,France,GDP,NY.GDP.MKTP.KD.ZG,GDP growth (annual %),2.08361485997399,142.2720433615351,Pre-Trade War
2018,FR,France,GDP,NY.GDP.MKTP.KD.ZG,GDP growth (annual %),1.64590872395887,-21.007055786719818,Trade War 1.0
2019,FR,France,GDP,NY.GDP.MKTP.KD.ZG,GDP growth (annual %),2.02744646419237,23.18097806273216,Trade War 1.0
2020,FR,France,GDP,NY.GDP.MKTP.KD.ZG,GDP growth (annual %),-7.44064589948231,-466.9959247208176,Trade War 1.0
2021,FR,France,GDP,NY.GDP.MKTP.KD.ZG,GDP growth (annual %),6.88233783360239,-192.49651074083818,Recovery
2022,FR,France,GDP,NY.GDP.MKTP.KD.ZG,GDP growth (annual %),2.71676264185913,-60.52558436473747,Recovery
2023,FR,France,GDP,NY.GDP.MKTP.KD.ZG,GDP growth (annual %),1.43921494437743,-47.02463431282502,Recovery
2024,FR,France,GDP,NY.GDP.MKTP.KD.ZG,GDP growth (annual %),1.19046798275883,-17.283517141784678,Recovery
2015,AU,Australia,GDP,NY.GDP.MKTP.KD.ZG,GDP growth (annual %),2.16434780647852,,Pre-Trade War
2016,AU,Australia,GDP,NY.GDP.MKTP.KD.ZG,GDP growth (annual %),2.75564065529868,27.319677874796678,Pre-Trade War
2017,AU,Australia,GDP,NY.GDP.MKTP.KD.ZG,GDP growth (annual %),2.29331030192918,-16.777599520478436,Pre-Trade War
2018,AU,Australia,GDP,NY.GDP.MKTP.KD.ZG,GDP growth (annual %),2.87417039499501,25.328456100214545,Trade War 1.0
2019,AU,Australia,GDP,NY.GDP.MKTP.KD.ZG,GDP growth (annual %),2.19401703622717,-23.664336670930773,Trade War 1.0
2020,AU,Australia,GDP,NY.GDP.MKTP.KD.ZG,GDP growth (annual %),-0.133531904304775,-106.08618356648662,Trade War 1.0
2021,AU,Australia,GDP,NY.GDP.MKTP.KD.ZG,GDP growth (annual %),2.00694844335034,-1602.9729814753891,Recovery
2022,AU,Australia,GDP,NY.GDP.MKTP.KD.ZG,GDP growth (annual %),4.25304559238732,111.91603633262308,Recovery
2023,AU,Australia,GDP,NY.GDP.MKTP.KD.ZG,GDP growth (annual %),3.58382100798981,-15.735184818977233,Recovery
2024,AU,Australia,GDP,NY.GDP.MKTP.KD.ZG,GDP growth (annual %),1.37340773365975,-61.677557818935156,Recovery
2015,BR,Brazil,GDP,NY.GDP.MKTP.KD.ZG,GDP growth (annual %),-3.54576339347278,,Pre-Trade War
2016,BR,Brazil,GDP,NY.GDP.MKTP.KD.ZG,GDP growth (annual %),-3.2759169063211,-7.610391817131035,Pre-Trade War
2017,BR,Brazil,GDP,NY.GDP.MKTP.KD.ZG,GDP growth (annual %),1.32286905390815,-140.38164250612053,Pre-Trade War
2018,BR,Brazil,GDP,NY.GDP.MKTP.KD.ZG,GDP growth (annual %),1.78366676137003,34.833206363135204,Trade War 1.0
2019,BR,Brazil,GDP,NY.GDP.MKTP.KD.ZG,GDP growth (annual %),1.22077782271943,-31.557965357735686,Trade War 1.0
2020,BR,Brazil,GDP,NY.GDP.MKTP.KD.ZG,GDP growth (annual %),-3.27675879612903,-368.41565558830797,Trade War 1.0
2021,BR,Brazil,GDP,NY.GDP.MKTP.KD.ZG,GDP growth (annual %),4.7626043797061,-245.34497886546794,Recovery
2022,BR,Brazil,GDP,NY.GDP.MKTP.KD.ZG,GDP growth (annual %),3.01669435408112,-36.65872464789359,Recovery
2023,BR,Brazil,GDP,NY.GDP.MKTP.KD.ZG,GDP growth (annual %),3.24165532813583,7.457201414865655,Recovery
2024,BR,Brazil,GDP,NY.GDP.MKTP.KD.ZG,GDP growth (annual %),3.41931516597739,5.480528306003674,Recovery
2015,VN,Vietnam,GDP,NY.GDP.MKTP.KD.ZG,GDP growth (annual %),6.98715430598611,,Pre-Trade War
2016,VN,Vietnam,GDP,NY.GDP.MKTP.KD.ZG,GDP growth (annual %),6.69000892660424,-4.252738187380456,Pre-Trade War
2017,VN,Vietnam,GDP,NY.GDP.MKTP.KD.ZG,GDP growth (annual %),6.94019037359206,3.73962799949219,Pre-Trade War
2018,VN,Vietnam,GDP,NY.GDP.MKTP.KD.ZG,GDP growth (annual %),7.46500685572751,7.561989713314143,Trade War 1.0
2019,VN,Vietnam,GDP,NY.GDP.MKTP.KD.ZG,GDP growth (annual %),7.35926270105006,-1.4165312466701607,Trade War 1.0
2020,VN,Vietnam,GDP,NY.GDP.MKTP.KD.ZG,GDP growth (annual %),2.86541320912272,-61.06385482456188,Trade War 1.0
2021,VN,Vietnam,GDP,NY.GDP.MKTP.KD.ZG,GDP growth (annual %),2.55372852648131,-10.87747769323768,Recovery
2022,VN,Vietnam,GDP,NY.GDP.MKTP.KD.ZG,GDP growth (annual %),8.53750046755788,234.31511529228177,Recovery
2023,VN,Vietnam,GDP,NY.GDP.MKTP.KD.ZG,GDP growth (annual %),5.06502391455075,-40.67322240511009,Recovery
2024,VN,Vietnam,GDP,NY.GDP.MKTP.KD.ZG,GDP growth (annual %),7.09118746633975,40.00304018246108,Recovery
2015,SG,Singapore,GDP,NY.GDP.MKTP.KD.ZG,GDP growth (annual %),2.97679931634806,,Pre-Trade War
2016,SG,Singapore,GDP,NY.GDP.MKTP.KD.ZG,GDP growth (annual %),3.74757848792792,25.89288325037151,Pre-Trade War
2017,SG,Singapore,GDP,NY.GDP.MKTP.KD.ZG,GDP growth (annual %),4.47689915845876,19.461117969382148,Pre-Trade War
2018,SG,Singapore,GDP,NY.GDP.MKTP.KD.ZG,GDP growth (annual %),3.4519759658687,-22.89359568561078,Trade War 1.0
2019,SG,Singapore,GDP,NY.GDP.MKTP.KD.ZG,GDP growth (annual %),1.30804118153127,-62.10746556567934,Trade War 1.0
2020,SG,Singapore,GDP,NY.GDP.MKTP.KD.ZG,GDP growth (annual %),-3.81470885510713,-391.6352259369546,Trade War 1.0
2021,SG,Singapore,GDP,NY.GDP.MKTP.KD.ZG,GDP growth (annual %),9.7568044629903,-355.7679978624816,Recovery
2022,SG,Singapore,GDP,NY.GDP.MKTP.KD.ZG,GDP growth (annual %),4.10800021897151,-57.8960485007765,Recovery
2023,SG,Singapore,GDP,NY.GDP.MKTP.KD.ZG,GDP growth (annual %),1.82140694115385,-55.661956084075804,Recovery
2024,SG,Singapore,GDP,NY.GDP.MKTP.KD.ZG,GDP growth (annual %),4.38802362461865,140.91396191994656,Recovery
2015,MY,Malaysia,GDP,NY.GDP.MKTP.KD.ZG,GDP growth (annual %),5.09153242155011,,Pre-Trade War
2016,MY,Malaysia,GDP,NY.GDP.MKTP.KD.ZG,GDP growth (annual %),4.44978139761541,-12.604280417001068,Pre-Trade War
2017,MY,Malaysia,GDP,NY.GDP.MKTP.KD.ZG,GDP growth (annual %),5.81272240983328,30.629392557312052,Pre-Trade War
2018,MY,Malaysia,GDP,NY.GDP.MKTP.KD.ZG,GDP growth (annual %),4.84308697634881,-16.681261638163814,Trade War 1.0
2019,MY,Malaysia,GDP,NY.GDP.MKTP.KD.ZG,GDP growth (annual %),4.41318742129586,-8.876560696769687,Trade War 1.0
2020,MY,Malaysia,GDP,NY.GDP.MKTP.KD.ZG,GDP growth (annual %),-5.45684658426701,-223.64864809355177,Trade War 1.0
2021,MY,Malaysia,GDP,NY.GDP.MKTP.KD.ZG,GDP growth (annual %),3.31534954399166,-160.7557770370595,Recovery
2022,MY,Malaysia,GDP,NY.GDP.MKTP.KD.ZG,GDP growth (annual %),9.03173723044451,172.42187017090075,Recovery
2023,MY,Malaysia,GDP,NY.GDP.MKTP.KD.ZG,GDP growth (annual %),3.5370638041057,-60.83739247657874,Recovery
2024,MY,Malaysia,GDP,NY.GDP.MKTP.KD.ZG,GDP growth (annual %),5.10545921024041,44.3417335111165,Recovery
2015,US,USA,Inflation,FP.CPI.TOTL.ZG,CPI inflation (annual %),0.118627135552451,,Pre-Trade War
2016,US,USA,Inflation,FP.CPI.TOTL.ZG,CPI inflation (annual %),1.26158320570536,963.4861912749725,Pre-Trade War
2017,US,USA,Inflation,FP.CPI.TOTL.ZG,CPI inflation (annual %),2.13011000365961,68.84419466163159,Pre-Trade War
2018,US,USA,Inflation,FP.CPI.TOTL.ZG,CPI inflation (annual %),2.44258329692817,14.669350067917563,Trade War 1.0
2019,US,USA,Inflation,FP.CPI.TOTL.ZG,CPI inflation (annual %),1.81221007526021,-25.80764481852992,Trade War 1.0
2020,US,USA,Inflation,FP.CPI.TOTL.ZG,CPI inflation (annual %),1.23358439630629,-31.929282750005505,Trade War 1.0
2021,US,USA,Inflation,FP.CPI.TOTL.ZG,CPI inflation (annual %),4.69785886363742,280.8299519436347,Recovery
2022,US,USA,Inflation,FP.CPI.TOTL.ZG,CPI inflation (annual %),8.00279982052121,70.34994138425151,Recovery
2023,US,USA,Inflation,FP.CPI.TOTL.ZG,CPI inflation (annual %),4.11633838374488,-48.5637717291198,Recovery
2024,US,USA,Inflation,FP.CPI.TOTL.ZG,CPI inflation (annual %),2.94952520485207,-28.34590041237791,Recovery
2015,CN,China,Inflation,FP.CPI.TOTL.ZG,CPI inflation (annual %),1.43702380935654,,Pre-Trade War
2016,CN,China,Inflation,FP.CPI.TOTL.ZG,CPI inflation (annual %),2.00000182191943,39.17666561244913,Pre-Trade War
2017,CN,China,Inflation,FP.CPI.TOTL.ZG,CPI inflation (annual %),1.59313600071435,-20.34327252835225,Pre-Trade War
2018,CN,China,Inflation,FP.CPI.TOTL.ZG,CPI inflation (annual %),2.07479039965576,30.23309991899248,Trade War 1.0
2019,CN,China,Inflation,FP.CPI.TOTL.ZG,CPI inflation (annual %),2.89923416358226,39.73624343274808,Trade War 1.0
2020,CN,China,Inflation,FP.CPI.TOTL.ZG,CPI inflation (annual %),2.41942189457782,-16.549621104477797,Trade War 1.0
2021,CN,China,Inflation,FP.CPI.TOTL.ZG,CPI inflation (annual %),0.981015135544881,-59.45249822929025,Recovery
2022,CN,China,Inflation,FP.CPI.TOTL.ZG,CPI inflation (annual %),1.9735755573905,101.17687137358237,Recovery
2023,CN,China,Inflation,FP.CPI.TOTL.ZG,CPI inflation (annual %),0.23483682889305,-88.10094561550225,Recovery
2024,CN,China,Inflation,FP.CPI.TOTL.ZG,CPI inflation (annual %),0.218128938439177,-7.114680662581319,Recovery
2015,DE,Germany,Inflation,FP.CPI.TOTL.ZG,CPI inflation (annual %),0.514426137125456,,Pre-Trade War
2016,DE,Germany,Inflation,FP.CPI.TOTL.ZG,CPI inflation (annual %),0.491747008445174,-4.408626825808259,Pre-Trade War
2017,DE,Germany,Inflation,FP.CPI.TOTL.ZG,CPI inflation (annual %),1.50949485109628,206.96574156476584,Pre-Trade War
2018,DE,Germany,Inflation,FP.CPI.TOTL.ZG,CPI inflation (annual %),1.73216879766941,14.751553899730862,Trade War 1.0
2019,DE,Germany,Inflation,FP.CPI.TOTL.ZG,CPI inflation (annual %),1.44565976888253,-16.54047972532301,Trade War 1.0
2020,DE,Germany,Inflation,FP.CPI.TOTL.ZG,CPI inflation (annual %),0.144877925813981,-89.9784216914351,Trade War 1.0
2021,DE,Germany,Inflation,FP.CPI.TOTL.ZG,CPI inflation (annual %),3.06666666666673,2016.7245799779323,Recovery
2022,DE,Germany,Inflation,FP.CPI.TOTL.ZG,CPI inflation (annual %),6.87257438551096,124.1056864840484,Recovery
2023,DE,Germany,Inflation,FP.CPI.TOTL.ZG,CPI inflation (annual %),5.94643667725823,-13.4758484419645,Recovery
2024,DE,Germany,Inflation,FP.CPI.TOTL.ZG,CPI inflation (annual %),2.2564981433876,-62.05293580242039,Recovery
2015,CA,Canada,Inflation,FP.CPI.TOTL.ZG,CPI inflation (annual %),1.12524136094277,,Pre-Trade War
2016,CA,Canada,Inflation,FP.CPI.TOTL.ZG,CPI inflation (annual %),1.42875954701085,26.97360731690319,Pre-Trade War
2017,CA,Canada,Inflation,FP.CPI.TOTL.ZG,CPI inflation (annual %),1.59688412852976,11.767171171009716,Pre-Trade War
2018,CA,Canada,Inflation,FP.CPI.TOTL.ZG,CPI inflation (annual %),2.26822567248103,42.04071741694682,Trade War 1.0
2019,CA,Canada,Inflation,FP.CPI.TOTL.ZG,CPI inflation (annual %),1.94926902411592,-14.06194508045705,Trade War 1.0
2020,CA,Canada,Inflation,FP.CPI.TOTL.ZG,CPI inflation (annual %),0.716999632307827,-63.21699963230996,Trade War 1.0
2021,CA,Canada,Inflation,FP.CPI.TOTL.ZG,CPI inflation (annual %),3.39519318527527,373.5278837378292,Recovery
2022,CA,Canada,Inflation,FP.CPI.TOTL.ZG,CPI inflation (annual %),6.80280115341612,100.36565762794947,Recovery
2023,CA,Canada,Inflation,FP.CPI.TOTL.ZG,CPI inflation (annual %),3.87900159788425,-42.97934761864448,Recovery
2024,CA,Canada,Inflation,FP.CPI.TOTL.ZG,CPI inflation (annual %),2.38158383281173,-38.603174741904375,Recovery
2015,MX,Mexico,Inflation,FP.CPI.TOTL.ZG,CPI inflation (annual %),2.72064064964023,,Pre-Trade War
2016,MX,Mexico,Inflation,FP.CPI.TOTL.ZG,CPI inflation (annual %),2.8217078474766,3.714830837719596,Pre-Trade War
2017,MX,Mexico,Inflation,FP.CPI.TOTL.ZG,CPI inflation (annual %),6.04145724018986,114.10640529609122,Pre-Trade War
2018,MX,Mexico,Inflation,FP.CPI.TOTL.ZG,CPI inflation (annual %),4.89935015356551,-18.904496733448017,Trade War 1.0
2019,MX,Mexico,Inflation,FP.CPI.TOTL.ZG,CPI inflation (annual %),3.63596142127046,-25.786863414439086,Trade War 1.0
2020,MX,Mexico,Inflation,FP.CPI.TOTL.ZG,CPI inflation (annual %),3.39683415570006,-6.576727249400937,Trade War 1.0
2021,MX,Mexico,Inflation,FP.CPI.TOTL.ZG,CPI inflation (annual %),5.68920847683753,67.48561207472403,Recovery
2022,MX,Mexico,Inflation,FP.CPI.TOTL.ZG,CPI inflation (annual %),7.8962761916855,38.79393282622008,Recovery
2023,MX,Mexico,Inflation,FP.CPI.TOTL.ZG,CPI inflation (annual %),5.52796087314389,-29.99281257455714,Recovery
2024,MX,Mexico,Inflation,FP.CPI.TOTL.ZG,CPI inflation (annual %),4.72225588452932,-14.575084865901832,Recovery
2015,JP,Japan,Inflation,FP.CPI.TOTL.ZG,CPI inflation (annual %),0.795279630579839,,Pre-Trade War
2016,JP,Japan,Inflation,FP.CPI.TOTL.ZG,CPI inflation (annual %),-0.127258844489754,-116.0017734135815,Pre-Trade War
2017,JP,Japan,Inflation,FP.CPI.TOTL.ZG,CPI inflation (annual %),0.484199796126385,-480.48419979592813,Pre-Trade War
2018,JP,Japan,Inflation,FP.CPI.TOTL.ZG,CPI inflation (annual %),0.989094598021848,104.27406329672975,Trade War 1.0
2019,JP,Japan,Inflation,FP.CPI.TOTL.ZG,CPI inflation (annual %),0.46877615938395,-52.605528296132164,Trade War 1.0
2020,JP,Japan,Inflation,FP.CPI.TOTL.ZG,CPI inflation (annual %),-0.024995834027731,-105.33214702312928,Trade War 1.0
2021,JP,Japan,Inflation,FP.CPI.TOTL.ZG,CPI inflation (annual %),-0.233352779398264,833.5666861100798,Recovery
2022,JP,Japan,Inflation,FP.CPI.TOTL.ZG,CPI inflation (annual %),2.49770278172255,-1170.3548456389767,Recovery
2023,JP,Japan,Inflation,FP.CPI.TOTL.ZG,CPI inflation (annual %),3.26813365933163,30.84557871524447,Recovery
2024,JP,Japan,Inflation,FP.CPI.TOTL.ZG,CPI inflation (annual %),2.73853681635241,-16.204870980935592,Recovery
2015,KR,South Korea,Inflation,FP.CPI.TOTL.ZG,CPI inflation (annual %),0.70633177245575,,Pre-Trade War
2016,KR,South Korea,Inflation,FP.CPI.TOTL.ZG,CPI inflation (annual %),0.971685739912168,37.567893418392394,Pre-Trade War
2017,KR,South Korea,Inflation,FP.CPI.TOTL.ZG,CPI inflation (annual %),1.94433230786366,100.0988825913418,Pre-Trade War
2018,KR,South Korea,Inflation,FP.CPI.TOTL.ZG,CPI inflation (annual %),1.47583935002645,-24.09531312844191,Trade War 1.0
2019,KR,South Korea,Inflation,FP.CPI.TOTL.ZG,CPI inflation (annual %),0.383000303608136,-74.04864536229692,Trade War 1.0
2020,KR,South Korea,Inflation,FP.CPI.TOTL.ZG,CPI inflation (annual %),0.537288023411737,40.28396801519494,Trade War 1.0
2021,KR,South Korea,Inflation,FP.CPI.TOTL.ZG,CPI inflation (annual %),2.49833333333339,364.98958183902334,Recovery
2022,KR,South Korea,Inflation,FP.CPI.TOTL.ZG,CPI inflation (annual %),5.08951365062842,103.71635692975202,Recovery
2023,KR,South Korea,Inflation,FP.CPI.TOTL.ZG,CPI inflation (annual %),3.5974562502901,-29.316306090545417,Recovery
2024,KR,South Korea,Inflation,FP.CPI.TOTL.ZG,CPI inflation (annual %),2.32174328643542,-35.46152823267291,Recovery
2015,IN,India,Inflation,FP.CPI.TOTL.ZG,CPI inflation (annual %),4.90697344127256,,Pre-Trade War
2016,IN,India,Inflation,FP.CPI.TOTL.ZG,CPI inflation (annual %),4.94821634062141,0.8404956709558764,Pre-Trade War
2017,IN,India,Inflation,FP.CPI.TOTL.ZG,CPI inflation (annual %),3.32817337461298,-32.739938080495904,Pre-Trade War
2018,IN,India,Inflation,FP.CPI.TOTL.ZG,CPI inflation (annual %),3.9388264669163,18.347995238509185,Trade War 1.0
2019,IN,India,Inflation,FP.CPI.TOTL.ZG,CPI inflation (annual %),3.72950573539129,-5.314291789272119,Trade War 1.0
2020,IN,India,Inflation,FP.CPI.TOTL.ZG,CPI inflation (annual %),6.62343677628535,77.59556483402044,Trade War 1.0
2021,IN,India,Inflation,FP.CPI.TOTL.ZG,CPI inflation (annual %),5.13140747176369,-22.526512366868868,Recovery
2022,IN,India,Inflation,FP.CPI.TOTL.ZG,CPI inflation (annual %),6.69903414079852,30.549643107878733,Recovery
2023,IN,India,Inflation,FP.CPI.TOTL.ZG,CPI inflation (annual %),5.64914318907925,-15.672273489773914,Recovery
2024,IN,India,Inflation,FP.CPI.TOTL.ZG,CPI inflation (annual %),4.95303550973656,-12.322358560292523,Recovery
2015,GB,UK,Inflation,FP.CPI.TOTL.ZG,CPI inflation (annual %),0.36804684232536,,Pre-Trade War
2016,GB,UK,Inflation,FP.CPI.TOTL.ZG,CPI inflation (annual %),1.0084173681141,173.99158263193058,Pre-Trade War
2017,GB,UK,Inflation,FP.CPI.TOTL.ZG,CPI inflation (annual %),2.55775577557747,153.640591331829,Pre-Trade War
2018,GB,UK,Inflation,FP.CPI.TOTL.ZG,CPI inflation (annual %),2.29283990345938,-10.357356032488262,Trade War 1.0
2019,GB,UK,Inflation,FP.CPI.TOTL.ZG,CPI inflation (annual %),1.73810460086513,-24.194244951742128,Trade War 1.0
2020,GB,UK,Inflation,FP.CPI.TOTL.ZG,CPI inflation (annual %),0.989486703772491,-43.070934667569446,Trade War 1.0
2021,GB,UK,Inflation,FP.CPI.TOTL.ZG,CPI inflation (annual %),2.51837109614213,154.51287890384523,Recovery
2022,GB,UK,Inflation,FP.CPI.TOTL.ZG,CPI inflation (annual %),7.92204883147902,214.57035238431442,Recovery
2023,GB,UK,Inflation,FP.CPI.TOTL.ZG,CPI inflation (annual %),6.79396706793963,-14.239772911482806,Recovery
2024,GB,UK,Inflation,FP.CPI.TOTL.ZG,CPI inflation (annual %),3.2715729463592,-51.845911031898005,Recovery
2015,FR,France,Inflation,FP.CPI.TOTL.ZG,CPI inflation (annual %),0.0375143805125181,,Pre-Trade War
2016,FR,France,Inflation,FP.CPI.TOTL.ZG,CPI inflation (annual %),0.183334861123764,388.70555402770776,Pre-Trade War
2017,FR,France,Inflation,FP.CPI.TOTL.ZG,CPI inflation (annual %),1.03228275064681,463.05862634054427,Pre-Trade War
2018,FR,France,Inflation,FP.CPI.TOTL.ZG,CPI inflation (annual %),1.85081508315492,79.29342343415429,Trade War 1.0
2019,FR,France,Inflation,FP.CPI.TOTL.ZG,CPI inflation (annual %),1.10825492288293,-40.12071043889559,Trade War 1.0
2020,FR,France,Inflation,FP.CPI.TOTL.ZG,CPI inflation (annual %),0.476498852725065,-57.00458054492218,Trade War 1.0
2021,FR,France,Inflation,FP.CPI.TOTL.ZG,CPI inflation (annual %),1.64233141038393,244.66639342184075,Recovery
2022,FR,France,Inflation,FP.CPI.TOTL.ZG,CPI inflation (annual %),5.22236748369725,217.98499685738886,Recovery
2023,FR,France,Inflation,FP.CPI.TOTL.ZG,CPI inflation (annual %),4.8783572650844,-6.587246487091381,Recovery
2024,FR,France,Inflation,FP.CPI.TOTL.ZG,CPI inflation (annual %),1.99904942291462,-59.022078247070844,Recovery
2015,AU,Australia,Inflation,FP.CPI.TOTL.ZG,CPI inflation (annual %),1.50836803138463,,Pre-Trade War
2016,AU,Australia,Inflation,FP.CPI.TOTL.ZG,CPI inflation (annual %),1.27699365720306,-15.33938464402327,Pre-Trade War
2017,AU,Australia,Inflation,FP.CPI.TOTL.ZG,CPI inflation (annual %),1.94864309065653,52.5961448332134,Pre-Trade War
2018,AU,Australia,Inflation,FP.CPI.TOTL.ZG,CPI inflation (annual %),1.91140002818579,-1.9112305711248667,Trade War 1.0
2019,AU,Australia,Inflation,FP.CPI.TOTL.ZG,CPI inflation (annual %),1.610770929127,-15.728214639827787,Trade War 1.0
2020,AU,Australia,Inflation,FP.CPI.TOTL.ZG,CPI inflation (annual %),0.846900734607273,-47.422645933505066,Trade War 1.0
2021,AU,Australia,Inflation,FP.CPI.TOTL.ZG,CPI inflation (annual %),2.86391284709318,238.16393469315398,Recovery
2022,AU,Australia,Inflation,FP.CPI.TOTL.ZG,CPI inflation (annual %),6.59409658717841,130.24780917726946,Recovery
2023,AU,Australia,Inflation,FP.CPI.TOTL.ZG,CPI inflation (annual %),5.59701792296707,-15.120777365470573,Recovery
2024,AU,Australia,Inflation,FP.CPI.TOTL.ZG,CPI inflation (annual %),3.16656665428797,-43.42403941044874,Recovery
2015,BR,Brazil,Inflation,FP.CPI.TOTL.ZG,CPI inflation (annual %),9.02990102416136,,Pre-Trade War
2016,BR,Brazil,Inflation,FP.CPI.TOTL.ZG,CPI inflation (annual %),8.73914352329393,-3.219941171995666,Pre-Trade War
2017,BR,Brazil,Inflation,FP.CPI.TOTL.ZG,CPI inflation (annual %),3.44637335032669,-60.56394609906013,Pre-Trade War
2018,BR,Brazil,Inflation,FP.CPI.TOTL.ZG,CPI inflation (annual %),3.66485028376728,6.339328657467713,Trade War 1.0
2019,BR,Brazil,Inflation,FP.CPI.TOTL.ZG,CPI inflation (annual %),3.73297621216893,1.8589007224496967,Trade War 1.0
2020,BR,Brazil,Inflation,FP.CPI.TOTL.ZG,CPI inflation (annual %),3.21176803803376,-13.96226883086239,Trade War 1.0
2021,BR,Brazil,Inflation,FP.CPI.TOTL.ZG,CPI inflation (annual %),8.30165975585673,158.47631764026758,Recovery
2022,BR,Brazil,Inflation,FP.CPI.TOTL.ZG,CPI inflation (annual %),9.28010608956872,11.786153160778557,Recovery
2023,BR,Brazil,Inflation,FP.CPI.TOTL.ZG,CPI inflation (annual %),4.59356282283203,-50.5009664922321,Recovery
2024,BR,Brazil,Inflation,FP.CPI.TOTL.ZG,CPI inflation (annual %),4.36746407652336,-4.9220780259031205,Recovery
2015,VN,Vietnam,Inflation,FP.CPI.TOTL.ZG,CPI inflation (annual %),0.631200905175754,,Pre-Trade War
2016,VN,Vietnam,Inflation,FP.CPI.TOTL.ZG,CPI inflation (annual %),2.66824816969082,322.7256564132877,Pre-Trade War
2017,VN,Vietnam,Inflation,FP.CPI.TOTL.ZG,CPI inflation (annual %),3.52025688811617,31.93138959499693,Pre-Trade War
2018,VN,Vietnam,Inflation,FP.CPI.TOTL.ZG,CPI inflation (annual %),3.53962805942641,0.5502772077695228,Trade War 1.0
2019,VN,Vietnam,Inflation,FP.CPI.TOTL.ZG,CPI inflation (annual %),2.7958236745225,-21.01363116170014,Trade War 1.0
2020,VN,Vietnam,Inflation,FP.CPI.TOTL.ZG,CPI inflation (annual %),3.22093436652514,15.205203957479373,Trade War 1.0
2021,VN,Vietnam,Inflation,FP.CPI.TOTL.ZG,CPI inflation (annual %),1.83471554810444,-43.037785334204216,Recovery
2022,VN,Vietnam,Inflation,FP.CPI.TOTL.ZG,CPI inflation (annual %),3.15650749963129,72.04342672587455,Recovery
2023,VN,Vietnam,Inflation,FP.CPI.TOTL.ZG,CPI inflation (annual %),3.25289282667662,3.053543419636706,Recovery
2024,VN,Vietnam,Inflation,FP.CPI.TOTL.ZG,CPI inflation (annual %),3.62109273885843,11.319152883311823,Recovery
2015,SG,Singapore,Inflation,FP.CPI.TOTL.ZG,CPI inflation (annual %),-0.521975611895763,,Pre-Trade War
2016,SG,Singapore,Inflation,FP.CPI.TOTL.ZG,CPI inflation (annual %),-0.529809760375464,1.5008648490775656,Pre-Trade War
2017,SG,Singapore,Inflation,FP.CPI.TOTL.ZG,CPI inflation (annual %),0.576763191179996,-208.8623189522324,Pre-Trade War
2018,SG,Singapore,Inflation,FP.CPI.TOTL.ZG,CPI inflation (annual %),0.438784215129623,-23.92298575227776,Trade War 1.0
2019,SG,Singapore,Inflation,FP.CPI.TOTL.ZG,CPI inflation (annual %),0.567829988405447,29.409848583022068,Trade War 1.0
2020,SG,Singapore,Inflation,FP.CPI.TOTL.ZG,CPI inflation (annual %),-0.172111865925382,-130.3104572565282,Trade War 1.0
2021,SG,Singapore,Inflation,FP.CPI.TOTL.ZG,CPI inflation (annual %),2.31610315765146,-1445.6963848475104,Recovery
2022,SG,Singapore,Inflation,FP.CPI.TOTL.ZG,CPI inflation (annual %),6.13095418919732,164.70989294855664,Recovery
2023,SG,Singapore,Inflation,FP.CPI.TOTL.ZG,CPI inflation (annual %),4.83372362825798,-21.158705821437184,Recovery
2024,SG,Singapore,Inflation,FP.CPI.TOTL.ZG,CPI inflation (annual %),2.38951123595017,-50.56582834026605,Recovery
2015,MY,Malaysia,Inflation,FP.CPI.TOTL.ZG,CPI inflation (annual %),2.10438980238359,,Pre-Trade War
2016,MY,Malaysia,Inflation,FP.CPI.TOTL.ZG,CPI inflation (annual %),2.09056659525742,-0.6568748389919388,Pre-Trade War
2017,MY,Malaysia,Inflation,FP.CPI.TOTL.ZG,CPI inflation (annual %),3.87120115774237,85.17473523801775,Pre-Trade War
2018,MY,Malaysia,Inflation,FP.CPI.TOTL.ZG,CPI inflation (annual %),0.884709160571235,-77.14639140356155,Trade War 1.0
2019,MY,Malaysia,Inflation,FP.CPI.TOTL.ZG,CPI inflation (annual %),0.662891865764326,-25.072340684670547,Trade War 1.0
2020,MY,Malaysia,Inflation,FP.CPI.TOTL.ZG,CPI inflation (annual %),-1.1387021539305,-271.7779645127424,Trade War 1.0
2021,MY,Malaysia,Inflation,FP.CPI.TOTL.ZG,CPI inflation (annual %),2.47710241465447,-317.53734337852654,Recovery
2022,MY,Malaysia,Inflation,FP.CPI.TOTL.ZG,CPI inflation (annual %),3.37869862549928,36.39721173864237,Recovery
2023,MY,Malaysia,Inflation,FP.CPI.TOTL.ZG,CPI inflation (annual %),2.48886560125754,-26.336560992037196,Recovery
2024,MY,Malaysia,Inflation,FP.CPI.TOTL.ZG,CPI inflation (annual %),1.834100204499,-26.307784415024614,Recovery
2015,US,USA,Trade,NE.TRD.GNFS.ZS,Trade (% of GDP),27.8235649187872,,Pre-Trade War
2016,US,USA,Trade,NE.TRD.GNFS.ZS,Trade (% of GDP),26.6079620604584,-4.368968756796477,Pre-Trade War
2017,US,USA,Trade,NE.TRD.GNFS.ZS,Trade (% of GDP),27.3130208877206,2.649803940866158,Pre-Trade War
2018,US,USA,Trade,NE.TRD.GNFS.ZS,Trade (% of GDP),27.6103792720958,1.0887055869710949,Trade War 1.0
2019,US,USA,Trade,NE.TRD.GNFS.ZS,Trade (% of GDP),26.4537594940475,-4.1890760233678765,Trade War 1.0
2020,US,USA,Trade,NE.TRD.GNFS.ZS,Trade (% of GDP),23.4015629969394,-11.537855319940027,Trade War 1.0
2021,US,USA,Trade,NE.TRD.GNFS.ZS,Trade (% of GDP),25.6095576621932,9.435244413129906,Recovery
2022,US,USA,Trade,NE.TRD.GNFS.ZS,Trade (% of GDP),27.3139397355363,6.655257758939115,Recovery
2023,US,USA,Trade,NE.TRD.GNFS.ZS,Trade (% of GDP),25.2903297883366,-7.408707666462777,Recovery
2024,US,USA,Trade,NE.TRD.GNFS.ZS,Trade (% of GDP),25.3786342507088,0.3491629532364815,Recovery
2015,CN,China,Trade,NE.TRD.GNFS.ZS,Trade (% of GDP),38.6971848362625,,Pre-Trade War
2016,CN,China,Trade,NE.TRD.GNFS.ZS,Trade (% of GDP),36.177170692978,-6.512138167019932,Pre-Trade War
2017,CN,China,Trade,NE.TRD.GNFS.ZS,Trade (% of GDP),36.95085261586,2.1385915704905223,Pre-Trade War
2018,CN,China,Trade,NE.TRD.GNFS.ZS,Trade (% of GDP),36.8943843914718,-0.1528198144038484,Trade War 1.0
2019,CN,China,Trade,NE.TRD.GNFS.ZS,Trade (% of GDP),35.1994202738836,-4.5940978431937225,Trade War 1.0
2020,CN,China,Trade,NE.TRD.GNFS.ZS,Trade (% of GDP),34.0389507864581,-3.2968426138725637,Trade War 1.0
2021,CN,China,Trade,NE.TRD.GNFS.ZS,Trade (% of GDP),36.5206911762676,7.290883921124913,Recovery
2022,CN,China,Trade,NE.TRD.GNFS.ZS,Trade (% of GDP),37.440719876366,2.5191984884893825,Recovery
2023,CN,China,Trade,NE.TRD.GNFS.ZS,Trade (% of GDP),36.1051923691138,-3.567045483266029,Recovery
2024,CN,China,Trade,NE.TRD.GNFS.ZS,Trade (% of GDP),37.1984201388065,3.0278962607824145,Recovery
2015,DE,Germany,Trade,NE.TRD.GNFS.ZS,Trade (% of GDP),77.7565815686922,,Pre-Trade War
2016,DE,Germany,Trade,NE.TRD.GNFS.ZS,Trade (% of GDP),76.0059902166055,-2.251373860282402,Pre-Trade War
2017,DE,Germany,Trade,NE.TRD.GNFS.ZS,Trade (% of GDP),77.4548394742448,1.9062303556736993,Pre-Trade War
2018,DE,Germany,Trade,NE.TRD.GNFS.ZS,Trade (% of GDP),79.1252260463654,2.1565941953517687,Trade War 1.0
2019,DE,Germany,Trade,NE.TRD.GNFS.ZS,Trade (% of GDP),79.0732427175683,-0.06569754223088031,Trade War 1.0
2020,DE,Germany,Trade,NE.TRD.GNFS.ZS,Trade (% of GDP),72.9335327120137,-7.764586090751657,Trade War 1.0
2021,DE,Germany,Trade,NE.TRD.GNFS.ZS,Trade (% of GDP),79.9195348609851,9.578587364685065,Recovery
2022,DE,Germany,Trade,NE.TRD.GNFS.ZS,Trade (% of GDP),88.7857542130501,11.093932625467872,Recovery
2023,DE,Germany,Trade,NE.TRD.GNFS.ZS,Trade (% of GDP),81.9625483787634,-7.68502322784097,Recovery
2024,DE,Germany,Trade,NE.TRD.GNFS.ZS,Trade (% of GDP),79.0907305894936,-3.5038171043665245,Recovery
2015,CA,Canada,Trade,NE.TRD.GNFS.ZS,Trade (% of GDP),66.1649020669781,,Pre-Trade War
2016,CA,Canada,Trade,NE.TRD.GNFS.ZS,Trade (% of GDP),65.3636845215556,-1.210940423687834,Pre-Trade War
2017,CA,Canada,Trade,NE.TRD.GNFS.ZS,Trade (% of GDP),65.1010608504649,-0.40178835237490995,Pre-Trade War
2018,CA,Canada,Trade,NE.TRD.GNFS.ZS,Trade (% of GDP),66.5998858508762,2.302305032868901,Trade War 1.0
2019,CA,Canada,Trade,NE.TRD.GNFS.ZS,Trade (% of GDP),66.1714852804959,-0.6432452021607582,Trade War 1.0
2020,CA,Canada,Trade,NE.TRD.GNFS.ZS,Trade (% of GDP),61.1567709632763,-7.578361428586056,Trade War 1.0
2021,CA,Canada,Trade,NE.TRD.GNFS.ZS,Trade (% of GDP),62.2468367159421,1.7824122096314898,Recovery
2022,CA,Canada,Trade,NE.TRD.GNFS.ZS,Trade (% of GDP),67.3176215563989,8.14625305956811,Recovery
2023,CA,Canada,Trade,NE.TRD.GNFS.ZS,Trade (% of GDP),66.6323313370668,-1.0179952937849457,Recovery
2024,CA,Canada,Trade,NE.TRD.GNFS.ZS,Trade (% of GDP),65.1499212653783,-2.224760926027902,Recovery
2015,MX,Mexico,Trade,NE.TRD.GNFS.ZS,Trade (% of GDP),70.412974676264,,Pre-Trade War
2016,MX,Mexico,Trade,NE.TRD.GNFS.ZS,Trade (% of GDP),75.6903034088551,7.494824294605573,Pre-Trade War
2017,MX,Mexico,Trade,NE.TRD.GNFS.ZS,Trade (% of GDP),76.9521260407254,1.667086238318194,Pre-Trade War
2018,MX,Mexico,Trade,NE.TRD.GNFS.ZS,Trade (% of GDP),80.2126616568975,4.23709621024182,Trade War 1.0
2019,MX,Mexico,Trade,NE.TRD.GNFS.ZS,Trade (% of GDP),77.4619722571128,-3.4292458858309893,Trade War 1.0
2020,MX,Mexico,Trade,NE.TRD.GNFS.ZS,Trade (% of GDP),76.8545557056016,-0.7841480584757976,Trade War 1.0
2021,MX,Mexico,Trade,NE.TRD.GNFS.ZS,Trade (% of GDP),83.0692976357895,8.086367650076642,Recovery
2022,MX,Mexico,Trade,NE.TRD.GNFS.ZS,Trade (% of GDP),88.7984855867186,6.8968778044185,Recovery
2023,MX,Mexico,Trade,NE.TRD.GNFS.ZS,Trade (% of GDP),73.5788616365245,-17.139508460795728,Recovery
2024,MX,Mexico,Trade,NE.TRD.GNFS.ZS,Trade (% of GDP),74.5889079825143,1.3727398379433708,Recovery
2015,JP,Japan,Trade,NE.TRD.GNFS.ZS,Trade (% of GDP),35.4274083544798,,Pre-Trade War
2016,JP,Japan,Trade,NE.TRD.GNFS.ZS,Trade (% of GDP),31.3102468455884,-11.621401903565399,Pre-Trade War
2017,JP,Japan,Trade,NE.TRD.GNFS.ZS,Trade (% of GDP),34.4232135721686,9.942325724649525,Pre-Trade War
2018,JP,Japan,Trade,NE.TRD.GNFS.ZS,Trade (% of GDP),36.609931802107,6.3524523221921925,Trade War 1.0
2019,JP,Japan,Trade,NE.TRD.GNFS.ZS,Trade (% of GDP),35.2164181084145,-3.806381561225136,Trade War 1.0
2020,JP,Japan,Trade,NE.TRD.GNFS.ZS,Trade (% of GDP),31.335208636773,-11.021022807297198,Trade War 1.0
2021,JP,Japan,Trade,NE.TRD.GNFS.ZS,Trade (% of GDP),36.7384462280698,17.243343275384817,Recovery
2022,JP,Japan,Trade,NE.TRD.GNFS.ZS,Trade (% of GDP),46.8129868368938,27.422337205776024,Recovery
2023,JP,Japan,Trade,NE.TRD.GNFS.ZS,Trade (% of GDP),45.1508795641248,-3.550526008007404,Recovery
2024,JP,Japan,Trade,NE.TRD.GNFS.ZS,Trade (% of GDP),46.4069516150859,2.7819437031723515,Recovery
2015,KR,South Korea,Trade,NE.TRD.GNFS.ZS,Trade (% of GDP),75.3881774564907,,Pre-Trade War
2016,KR,South Korea,Trade,NE.TRD.GNFS.ZS,Trade (% of GDP),69.8997221316919,-7.280259995629135,Pre-Trade War
2017,KR,South Korea,Trade,NE.TRD.GNFS.ZS,Trade (% of GDP),73.1921408264016,4.710202836724786,Pre-Trade War
2018,KR,South Korea,Trade,NE.TRD.GNFS.ZS,Trade (% of GDP),74.7075162140824,2.0704072466946943,Trade War 1.0
2019,KR,South Korea,Trade,NE.TRD.GNFS.ZS,Trade (% of GDP),71.4470632403511,-4.364290420776573,Trade War 1.0
2020,KR,South Korea,Trade,NE.TRD.GNFS.ZS,Trade (% of GDP),65.544957860621,-8.260808929088038,Trade War 1.0
2021,KR,South Korea,Trade,NE.TRD.GNFS.ZS,Trade (% of GDP),75.3063047610912,14.89259772083058,Recovery
2022,KR,South Korea,Trade,NE.TRD.GNFS.ZS,Trade (% of GDP),90.5851475278549,20.288929081350805,Recovery
2023,KR,South Korea,Trade,NE.TRD.GNFS.ZS,Trade (% of GDP),82.2580090716629,-9.192609035196874,Recovery
2024,KR,South Korea,Trade,NE.TRD.GNFS.ZS,Trade (% of GDP),84.6424951192038,2.898788913628514,Recovery
2015,IN,India,Trade,NE.TRD.GNFS.ZS,Trade (% of GDP),41.9229138658647,,Pre-Trade War
2016,IN,India,Trade,NE.TRD.GNFS.ZS,Trade (% of GDP),40.082485713276,-4.390029181839028,Pre-Trade War
2017,IN,India,Trade,NE.TRD.GNFS.ZS,Trade (% of GDP),40.7424969545225,1.6466325116855085,Pre-Trade War
2018,IN,India,Trade,NE.TRD.GNFS.ZS,Trade (% of GDP),43.6169693323889,7.055218979521394,Trade War 1.0
2019,IN,India,Trade,NE.TRD.GNFS.ZS,Trade (% of GDP),39.9054035306442,-8.509453679507661,Trade War 1.0
2020,IN,India,Trade,NE.TRD.GNFS.ZS,Trade (% of GDP),37.7581053292768,-5.380971024935111,Trade War 1.0
2021,IN,India,Trade,NE.TRD.GNFS.ZS,Trade (% of GDP),45.4230887840446,20.30023325567807,Recovery
2022,IN,India,Trade,NE.TRD.GNFS.ZS,Trade (% of GDP),50.0752701498882,10.241886869388184,Recovery
2023,IN,India,Trade,NE.TRD.GNFS.ZS,Trade (% of GDP),44.9928422877561,-10.14957652134294,Recovery
2024,IN,India,Trade,NE.TRD.GNFS.ZS,Trade (% of GDP),44.6492935069676,-0.7635631876539262,Recovery
2015,GB,UK,Trade,NE.TRD.GNFS.ZS,Trade (% of GDP),57.125044605439,,Pre-Trade War
2016,GB,UK,Trade,NE.TRD.GNFS.ZS,Trade (% of GDP),59.8395315138259,4.751833328333976,Pre-Trade War
2017,GB,UK,Trade,NE.TRD.GNFS.ZS,Trade (% of GDP),63.1899245764158,5.598962722186074,Pre-Trade War
2018,GB,UK,Trade,NE.TRD.GNFS.ZS,Trade (% of GDP),64.9097721959201,2.7217117776813904,Trade War 1.0
2019,GB,UK,Trade,NE.TRD.GNFS.ZS,Trade (% of GDP),65.0035664177054,0.14449938524232486,Trade War 1.0
2020,GB,UK,Trade,NE.TRD.GNFS.ZS,Trade (% of GDP),59.1598893030611,-8.989779233178542,Trade War 1.0
2021,GB,UK,Trade,NE.TRD.GNFS.ZS,Trade (% of GDP),58.53838629291,-1.0505479598977963,Recovery
2022,GB,UK,Trade,NE.TRD.GNFS.ZS,Trade (% of GDP),69.1989264413981,18.21119580431494,Recovery
2023,GB,UK,Trade,NE.TRD.GNFS.ZS,Trade (% of GDP),64.9923841747803,-6.078912611715381,Recovery
2024,GB,UK,Trade,NE.TRD.GNFS.ZS,Trade (% of GDP),62.8401605267118,-3.311501301876618,Recovery
2015,FR,France,Trade,NE.TRD.GNFS.ZS,Trade (% of GDP),63.5046871956484,,Pre-Trade War
2016,FR,France,Trade,NE.TRD.GNFS.ZS,Trade (% of GDP),63.3427564383351,-0.25499024475849064,Pre-Trade War
2017,FR,France,Trade,NE.TRD.GNFS.ZS,Trade (% of GDP),65.3958481559711,3.2412415137549333,Pre-Trade War
2018,FR,France,Trade,NE.TRD.GNFS.ZS,Trade (% of GDP),66.8022607812266,2.1506145495676643,Trade War 1.0
2019,FR,France,Trade,NE.TRD.GNFS.ZS,Trade (% of GDP),66.4289771741449,-0.5587888833645471,Trade War 1.0
2020,FR,France,Trade,NE.TRD.GNFS.ZS,Trade (% of GDP),58.8388907240647,-11.425866802348384,Trade War 1.0
2021,FR,France,Trade,NE.TRD.GNFS.ZS,Trade (% of GDP),63.788482630872,8.412109483877384,Recovery
2022,FR,France,Trade,NE.TRD.GNFS.ZS,Trade (% of GDP),75.9630077981996,19.085773270040818,Recovery
2023,FR,France,Trade,NE.TRD.GNFS.ZS,Trade (% of GDP),70.6261450610225,-7.02560745271541,Recovery
2024,FR,France,Trade,NE.TRD.GNFS.ZS,Trade (% of GDP),68.1081875443744,-3.565191777736876,Recovery
2015,AU,Australia,Trade,NE.TRD.GNFS.ZS,Trade (% of GDP),41.4947506939901,,Pre-Trade War
2016,AU,Australia,Trade,NE.TRD.GNFS.ZS,Trade (% of GDP),40.813402217321,-1.6420112550954102,Pre-Trade War
2017,AU,Australia,Trade,NE.TRD.GNFS.ZS,Trade (% of GDP),42.0354135251854,2.9941422216101854,Pre-Trade War
2018,AU,Australia,Trade,NE.TRD.GNFS.ZS,Trade (% of GDP),43.5732253645218,3.6583720971723688,Trade War 1.0
2019,AU,Australia,Trade,NE.TRD.GNFS.ZS,Trade (% of GDP),46.0016827052171,5.573278820604832,Trade War 1.0
2020,AU,Australia,Trade,NE.TRD.GNFS.ZS,Trade (% of GDP),44.499564103879,-3.265355771796019,Trade War 1.0
2021,AU,Australia,Trade,NE.TRD.GNFS.ZS,Trade (% of GDP),40.2022359390595,-9.657011818785232,Recovery
2022,AU,Australia,Trade,NE.TRD.GNFS.ZS,Trade (% of GDP),45.6946418805752,13.661941464751749,Recovery
2023,AU,Australia,Trade,NE.TRD.GNFS.ZS,Trade (% of GDP),49.044339318428,7.330613174751144,Recovery
2024,AU,Australia,Trade,NE.TRD.GNFS.ZS,Trade (% of GDP),47.1453811065195,-3.8719212824526394,Recovery
2015,BR,Brazil,Trade,NE.TRD.GNFS.ZS,Trade (% of GDP),26.9536259372369,,Pre-Trade War
2016,BR,Brazil,Trade,NE.TRD.GNFS.ZS,Trade (% of GDP),24.5336820770756,-8.978175573840353,Pre-Trade War
2017,BR,Brazil,Trade,NE.TRD.GNFS.ZS,Trade (% of GDP),24.3197343741684,-0.872057044821295,Pre-Trade War
2018,BR,Brazil,Trade,NE.TRD.GNFS.ZS,Trade (% of GDP),28.876203376153,18.735685726996778,Trade War 1.0
2019,BR,Brazil,Trade,NE.TRD.GNFS.ZS,Trade (% of GDP),28.8902578697354,0.04867154244385663,Trade War 1.0
2020,BR,Brazil,Trade,NE.TRD.GNFS.ZS,Trade (% of GDP),32.3020785443492,11.809588858630171,Trade War 1.0
2021,BR,Brazil,Trade,NE.TRD.GNFS.ZS,Trade (% of GDP),37.6563307592575,16.575565586459607,Recovery
2022,BR,Brazil,Trade,NE.TRD.GNFS.ZS,Trade (% of GDP),38.8160659764321,3.079788162550834,Recovery
2023,BR,Brazil,Trade,NE.TRD.GNFS.ZS,Trade (% of GDP),33.6662298301284,-13.267279969666468,Recovery
2024,BR,Brazil,Trade,NE.TRD.GNFS.ZS,Trade (% of GDP),35.5845239385389,5.697977225515727,Recovery
2015,VN,Vietnam,Trade,NE.TRD.GNFS.ZS,Trade (% of GDP),144.914228195237,,Pre-Trade War
2016,VN,Vietnam,Trade,NE.TRD.GNFS.ZS,Trade (% of GDP),145.409507973118,0.3417744303297221,Pre-Trade War
2017,VN,Vietnam,Trade,NE.TRD.GNFS.ZS,Trade (% of GDP),160.98008365887,10.708086357482593,Pre-Trade War
2018,VN,Vietnam,Trade,NE.TRD.GNFS.ZS,Trade (% of GDP),164.663936775893,2.2883906091323736,Trade War 1.0
2019,VN,Vietnam,Trade,NE.TRD.GNFS.ZS,Trade (% of GDP),164.704215031408,0.024460884577193198,Trade War 1.0
2020,VN,Vietnam,Trade,NE.TRD.GNFS.ZS,Trade (% of GDP),163.245862814935,-0.8854370947306345,Trade War 1.0
2021,VN,Vietnam,Trade,NE.TRD.GNFS.ZS,Trade (% of GDP),186.675832836814,14.3525658891831,Recovery
2022,VN,Vietnam,Trade,NE.TRD.GNFS.ZS,Trade (% of GDP),183.153619147836,-1.886807539815305,Recovery
2023,VN,Vietnam,Trade,NE.TRD.GNFS.ZS,Trade (% of GDP),164.818071269894,-10.01102132911832,Recovery
2024,VN,Vietnam,Trade,NE.TRD.GNFS.ZS,Trade (% of GDP),173.862024782965,5.487234162727983,Recovery
2015,SG,Singapore,Trade,NE.TRD.GNFS.ZS,Trade (% of GDP),329.471398940262,,Pre-Trade War
2016,SG,Singapore,Trade,NE.TRD.GNFS.ZS,Trade (% of GDP),302.839656046574,-8.083172918604909,Pre-Trade War
2017,SG,Singapore,Trade,NE.TRD.GNFS.ZS,Trade (% of GDP),316.794409287568,4.607967603439578,Pre-Trade War
2018,SG,Singapore,Trade,NE.TRD.GNFS.ZS,Trade (% of GDP),326.59658728675,3.0941764475029387,Trade War 1.0
2019,SG,Singapore,Trade,NE.TRD.GNFS.ZS,Trade (% of GDP),324.394985115301,-0.6741044631663584,Trade War 1.0
2020,SG,Singapore,Trade,NE.TRD.GNFS.ZS,Trade (% of GDP),332.040805481913,2.356947769674811,Trade War 1.0
2021,SG,Singapore,Trade,NE.TRD.GNFS.ZS,Trade (% of GDP),329.161383683762,-0.8671891377844188,Recovery
2022,SG,Singapore,Trade,NE.TRD.GNFS.ZS,Trade (% of GDP),332.34956775484,0.968577794696901,Recovery
2023,SG,Singapore,Trade,NE.TRD.GNFS.ZS,Trade (% of GDP),325.69322405378,-2.0028140087638424,Recovery
2024,SG,Singapore,Trade,NE.TRD.GNFS.ZS,Trade (% of GDP),322.371427934716,-1.0199156364749884,Recovery
2015,MY,Malaysia,Trade,NE.TRD.GNFS.ZS,Trade (% of GDP),131.37007244526,,Pre-Trade War
2016,MY,Malaysia,Trade,NE.TRD.GNFS.ZS,Trade (% of GDP),126.8990100257,-3.4034101803689265,Pre-Trade War
2017,MY,Malaysia,Trade,NE.TRD.GNFS.ZS,Trade (% of GDP),133.155173371956,4.930033216956531,Pre-Trade War
2018,MY,Malaysia,Trade,NE.TRD.GNFS.ZS,Trade (% of GDP),130.402625502126,-2.067173058414362,Trade War 1.0
2019,MY,Malaysia,Trade,NE.TRD.GNFS.ZS,Trade (% of GDP),123.028562027943,-5.6548427961389365,Trade War 1.0
2020,MY,Malaysia,Trade,NE.TRD.GNFS.ZS,Trade (% of GDP),116.788182437638,-5.072301494418541,Trade War 1.0
2021,MY,Malaysia,Trade,NE.TRD.GNFS.ZS,Trade (% of GDP),134.035994690727,14.768456784828299,Recovery
2022,MY,Malaysia,Trade,NE.TRD.GNFS.ZS,Trade (% of GDP),146.424604753908,9.242748630146957,Recovery
2023,MY,Malaysia,Trade,NE.TRD.GNFS.ZS,Trade (% of GDP),132.593461641599,-9.445914595811711,Recovery
2024,MY,Malaysia,Trade,NE.TRD.GNFS.ZS,Trade (% of GDP),137.362571161559,3.5967908680527128,Recovery
2015,US,USA,Investment,BX.KLT.DINV.CD.WD,FDI net inflows (USD),511434000000.0,,Pre-Trade War
2016,US,USA,Investment,BX.KLT.DINV.CD.WD,FDI net inflows (USD),474388000000.0,-7.2435543980259425,Pre-Trade War
2017,US,USA,Investment,BX.KLT.DINV.CD.WD,FDI net inflows (USD),380823000000.0,-19.72330666037083,Pre-Trade War
2018,US,USA,Investment,BX.KLT.DINV.CD.WD,FDI net inflows (USD),214715000000.0,-43.61816381888699,Trade War 1.0
2019,US,USA,Investment,BX.KLT.DINV.CD.WD,FDI net inflows (USD),315984000000.0,47.164380690683004,Trade War 1.0
2020,US,USA,Investment,BX.KLT.DINV.CD.WD,FDI net inflows (USD),137066000000.0,-56.6224872145425,Trade War 1.0
2021,US,USA,Investment,BX.KLT.DINV.CD.WD,FDI net inflows (USD),477956000000.0,248.705003429005,Recovery
2022,US,USA,Investment,BX.KLT.DINV.CD.WD,FDI net inflows (USD),416890000000.0,-12.776489886098297,Recovery
2023,US,USA,Investment,BX.KLT.DINV.CD.WD,FDI net inflows (USD),361944000000.0,-13.179975533114252,Recovery
2024,US,USA,Investment,BX.KLT.DINV.CD.WD,FDI net inflows (USD),297058000000.0,-17.927082642618753,Recovery
2015,CN,China,Investment,BX.KLT.DINV.CD.WD,FDI net inflows (USD),242489331627.398,,Pre-Trade War
2016,CN,China,Investment,BX.KLT.DINV.CD.WD,FDI net inflows (USD),174749584584.05,-27.93514526545643,Pre-Trade War
2017,CN,China,Investment,BX.KLT.DINV.CD.WD,FDI net inflows (USD),166083755721.648,-4.958998262015291,Pre-Trade War
2018,CN,China,Investment,BX.KLT.DINV.CD.WD,FDI net inflows (USD),235365050036.341,41.71467222285521,Trade War 1.0
2019,CN,China,Investment,BX.KLT.DINV.CD.WD,FDI net inflows (USD),187169822364.755,-20.476798770312133,Trade War 1.0
2020,CN,China,Investment,BX.KLT.DINV.CD.WD,FDI net inflows (USD),253095616058.58,35.22244818149656,Trade War 1.0
2021,CN,China,Investment,BX.KLT.DINV.CD.WD,FDI net inflows (USD),344074977062.48,35.94663646123466,Recovery
2022,CN,China,Investment,BX.KLT.DINV.CD.WD,FDI net inflows (USD),190203789092.51,-44.72024943041085,Recovery
2023,CN,China,Investment,BX.KLT.DINV.CD.WD,FDI net inflows (USD),51338076801.59,-73.0089095246044,Recovery
2024,CN,China,Investment,BX.KLT.DINV.CD.WD,FDI net inflows (USD),18556141172.84,-63.85501302560424,Recovery
2015,DE,Germany,Investment,BX.KLT.DINV.CD.WD,FDI net inflows (USD),62418993509.2489,,Pre-Trade War
2016,DE,Germany,Investment,BX.KLT.DINV.CD.WD,FDI net inflows (USD),58132711370.7803,-6.866951704105073,Pre-Trade War
2017,DE,Germany,Investment,BX.KLT.DINV.CD.WD,FDI net inflows (USD),108786501529.106,87.13474559142311,Pre-Trade War
2018,DE,Germany,Investment,BX.KLT.DINV.CD.WD,FDI net inflows (USD),162250938125.842,49.14620457983154,Trade War 1.0
2019,DE,Germany,Investment,BX.KLT.DINV.CD.WD,FDI net inflows (USD),75463438450.8916,-53.489675115245205,Trade War 1.0
2020,DE,Germany,Investment,BX.KLT.DINV.CD.WD,FDI net inflows (USD),176781024357.228,134.26049486503265,Trade War 1.0
2021,DE,Germany,Investment,BX.KLT.DINV.CD.WD,FDI net inflows (USD),127609826748.268,-27.814748663068002,Recovery
2022,DE,Germany,Investment,BX.KLT.DINV.CD.WD,FDI net inflows (USD),87215414562.4594,-31.65462505132417,Recovery
2023,DE,Germany,Investment,BX.KLT.DINV.CD.WD,FDI net inflows (USD),77438957875.1405,-11.209551357825031,Recovery
2024,DE,Germany,Investment,BX.KLT.DINV.CD.WD,FDI net inflows (USD),47599143488.7827,-38.533336714667996,Recovery
2015,CA,Canada,Investment,BX.KLT.DINV.CD.WD,FDI net inflows (USD),59986208237.0733,,Pre-Trade War
2016,CA,Canada,Investment,BX.KLT.DINV.CD.WD,FDI net inflows (USD),34201872160.6085,-42.98377382774679,Pre-Trade War
2017,CA,Canada,Investment,BX.KLT.DINV.CD.WD,FDI net inflows (USD),25357801000.4969,-25.858441662435162,Pre-Trade War
2018,CA,Canada,Investment,BX.KLT.DINV.CD.WD,FDI net inflows (USD),42603762048.597,68.0104755446348,Trade War 1.0
2019,CA,Canada,Investment,BX.KLT.DINV.CD.WD,FDI net inflows (USD),48942300762.2452,14.877884977429922,Trade War 1.0
2020,CA,Canada,Investment,BX.KLT.DINV.CD.WD,FDI net inflows (USD),29123011879.2997,-40.495212881847976,Trade War 1.0
2021,CA,Canada,Investment,BX.KLT.DINV.CD.WD,FDI net inflows (USD),60189690111.8854,106.67398812094544,Recovery
2022,CA,Canada,Investment,BX.KLT.DINV.CD.WD,FDI net inflows (USD),50764048301.0469,-15.659894233243875,Recovery
2023,CA,Canada,Investment,BX.KLT.DINV.CD.WD,FDI net inflows (USD),43897082059.7896,-13.527223440758728,Recovery
2024,CA,Canada,Investment,BX.KLT.DINV.CD.WD,FDI net inflows (USD),63052828220.4018,43.637857601836274,Recovery
2015,MX,Mexico,Investment,BX.KLT.DINV.CD.WD,FDI net inflows (USD),36251271532.0,,Pre-Trade War
2016,MX,Mexico,Investment,BX.KLT.DINV.CD.WD,FDI net inflows (USD),38902371602.0,7.313122982899523,Pre-Trade War
2017,MX,Mexico,Investment,BX.KLT.DINV.CD.WD,FDI net inflows (USD),33138670924.0,-14.815807984579743,Pre-Trade War
2018,MX,Mexico,Investment,BX.KLT.DINV.CD.WD,FDI net inflows (USD),37867130066.0,14.268704839865842,Trade War 1.0
2019,MX,Mexico,Investment,BX.KLT.DINV.CD.WD,FDI net inflows (USD),29948988013.0,-20.910330514087505,Trade War 1.0
2020,MX,Mexico,Investment,BX.KLT.DINV.CD.WD,FDI net inflows (USD),31546860667.0,5.335314346202313,Trade War 1.0
2021,MX,Mexico,Investment,BX.KLT.DINV.CD.WD,FDI net inflows (USD),35617195058.0,12.90250219812783,Recovery
2022,MX,Mexico,Investment,BX.KLT.DINV.CD.WD,FDI net inflows (USD),39206366288.0,10.077074357358274,Recovery
2023,MX,Mexico,Investment,BX.KLT.DINV.CD.WD,FDI net inflows (USD),30682691037.0,-21.740538739007963,Recovery
2024,MX,Mexico,Investment,BX.KLT.DINV.CD.WD,FDI net inflows (USD),45474733959.0,48.20973135688262,Recovery
2015,JP,Japan,Investment,BX.KLT.DINV.CD.WD,FDI net inflows (USD),5252218412.39171,,Pre-Trade War
2016,JP,Japan,Investment,BX.KLT.DINV.CD.WD,FDI net inflows (USD),40954181468.5533,679.7501598929877,Pre-Trade War
2017,JP,Japan,Investment,BX.KLT.DINV.CD.WD,FDI net inflows (USD),18802251208.1068,-54.08954462307073,Pre-Trade War
2018,JP,Japan,Investment,BX.KLT.DINV.CD.WD,FDI net inflows (USD),25289367857.8518,34.50180820341346,Trade War 1.0
2019,JP,Japan,Investment,BX.KLT.DINV.CD.WD,FDI net inflows (USD),39960544340.0141,58.01321948665166,Trade War 1.0
2020,JP,Japan,Investment,BX.KLT.DINV.CD.WD,FDI net inflows (USD),62584719398.0912,56.6162834659452,Trade War 1.0
2021,JP,Japan,Investment,BX.KLT.DINV.CD.WD,FDI net inflows (USD),35027163875.7213,-44.032402457668276,Recovery
2022,JP,Japan,Investment,BX.KLT.DINV.CD.WD,FDI net inflows (USD),48153832744.0586,37.475682915441276,Recovery
2023,JP,Japan,Investment,BX.KLT.DINV.CD.WD,FDI net inflows (USD),19982140844.5082,-58.50352982136469,Recovery
2024,JP,Japan,Investment,BX.KLT.DINV.CD.WD,FDI net inflows (USD),16160318365.9944,-19.126191273765215,Recovery
2015,KR,South Korea,Investment,BX.KLT.DINV.CD.WD,FDI net inflows (USD),4104100000.0,,Pre-Trade War
2016,KR,South Korea,Investment,BX.KLT.DINV.CD.WD,FDI net inflows (USD),12104300000.0,194.93189737092175,Pre-Trade War
2017,KR,South Korea,Investment,BX.KLT.DINV.CD.WD,FDI net inflows (USD),17912900000.0,47.987905124625144,Pre-Trade War
2018,KR,South Korea,Investment,BX.KLT.DINV.CD.WD,FDI net inflows (USD),12182600000.0,-31.9897950638925,Trade War 1.0
2019,KR,South Korea,Investment,BX.KLT.DINV.CD.WD,FDI net inflows (USD),9634300000.0,-20.91753812814998,Trade War 1.0
2020,KR,South Korea,Investment,BX.KLT.DINV.CD.WD,FDI net inflows (USD),8764900000.0,-9.024007971518433,Trade War 1.0
2021,KR,South Korea,Investment,BX.KLT.DINV.CD.WD,FDI net inflows (USD),22060400000.0,151.69026457803284,Recovery
2022,KR,South Korea,Investment,BX.KLT.DINV.CD.WD,FDI net inflows (USD),25044700000.0,13.527859875614222,Recovery
2023,KR,South Korea,Investment,BX.KLT.DINV.CD.WD,FDI net inflows (USD),18599100000.0,-25.736383346576318,Recovery
2024,KR,South Korea,Investment,BX.KLT.DINV.CD.WD,FDI net inflows (USD),12862500000.0,-30.84342790780199,Recovery
2015,IN,India,Investment,BX.KLT.DINV.CD.WD,FDI net inflows (USD),44009492129.5319,,Pre-Trade War
2016,IN,India,Investment,BX.KLT.DINV.CD.WD,FDI net inflows (USD),44458571545.798,1.0204149026403986,Pre-Trade War
2017,IN,India,Investment,BX.KLT.DINV.CD.WD,FDI net inflows (USD),39966091358.7384,-10.104868489604456,Pre-Trade War
2018,IN,India,Investment,BX.KLT.DINV.CD.WD,FDI net inflows (USD),42117450737.2644,5.382961669219144,Trade War 1.0
2019,IN,India,Investment,BX.KLT.DINV.CD.WD,FDI net inflows (USD),50610647353.5911,20.165504957336246,Trade War 1.0
2020,IN,India,Investment,BX.KLT.DINV.CD.WD,FDI net inflows (USD),64362364994.3754,27.171590089942875,Trade War 1.0
2021,IN,India,Investment,BX.KLT.DINV.CD.WD,FDI net inflows (USD),44727277562.881,-30.507094376053935,Recovery
2022,IN,India,Investment,BX.KLT.DINV.CD.WD,FDI net inflows (USD),49940258404.2659,11.655037206447671,Recovery
2023,IN,India,Investment,BX.KLT.DINV.CD.WD,FDI net inflows (USD),28086193530.3979,-43.76041608947947,Recovery
2024,IN,India,Investment,BX.KLT.DINV.CD.WD,FDI net inflows (USD),27139853378.1402,-3.3694140547506635,Recovery
2015,GB,UK,Investment,BX.KLT.DINV.CD.WD,FDI net inflows (USD),45333483122.0899,,Pre-Trade War
2016,GB,UK,Investment,BX.KLT.DINV.CD.WD,FDI net inflows (USD),324813224213.021,616.4973918687211,Pre-Trade War
2017,GB,UK,Investment,BX.KLT.DINV.CD.WD,FDI net inflows (USD),125358809934.12,-61.40587864368896,Pre-Trade War
2018,GB,UK,Investment,BX.KLT.DINV.CD.WD,FDI net inflows (USD),-25055440306.9073,-119.98698002962433,Trade War 1.0
2019,GB,UK,Investment,BX.KLT.DINV.CD.WD,FDI net inflows (USD),19790761929.1276,-178.98788321701005,Trade War 1.0
2020,GB,UK,Investment,BX.KLT.DINV.CD.WD,FDI net inflows (USD),157185559299.989,694.2370276742444,Trade War 1.0
2021,GB,UK,Investment,BX.KLT.DINV.CD.WD,FDI net inflows (USD),102431564639.492,-34.83398532558508,Recovery
2022,GB,UK,Investment,BX.KLT.DINV.CD.WD,FDI net inflows (USD),92776358059.3492,-9.426007123999636,Recovery
2023,GB,UK,Investment,BX.KLT.DINV.CD.WD,FDI net inflows (USD),13789803776.1608,-85.13651099848148,Recovery
2024,GB,UK,Investment,BX.KLT.DINV.CD.WD,FDI net inflows (USD),-12955141484.5037,-193.94725040903026,Recovery
2015,FR,France,Investment,BX.KLT.DINV.CD.WD,FDI net inflows (USD),43133325471.3567,,Pre-Trade War
2016,FR,France,Investment,BX.KLT.DINV.CD.WD,FDI net inflows (USD),35623357280.0881,-17.411057712801913,Pre-Trade War
2017,FR,France,Investment,BX.KLT.DINV.CD.WD,FDI net inflows (USD),43733253503.8812,22.76567073684037,Pre-Trade War
2018,FR,France,Investment,BX.KLT.DINV.CD.WD,FDI net inflows (USD),77493098693.2377,77.19490887262803,Trade War 1.0
2019,FR,France,Investment,BX.KLT.DINV.CD.WD,FDI net inflows (USD),53499337503.7413,-30.96244903623937,Trade War 1.0
2020,FR,France,Investment,BX.KLT.DINV.CD.WD,FDI net inflows (USD),19368829836.4654,-63.796131428523005,Trade War 1.0
2021,FR,France,Investment,BX.KLT.DINV.CD.WD,FDI net inflows (USD),98012545019.163,406.0323511884867,Recovery
2022,FR,France,Investment,BX.KLT.DINV.CD.WD,FDI net inflows (USD),112295479269.655,14.572557265704567,Recovery
2023,FR,France,Investment,BX.KLT.DINV.CD.WD,FDI net inflows (USD),18051596853.4685,-83.92491223077536,Recovery
2024,FR,France,Investment,BX.KLT.DINV.CD.WD,FDI net inflows (USD),52052548617.7634,188.35426051386602,Recovery
2015,AU,Australia,Investment,BX.KLT.DINV.CD.WD,FDI net inflows (USD),46892808567.8515,,Pre-Trade War
2016,AU,Australia,Investment,BX.KLT.DINV.CD.WD,FDI net inflows (USD),42970225977.7087,-8.364998194695506,Pre-Trade War
2017,AU,Australia,Investment,BX.KLT.DINV.CD.WD,FDI net inflows (USD),48199372039.9014,12.169231004057025,Pre-Trade War
2018,AU,Australia,Investment,BX.KLT.DINV.CD.WD,FDI net inflows (USD),60686639529.9229,25.907531491663494,Trade War 1.0
2019,AU,Australia,Investment,BX.KLT.DINV.CD.WD,FDI net inflows (USD),38745129661.1195,-36.155420762727594,Trade War 1.0
2020,AU,Australia,Investment,BX.KLT.DINV.CD.WD,FDI net inflows (USD),17976843681.3117,-53.602313791321876,Trade War 1.0
2021,AU,Australia,Investment,BX.KLT.DINV.CD.WD,FDI net inflows (USD),31453060427.453,74.96430955869553,Recovery
2022,AU,Australia,Investment,BX.KLT.DINV.CD.WD,FDI net inflows (USD),68709419796.6458,118.45066541338704,Recovery
2023,AU,Australia,Investment,BX.KLT.DINV.CD.WD,FDI net inflows (USD),35315978153.0955,-48.60096583901073,Recovery
2024,AU,Australia,Investment,BX.KLT.DINV.CD.WD,FDI net inflows (USD),53393088476.4107,51.18677513320049,Recovery
2015,BR,Brazil,Investment,BX.KLT.DINV.CD.WD,FDI net inflows (USD),64738153494.44,,Pre-Trade War
2016,BR,Brazil,Investment,BX.KLT.DINV.CD.WD,FDI net inflows (USD),74294627801.19,14.761734450104068,Pre-Trade War
2017,BR,Brazil,Investment,BX.KLT.DINV.CD.WD,FDI net inflows (USD),68885491315.23,-7.280656281682541,Pre-Trade War
2018,BR,Brazil,Investment,BX.KLT.DINV.CD.WD,FDI net inflows (USD),78183840044.98,13.49826872425053,Trade War 1.0
2019,BR,Brazil,Investment,BX.KLT.DINV.CD.WD,FDI net inflows (USD),69174411753.45,-11.523389342793578,Trade War 1.0
2020,BR,Brazil,Investment,BX.KLT.DINV.CD.WD,FDI net inflows (USD),38270116307.45,-44.67590639751076,Trade War 1.0
2021,BR,Brazil,Investment,BX.KLT.DINV.CD.WD,FDI net inflows (USD),46440503520.19,21.349261515438567,Recovery
2022,BR,Brazil,Investment,BX.KLT.DINV.CD.WD,FDI net inflows (USD),75501038733.31,62.57584007564847,Recovery
2023,BR,Brazil,Investment,BX.KLT.DINV.CD.WD,FDI net inflows (USD),62750364285.48,-16.888078179783474,Recovery
2024,BR,Brazil,Investment,BX.KLT.DINV.CD.WD,FDI net inflows (USD),74090786050.19,18.0722803665605,Recovery
2015,VN,Vietnam,Investment,BX.KLT.DINV.CD.WD,FDI net inflows (USD),11800000000.0,,Pre-Trade War
2016,VN,Vietnam,Investment,BX.KLT.DINV.CD.WD,FDI net inflows (USD),12600000000.0,6.779661016949157,Pre-Trade War
2017,VN,Vietnam,Investment,BX.KLT.DINV.CD.WD,FDI net inflows (USD),14100000000.0,11.904761904761907,Pre-Trade War
2018,VN,Vietnam,Investment,BX.KLT.DINV.CD.WD,FDI net inflows (USD),15500000000.0,9.92907801418439,Trade War 1.0
2019,VN,Vietnam,Investment,BX.KLT.DINV.CD.WD,FDI net inflows (USD),16120000000.0,4.0000000000000036,Trade War 1.0
2020,VN,Vietnam,Investment,BX.KLT.DINV.CD.WD,FDI net inflows (USD),15800000000.0,-1.985111662531014,Trade War 1.0
2021,VN,Vietnam,Investment,BX.KLT.DINV.CD.WD,FDI net inflows (USD),15660000000.0,-0.8860759493670933,Recovery
2022,VN,Vietnam,Investment,BX.KLT.DINV.CD.WD,FDI net inflows (USD),17900000000.0,14.30395913154534,Recovery
2023,VN,Vietnam,Investment,BX.KLT.DINV.CD.WD,FDI net inflows (USD),18500000000.0,3.3519553072625774,Recovery
2024,VN,Vietnam,Investment,BX.KLT.DINV.CD.WD,FDI net inflows (USD),20170000000.0,9.027027027027025,Recovery
2015,SG,Singapore,Investment,BX.KLT.DINV.CD.WD,FDI net inflows (USD),69774553124.9431,,Pre-Trade War
2016,SG,Singapore,Investment,BX.KLT.DINV.CD.WD,FDI net inflows (USD),65133174223.0873,-6.651965070338218,Pre-Trade War
2017,SG,Singapore,Investment,BX.KLT.DINV.CD.WD,FDI net inflows (USD),101970056302.84,56.55625189336371,Pre-Trade War
2018,SG,Singapore,Investment,BX.KLT.DINV.CD.WD,FDI net inflows (USD),86126491248.6639,-15.53746818293641,Trade War 1.0
2019,SG,Singapore,Investment,BX.KLT.DINV.CD.WD,FDI net inflows (USD),106174185547.865,23.277035913746367,Trade War 1.0
2020,SG,Singapore,Investment,BX.KLT.DINV.CD.WD,FDI net inflows (USD),79322385229.1189,-25.29032851082328,Trade War 1.0
2021,SG,Singapore,Investment,BX.KLT.DINV.CD.WD,FDI net inflows (USD),142313339701.522,79.41132164704423,Recovery
2022,SG,Singapore,Investment,BX.KLT.DINV.CD.WD,FDI net inflows (USD),144147823984.526,1.2890459087331552,Recovery
2023,SG,Singapore,Investment,BX.KLT.DINV.CD.WD,FDI net inflows (USD),125786783506.69,-12.737646653484703,Recovery
2024,SG,Singapore,Investment,BX.KLT.DINV.CD.WD,FDI net inflows (USD),135077157183.126,7.385810669005544,Recovery
2015,MY,Malaysia,Investment,BX.KLT.DINV.CD.WD,FDI net inflows (USD),9857162111.82329,,Pre-Trade War
2016,MY,Malaysia,Investment,BX.KLT.DINV.CD.WD,FDI net inflows (USD),13470089920.807,36.6528192191355,Pre-Trade War
2017,MY,Malaysia,Investment,BX.KLT.DINV.CD.WD,FDI net inflows (USD),9368469822.66145,-30.44983457615864,Pre-Trade War
2018,MY,Malaysia,Investment,BX.KLT.DINV.CD.WD,FDI net inflows (USD),8304480741.65266,-11.357127696938296,Trade War 1.0
2019,MY,Malaysia,Investment,BX.KLT.DINV.CD.WD,FDI net inflows (USD),9154921685.03934,10.240747975019504,Trade War 1.0
2020,MY,Malaysia,Investment,BX.KLT.DINV.CD.WD,FDI net inflows (USD),4058769678.64231,-55.66570836673554,Trade War 1.0
2021,MY,Malaysia,Investment,BX.KLT.DINV.CD.WD,FDI net inflows (USD),20245157326.8023,398.8003491140316,Recovery
2022,MY,Malaysia,Investment,BX.KLT.DINV.CD.WD,FDI net inflows (USD),15027992710.6144,-25.769938617769906,Recovery
2023,MY,Malaysia,Investment,BX.KLT.DINV.CD.WD,FDI net inflows (USD),7918601050.23635,-47.30765976055223,Recovery
2024,MY,Malaysia,Investment,BX.KLT.DINV.CD.WD,FDI net inflows (USD),15593246086.7664,96.91920312491284,Recovery
2015,US,USA,Labor,SL.UEM.TOTL.ZS,Unemployment (% of labor force),5.28,,Pre-Trade War
2016,US,USA,Labor,SL.UEM.TOTL.ZS,Unemployment (% of labor force),4.869,-7.784090909090913,Pre-Trade War
2017,US,USA,Labor,SL.UEM.TOTL.ZS,Unemployment (% of labor force),4.355,-10.556582460464147,Pre-Trade War
2018,US,USA,Labor,SL.UEM.TOTL.ZS,Unemployment (% of labor force),3.896,-10.539609644087268,Trade War 1.0
2019,US,USA,Labor,SL.UEM.TOTL.ZS,Unemployment (% of labor force),3.669,-5.826488706365495,Trade War 1.0
2020,US,USA,Labor,SL.UEM.TOTL.ZS,Unemployment (% of labor force),8.055,119.5421095666394,Trade War 1.0
2021,US,USA,Labor,SL.UEM.TOTL.ZS,Unemployment (% of labor force),5.349,-33.59404096834264,Recovery
2022,US,USA,Labor,SL.UEM.TOTL.ZS,Unemployment (% of labor force),3.65,-31.762946345111242,Recovery
2023,US,USA,Labor,SL.UEM.TOTL.ZS,Unemployment (% of labor force),3.638,-0.32876712328767654,Recovery
2024,US,USA,Labor,SL.UEM.TOTL.ZS,Unemployment (% of labor force),4.022,10.555250137438165,Recovery
2025,US,USA,Labor,SL.UEM.TOTL.ZS,Unemployment (% of labor force),4.198,4.375932371954261,Trade War 2.0
2015,CN,China,Labor,SL.UEM.TOTL.ZS,Unemployment (% of labor force),4.65,,Pre-Trade War
2016,CN,China,Labor,SL.UEM.TOTL.ZS,Unemployment (% of labor force),4.56,-1.935483870967758,Pre-Trade War
2017,CN,China,Labor,SL.UEM.TOTL.ZS,Unemployment (% of labor force),4.47,-1.9736842105263164,Pre-Trade War
2018,CN,China,Labor,SL.UEM.TOTL.ZS,Unemployment (% of labor force),4.31,-3.579418344519014,Trade War 1.0
2019,CN,China,Labor,SL.UEM.TOTL.ZS,Unemployment (% of labor force),4.56,5.8004640371229765,Trade War 1.0
2020,CN,China,Labor,SL.UEM.TOTL.ZS,Unemployment (% of labor force),5.0,9.649122807017552,Trade War 1.0
2021,CN,China,Labor,SL.UEM.TOTL.ZS,Unemployment (% of labor force),4.55,-9.000000000000007,Recovery
2022,CN,China,Labor,SL.UEM.TOTL.ZS,Unemployment (% of labor force),4.98,9.450549450549461,Recovery
2023,CN,China,Labor,SL.UEM.TOTL.ZS,Unemployment (% of labor force),4.67,-6.224899598393585,Recovery
2024,CN,China,Labor,SL.UEM.TOTL.ZS,Unemployment (% of labor force),4.59,-1.7130620985010725,Recovery
2025,CN,China,Labor,SL.UEM.TOTL.ZS,Unemployment (% of labor force),4.615,0.5446623093682046,Trade War 2.0
2015,DE,Germany,Labor,SL.UEM.TOTL.ZS,Unemployment (% of labor force),4.612,,Pre-Trade War
2016,DE,Germany,Labor,SL.UEM.TOTL.ZS,Unemployment (% of labor force),4.104,-11.014744145706857,Pre-Trade War
2017,DE,Germany,Labor,SL.UEM.TOTL.ZS,Unemployment (% of labor force),3.781,-7.870370370370372,Pre-Trade War
2018,DE,Germany,Labor,SL.UEM.TOTL.ZS,Unemployment (% of labor force),3.384,-10.499867759851899,Trade War 1.0
2019,DE,Germany,Labor,SL.UEM.TOTL.ZS,Unemployment (% of labor force),3.163,-6.530732860520095,Trade War 1.0
2020,DE,Germany,Labor,SL.UEM.TOTL.ZS,Unemployment (% of labor force),3.881,22.699968384445146,Trade War 1.0
2021,DE,Germany,Labor,SL.UEM.TOTL.ZS,Unemployment (% of labor force),3.594,-7.395001288327752,Recovery
2022,DE,Germany,Labor,SL.UEM.TOTL.ZS,Unemployment (% of labor force),3.137,-12.715637173066218,Recovery
2023,DE,Germany,Labor,SL.UEM.TOTL.ZS,Unemployment (% of labor force),3.071,-2.103920943576665,Recovery
2024,DE,Germany,Labor,SL.UEM.TOTL.ZS,Unemployment (% of labor force),3.4,10.71312276131553,Recovery
2025,DE,Germany,Labor,SL.UEM.TOTL.ZS,Unemployment (% of labor force),3.711,9.14705882352942,Trade War 2.0
2015,CA,Canada,Labor,SL.UEM.TOTL.ZS,Unemployment (% of labor force),6.945,,Pre-Trade War
2016,CA,Canada,Labor,SL.UEM.TOTL.ZS,Unemployment (% of labor force),7.038,1.3390928725701912,Pre-Trade War
2017,CA,Canada,Labor,SL.UEM.TOTL.ZS,Unemployment (% of labor force),6.426,-8.695652173913048,Pre-Trade War
2018,CA,Canada,Labor,SL.UEM.TOTL.ZS,Unemployment (% of labor force),5.837,-9.165888577653291,Trade War 1.0
2019,CA,Canada,Labor,SL.UEM.TOTL.ZS,Unemployment (% of labor force),5.69,-2.5184169950316804,Trade War 1.0
2020,CA,Canada,Labor,SL.UEM.TOTL.ZS,Unemployment (% of labor force),9.657,69.71880492091387,Trade War 1.0
2021,CA,Canada,Labor,SL.UEM.TOTL.ZS,Unemployment (% of labor force),7.527,-22.056539297918608,Recovery
2022,CA,Canada,Labor,SL.UEM.TOTL.ZS,Unemployment (% of labor force),5.279,-29.865816394313804,Recovery
2023,CA,Canada,Labor,SL.UEM.TOTL.ZS,Unemployment (% of labor force),5.415,2.576245501041874,Recovery
2024,CA,Canada,Labor,SL.UEM.TOTL.ZS,Unemployment (% of labor force),6.351,17.285318559556796,Recovery
2025,CA,Canada,Labor,SL.UEM.TOTL.ZS,Unemployment (% of labor force),6.907,8.754526846165955,Trade War 2.0
2015,MX,Mexico,Labor,SL.UEM.TOTL.ZS,Unemployment (% of labor force),4.311,,Pre-Trade War
2016,MX,Mexico,Labor,SL.UEM.TOTL.ZS,Unemployment (% of labor force),3.853,-10.623985154256543,Pre-Trade War
2017,MX,Mexico,Labor,SL.UEM.TOTL.ZS,Unemployment (% of labor force),3.419,-11.263950168699722,Pre-Trade War
2018,MX,Mexico,Labor,SL.UEM.TOTL.ZS,Unemployment (% of labor force),3.275,-4.211757823925133,Trade War 1.0
2019,MX,Mexico,Labor,SL.UEM.TOTL.ZS,Unemployment (% of labor force),3.477,6.167938931297701,Trade War 1.0
2020,MX,Mexico,Labor,SL.UEM.TOTL.ZS,Unemployment (% of labor force),4.44,27.69628990509061,Trade War 1.0
2021,MX,Mexico,Labor,SL.UEM.TOTL.ZS,Unemployment (% of labor force),4.019,-9.48198198198199,Recovery
2022,MX,Mexico,Labor,SL.UEM.TOTL.ZS,Unemployment (% of labor force),3.256,-18.984822095048525,Recovery
2023,MX,Mexico,Labor,SL.UEM.TOTL.ZS,Unemployment (% of labor force),2.765,-15.07985257985257,Recovery
2024,MX,Mexico,Labor,SL.UEM.TOTL.ZS,Unemployment (% of labor force),2.678,-3.146473779385184,Recovery
2025,MX,Mexico,Labor,SL.UEM.TOTL.ZS,Unemployment (% of labor force),2.673,-0.18670649738610212,Trade War 2.0
2015,JP,Japan,Labor,SL.UEM.TOTL.ZS,Unemployment (% of labor force),3.385,,Pre-Trade War
2016,JP,Japan,Labor,SL.UEM.TOTL.ZS,Unemployment (% of labor force),3.132,-7.474150664697188,Pre-Trade War
2017,JP,Japan,Labor,SL.UEM.TOTL.ZS,Unemployment (% of labor force),2.822,-9.897828863346103,Pre-Trade War
2018,JP,Japan,Labor,SL.UEM.TOTL.ZS,Unemployment (% of labor force),2.467,-12.579730687455704,Trade War 1.0
2019,JP,Japan,Labor,SL.UEM.TOTL.ZS,Unemployment (% of labor force),2.351,-4.7020672882043035,Trade War 1.0
2020,JP,Japan,Labor,SL.UEM.TOTL.ZS,Unemployment (% of labor force),2.809,19.48107188430457,Trade War 1.0
2021,JP,Japan,Labor,SL.UEM.TOTL.ZS,Unemployment (% of labor force),2.808,-0.03559985760057671,Recovery
2022,JP,Japan,Labor,SL.UEM.TOTL.ZS,Unemployment (% of labor force),2.614,-6.908831908831903,Recovery
2023,JP,Japan,Labor,SL.UEM.TOTL.ZS,Unemployment (% of labor force),2.6,-0.535577658760511,Recovery
2024,JP,Japan,Labor,SL.UEM.TOTL.ZS,Unemployment (% of labor force),2.5,-3.8461538461538547,Recovery
2025,JP,Japan,Labor,SL.UEM.TOTL.ZS,Unemployment (% of labor force),2.451,-1.959999999999995,Trade War 2.0
2015,KR,South Korea,Labor,SL.UEM.TOTL.ZS,Unemployment (% of labor force),3.546,,Pre-Trade War
2016,KR,South Korea,Labor,SL.UEM.TOTL.ZS,Unemployment (% of labor force),3.65,2.932882120699376,Pre-Trade War
2017,KR,South Korea,Labor,SL.UEM.TOTL.ZS,Unemployment (% of labor force),3.653,0.08219178082191636,Pre-Trade War
2018,KR,South Korea,Labor,SL.UEM.TOTL.ZS,Unemployment (% of labor force),3.824,4.681084040514638,Trade War 1.0
2019,KR,South Korea,Labor,SL.UEM.TOTL.ZS,Unemployment (% of labor force),3.746,-2.039748953974896,Trade War 1.0
2020,KR,South Korea,Labor,SL.UEM.TOTL.ZS,Unemployment (% of labor force),3.931,4.938601174586221,Trade War 1.0
2021,KR,South Korea,Labor,SL.UEM.TOTL.ZS,Unemployment (% of labor force),3.639,-7.42813533452048,Recovery
2022,KR,South Korea,Labor,SL.UEM.TOTL.ZS,Unemployment (% of labor force),2.857,-21.489420170376473,Recovery
2023,KR,South Korea,Labor,SL.UEM.TOTL.ZS,Unemployment (% of labor force),2.675,-6.37031851592581,Recovery
2024,KR,South Korea,Labor,SL.UEM.TOTL.ZS,Unemployment (% of labor force),2.784,4.074766355140191,Recovery
2025,KR,South Korea,Labor,SL.UEM.TOTL.ZS,Unemployment (% of labor force),2.683,-3.6278735632183867,Trade War 2.0
2015,IN,India,Labor,SL.UEM.TOTL.ZS,Unemployment (% of labor force),7.629,,Pre-Trade War
2016,IN,India,Labor,SL.UEM.TOTL.ZS,Unemployment (% of labor force),7.611,-0.23594180102241014,Pre-Trade War
2017,IN,India,Labor,SL.UEM.TOTL.ZS,Unemployment (% of labor force),7.626,0.19708316909736734,Pre-Trade War
2018,IN,India,Labor,SL.UEM.TOTL.ZS,Unemployment (% of labor force),7.652,0.3409388932599011,Trade War 1.0
2019,IN,India,Labor,SL.UEM.TOTL.ZS,Unemployment (% of labor force),6.51,-14.924202822791433,Trade War 1.0
2020,IN,India,Labor,SL.UEM.TOTL.ZS,Unemployment (% of labor force),7.859,20.721966205837173,Trade War 1.0
2021,IN,India,Labor,SL.UEM.TOTL.ZS,Unemployment (% of labor force),6.38,-18.81918819188192,Recovery
2022,IN,India,Labor,SL.UEM.TOTL.ZS,Unemployment (% of labor force),4.822,-24.42006269592476,Recovery
2023,IN,India,Labor,SL.UEM.TOTL.ZS,Unemployment (% of labor force),4.172,-13.479883865615939,Recovery
2024,IN,India,Labor,SL.UEM.TOTL.ZS,Unemployment (% of labor force),4.173,0.023969319271333056,Recovery
2025,IN,India,Labor,SL.UEM.TOTL.ZS,Unemployment (% of labor force),4.219,1.1023244668104448,Trade War 2.0
2015,GB,UK,Labor,SL.UEM.TOTL.ZS,Unemployment (% of labor force),5.552,,Pre-Trade War
2016,GB,UK,Labor,SL.UEM.TOTL.ZS,Unemployment (% of labor force),4.909,-11.581412103746391,Pre-Trade War
2017,GB,UK,Labor,SL.UEM.TOTL.ZS,Unemployment (% of labor force),4.501,-8.311265023426351,Pre-Trade War
2018,GB,UK,Labor,SL.UEM.TOTL.ZS,Unemployment (% of labor force),4.145,-7.909353477005121,Trade War 1.0
2019,GB,UK,Labor,SL.UEM.TOTL.ZS,Unemployment (% of labor force),3.657,-11.773220747889013,Trade War 1.0
2020,GB,UK,Labor,SL.UEM.TOTL.ZS,Unemployment (% of labor force),4.472,22.2860267979218,Trade War 1.0
2021,GB,UK,Labor,SL.UEM.TOTL.ZS,Unemployment (% of labor force),4.864,8.765652951699444,Recovery
2022,GB,UK,Labor,SL.UEM.TOTL.ZS,Unemployment (% of labor force),3.768,-22.532894736842113,Recovery
2023,GB,UK,Labor,SL.UEM.TOTL.ZS,Unemployment (% of labor force),4.025,6.8205944798301665,Recovery
2024,GB,UK,Labor,SL.UEM.TOTL.ZS,Unemployment (% of labor force),4.361,8.3478260869565,Recovery
2025,GB,UK,Labor,SL.UEM.TOTL.ZS,Unemployment (% of labor force),4.746,8.828250401284121,Trade War 2.0
2015,FR,France,Labor,SL.UEM.TOTL.ZS,Unemployment (% of labor force),10.354,,Pre-Trade War
2016,FR,France,Labor,SL.UEM.TOTL.ZS,Unemployment (% of labor force),10.057,-2.868456635116856,Pre-Trade War
2017,FR,France,Labor,SL.UEM.TOTL.ZS,Unemployment (% of labor force),9.409,-6.4432733419508725,Pre-Trade War
2018,FR,France,Labor,SL.UEM.TOTL.ZS,Unemployment (% of labor force),9.018,-4.155595706238713,Trade War 1.0
2019,FR,France,Labor,SL.UEM.TOTL.ZS,Unemployment (% of labor force),8.415,-6.686626746507008,Trade War 1.0
2020,FR,France,Labor,SL.UEM.TOTL.ZS,Unemployment (% of labor force),8.009,-4.824717765894226,Trade War 1.0
2021,FR,France,Labor,SL.UEM.TOTL.ZS,Unemployment (% of labor force),7.871,-1.723061555749783,Recovery
2022,FR,France,Labor,SL.UEM.TOTL.ZS,Unemployment (% of labor force),7.303,-7.216363867361208,Recovery
2023,FR,France,Labor,SL.UEM.TOTL.ZS,Unemployment (% of labor force),7.335,0.43817609201697305,Recovery
2024,FR,France,Labor,SL.UEM.TOTL.ZS,Unemployment (% of labor force),7.4,0.8861622358554921,Recovery
2025,FR,France,Labor,SL.UEM.TOTL.ZS,Unemployment (% of labor force),7.542,1.9189189189189104,Trade War 2.0
2015,AU,Australia,Labor,SL.UEM.TOTL.ZS,Unemployment (% of labor force),6.055,,Pre-Trade War
2016,AU,Australia,Labor,SL.UEM.TOTL.ZS,Unemployment (% of labor force),5.711,-5.681255161023935,Pre-Trade War
2017,AU,Australia,Labor,SL.UEM.TOTL.ZS,Unemployment (% of labor force),5.592,-2.083698126422706,Pre-Trade War
2018,AU,Australia,Labor,SL.UEM.TOTL.ZS,Unemployment (% of labor force),5.345,-4.417024320457797,Trade War 1.0
2019,AU,Australia,Labor,SL.UEM.TOTL.ZS,Unemployment (% of labor force),5.143,-3.7792329279700665,Trade War 1.0
2020,AU,Australia,Labor,SL.UEM.TOTL.ZS,Unemployment (% of labor force),6.394,24.324324324324344,Trade War 1.0
2021,AU,Australia,Labor,SL.UEM.TOTL.ZS,Unemployment (% of labor force),5.022,-21.45761651548327,Recovery
2022,AU,Australia,Labor,SL.UEM.TOTL.ZS,Unemployment (% of labor force),3.728,-25.766626841895658,Recovery
2023,AU,Australia,Labor,SL.UEM.TOTL.ZS,Unemployment (% of labor force),3.668,-1.6094420600858417,Recovery
2024,AU,Australia,Labor,SL.UEM.TOTL.ZS,Unemployment (% of labor force),3.942,7.470010905125402,Recovery
2025,AU,Australia,Labor,SL.UEM.TOTL.ZS,Unemployment (% of labor force),4.09,3.7544393708777157,Trade War 2.0
2015,BR,Brazil,Labor,SL.UEM.TOTL.ZS,Unemployment (% of labor force),8.538,,Pre-Trade War
2016,BR,Brazil,Labor,SL.UEM.TOTL.ZS,Unemployment (% of labor force),11.58,35.62895291637385,Pre-Trade War
2017,BR,Brazil,Labor,SL.UEM.TOTL.ZS,Unemployment (% of labor force),12.792,10.466321243523314,Pre-Trade War
2018,BR,Brazil,Labor,SL.UEM.TOTL.ZS,Unemployment (% of labor force),12.329,-3.619449656035012,Trade War 1.0
2019,BR,Brazil,Labor,SL.UEM.TOTL.ZS,Unemployment (% of labor force),11.936,-3.1876064563225004,Trade War 1.0
2020,BR,Brazil,Labor,SL.UEM.TOTL.ZS,Unemployment (% of labor force),13.697,14.753686327077741,Trade War 1.0
2021,BR,Brazil,Labor,SL.UEM.TOTL.ZS,Unemployment (% of labor force),13.158,-3.935168285025914,Recovery
2022,BR,Brazil,Labor,SL.UEM.TOTL.ZS,Unemployment (% of labor force),9.231,-29.844961240310074,Recovery
2023,BR,Brazil,Labor,SL.UEM.TOTL.ZS,Unemployment (% of labor force),7.947,-13.909652258693528,Recovery
2024,BR,Brazil,Labor,SL.UEM.TOTL.ZS,Unemployment (% of labor force),6.801,-14.420536051340127,Recovery
2025,BR,Brazil,Labor,SL.UEM.TOTL.ZS,Unemployment (% of labor force),5.97,-12.218791354212621,Trade War 2.0
2015,VN,Vietnam,Labor,SL.UEM.TOTL.ZS,Unemployment (% of labor force),1.848,,Pre-Trade War
2016,VN,Vietnam,Labor,SL.UEM.TOTL.ZS,Unemployment (% of labor force),1.848,0.0,Pre-Trade War
2017,VN,Vietnam,Labor,SL.UEM.TOTL.ZS,Unemployment (% of labor force),1.874,1.406926406926412,Pre-Trade War
2018,VN,Vietnam,Labor,SL.UEM.TOTL.ZS,Unemployment (% of labor force),1.161,-38.0469583778015,Trade War 1.0
2019,VN,Vietnam,Labor,SL.UEM.TOTL.ZS,Unemployment (% of labor force),1.681,44.78897502153316,Trade War 1.0
2020,VN,Vietnam,Labor,SL.UEM.TOTL.ZS,Unemployment (% of labor force),2.103,25.104104699583594,Trade War 1.0
2021,VN,Vietnam,Labor,SL.UEM.TOTL.ZS,Unemployment (% of labor force),2.383,13.314312886352809,Recovery
2022,VN,Vietnam,Labor,SL.UEM.TOTL.ZS,Unemployment (% of labor force),1.57,-34.11665967268149,Recovery
2023,VN,Vietnam,Labor,SL.UEM.TOTL.ZS,Unemployment (% of labor force),1.645,4.777070063694255,Recovery
2024,VN,Vietnam,Labor,SL.UEM.TOTL.ZS,Unemployment (% of labor force),1.602,-2.6139817629179274,Recovery
2025,VN,Vietnam,Labor,SL.UEM.TOTL.ZS,Unemployment (% of labor force),1.523,-4.931335830212246,Trade War 2.0
2015,SG,Singapore,Labor,SL.UEM.TOTL.ZS,Unemployment (% of labor force),3.79,,Pre-Trade War
2016,SG,Singapore,Labor,SL.UEM.TOTL.ZS,Unemployment (% of labor force),4.08,7.651715039577844,Pre-Trade War
2017,SG,Singapore,Labor,SL.UEM.TOTL.ZS,Unemployment (% of labor force),4.2,2.941176470588247,Pre-Trade War
2018,SG,Singapore,Labor,SL.UEM.TOTL.ZS,Unemployment (% of labor force),3.613,-13.976190476190474,Trade War 1.0
2019,SG,Singapore,Labor,SL.UEM.TOTL.ZS,Unemployment (% of labor force),3.1,-14.19872681981732,Trade War 1.0
2020,SG,Singapore,Labor,SL.UEM.TOTL.ZS,Unemployment (% of labor force),4.1,32.258064516129025,Trade War 1.0
2021,SG,Singapore,Labor,SL.UEM.TOTL.ZS,Unemployment (% of labor force),4.64,13.170731707317085,Recovery
2022,SG,Singapore,Labor,SL.UEM.TOTL.ZS,Unemployment (% of labor force),3.591,-22.607758620689644,Recovery
2023,SG,Singapore,Labor,SL.UEM.TOTL.ZS,Unemployment (% of labor force),3.444,-4.093567251461994,Recovery
2024,SG,Singapore,Labor,SL.UEM.TOTL.ZS,Unemployment (% of labor force),2.737,-20.528455284552837,Recovery
2025,SG,Singapore,Labor,SL.UEM.TOTL.ZS,Unemployment (% of labor force),2.818,2.959444647424192,Trade War 2.0
2015,MY,Malaysia,Labor,SL.UEM.TOTL.ZS,Unemployment (% of labor force),3.1,,Pre-Trade War
2016,MY,Malaysia,Labor,SL.UEM.TOTL.ZS,Unemployment (% of labor force),3.44,10.967741935483865,Pre-Trade War
2017,MY,Malaysia,Labor,SL.UEM.TOTL.ZS,Unemployment (% of labor force),3.41,-0.8720930232558044,Pre-Trade War
2018,MY,Malaysia,Labor,SL.UEM.TOTL.ZS,Unemployment (% of labor force),3.3,-3.2258064516129115,Trade War 1.0
2019,MY,Malaysia,Labor,SL.UEM.TOTL.ZS,Unemployment (% of labor force),3.33,0.909090909090926,Trade War 1.0
2020,MY,Malaysia,Labor,SL.UEM.TOTL.ZS,Unemployment (% of labor force),4.54,36.33633633633633,Trade War 1.0
2021,MY,Malaysia,Labor,SL.UEM.TOTL.ZS,Unemployment (% of labor force),4.64,2.2026431718061623,Recovery
2022,MY,Malaysia,Labor,SL.UEM.TOTL.ZS,Unemployment (% of labor force),3.93,-15.301724137931028,Recovery
2023,MY,Malaysia,Labor,SL.UEM.TOTL.ZS,Unemployment (% of labor force),3.858,-1.8320610687022953,Recovery
2024,MY,Malaysia,Labor,SL.UEM.TOTL.ZS,Unemployment (% of labor force),3.846,-0.3110419906687367,Recovery
2025,MY,Malaysia,Labor,SL.UEM.TOTL.ZS,Unemployment (% of labor force),3.764,-2.1320852834113446,Trade War 2.0
2015,US,USA,GDP,NY.GDP.PCAP.CD,GDP per capita (current USD),56572.9188996063,,Pre-Trade War
2016,US,USA,GDP,NY.GDP.PCAP.CD,GDP per capita (current USD),57638.1018367192,1.88284952912392,Pre-Trade War
2017,US,USA,GDP,NY.GDP.PCAP.CD,GDP per capita (current USD),59635.0984397965,3.4647161156252437,Pre-Trade War
2018,US,USA,GDP,NY.GDP.PCAP.CD,GDP per capita (current USD),62499.8744390068,4.80384215698475,Trade War 1.0
2019,US,USA,GDP,NY.GDP.PCAP.CD,GDP per capita (current USD),64746.4506778863,3.594529203529695,Trade War 1.0
2020,US,USA,GDP,NY.GDP.PCAP.CD,GDP per capita (current USD),63515.9491807833,-1.9004925895084956,Trade War 1.0
2021,US,USA,GDP,NY.GDP.PCAP.CD,GDP per capita (current USD),70205.050916026,10.531373334599369,Recovery
2022,US,USA,GDP,NY.GDP.PCAP.CD,GDP per capita (current USD),76657.2488844403,9.1905039370058,Recovery
2023,US,USA,GDP,NY.GDP.PCAP.CD,GDP per capita (current USD),81032.262117545,5.707240080713016,Recovery
2024,US,USA,GDP,NY.GDP.PCAP.CD,GDP per capita (current USD),84534.0407841548,4.3214623103204675,Recovery
2015,CN,China,GDP,NY.GDP.PCAP.CD,GDP per capita (current USD),8175.33285077393,,Pre-Trade War
2016,CN,China,GDP,NY.GDP.PCAP.CD,GDP per capita (current USD),8254.86859320357,0.9728746692204693,Pre-Trade War
2017,CN,China,GDP,NY.GDP.PCAP.CD,GDP per capita (current USD),8979.67652709856,8.780369132607891,Pre-Trade War
2018,CN,China,GDP,NY.GDP.PCAP.CD,GDP per capita (current USD),10085.6638148819,12.316560451211455,Trade War 1.0
2019,CN,China,GDP,NY.GDP.PCAP.CD,GDP per capita (current USD),10342.9009524335,2.5505226257098945,Trade War 1.0
2020,CN,China,GDP,NY.GDP.PCAP.CD,GDP per capita (current USD),10627.4637989619,2.751286586201407,Trade War 1.0
2021,CN,China,GDP,NY.GDP.PCAP.CD,GDP per capita (current USD),12887.4357242941,21.265392835804864,Recovery
2022,CN,China,GDP,NY.GDP.PCAP.CD,GDP per capita (current USD),12970.6056414327,0.6453566009397393,Recovery
2023,CN,China,GDP,NY.GDP.PCAP.CD,GDP per capita (current USD),12951.1782397043,-0.14978022048824924,Recovery
2024,CN,China,GDP,NY.GDP.PCAP.CD,GDP per capita (current USD),13303.1481543868,2.7176671355156445,Recovery
2015,DE,Germany,GDP,NY.GDP.PCAP.CD,GDP per capita (current USD),41929.7549110722,,Pre-Trade War
2016,DE,Germany,GDP,NY.GDP.PCAP.CD,GDP per capita (current USD),42948.9381932694,2.430692200225737,Pre-Trade War
2017,DE,Germany,GDP,NY.GDP.PCAP.CD,GDP per capita (current USD),45553.9341495339,6.065332615540031,Pre-Trade War
2018,DE,Germany,GDP,NY.GDP.PCAP.CD,GDP per capita (current USD),48916.1686612154,7.380777477187217,Trade War 1.0
2019,DE,Germany,GDP,NY.GDP.PCAP.CD,GDP per capita (current USD),47656.199739747,-2.5757718888303027,Trade War 1.0
2020,DE,Germany,GDP,NY.GDP.PCAP.CD,GDP per capita (current USD),47394.8734504469,-0.5483573820976306,Trade War 1.0
2021,DE,Germany,GDP,NY.GDP.PCAP.CD,GDP per capita (current USD),52349.2459994422,10.453393348914153,Recovery
2022,DE,Germany,GDP,NY.GDP.PCAP.CD,GDP per capita (current USD),50506.5179638543,-3.520066049485293,Recovery
2023,DE,Germany,GDP,NY.GDP.PCAP.CD,GDP per capita (current USD),54776.7668235491,8.454847080828,Recovery
2024,DE,Germany,GDP,NY.GDP.PCAP.CD,GDP per capita (current USD),56103.7323182554,2.422496930095974,Recovery
2015,CA,Canada,GDP,NY.GDP.PCAP.CD,GDP per capita (current USD),43594.1941045394,,Pre-Trade War
2016,CA,Canada,GDP,NY.GDP.PCAP.CD,GDP per capita (current USD),42314.0615817218,-2.9364747969599536,Pre-Trade War
2017,CA,Canada,GDP,NY.GDP.PCAP.CD,GDP per capita (current USD),45129.628116623,6.653973713829031,Pre-Trade War
2018,CA,Canada,GDP,NY.GDP.PCAP.CD,GDP per capita (current USD),46539.1761570405,3.1233318315297964,Trade War 1.0
2019,CA,Canada,GDP,NY.GDP.PCAP.CD,GDP per capita (current USD),46352.8693445211,-0.40032254092923214,Trade War 1.0
2020,CA,Canada,GDP,NY.GDP.PCAP.CD,GDP per capita (current USD),43537.839298904,-6.073043773610188,Trade War 1.0
2021,CA,Canada,GDP,NY.GDP.PCAP.CD,GDP per capita (current USD),52886.6616372703,21.47286702535476,Recovery
2022,CA,Canada,GDP,NY.GDP.PCAP.CD,GDP per capita (current USD),56256.8007264015,6.372380076181994,Recovery
2023,CA,Canada,GDP,NY.GDP.PCAP.CD,GDP per capita (current USD),54220.3285039875,-3.6199574026936854,Recovery
2024,CA,Canada,GDP,NY.GDP.PCAP.CD,GDP per capita (current USD),54340.3477224733,0.22135465017880662,Recovery
2015,MX,Mexico,GDP,NY.GDP.PCAP.CD,GDP per capita (current USD),10021.2386118827,,Pre-Trade War
2016,MX,Mexico,GDP,NY.GDP.PCAP.CD,GDP per capita (current USD),9097.92397674769,-9.213577990650656,Pre-Trade War
2017,MX,Mexico,GDP,NY.GDP.PCAP.CD,GDP per capita (current USD),9649.27816772402,6.060219808227352,Pre-Trade War
2018,MX,Mexico,GDP,NY.GDP.PCAP.CD,GDP per capita (current USD),10084.7937562021,4.51345251849864,Trade War 1.0
2019,MX,Mexico,GDP,NY.GDP.PCAP.CD,GDP per capita (current USD),10369.5553585271,2.8236730389243014,Trade War 1.0
2020,MX,Mexico,GDP,NY.GDP.PCAP.CD,GDP per capita (current USD),8841.27075039868,-14.73818843034268,Trade War 1.0
2021,MX,Mexico,GDP,NY.GDP.PCAP.CD,GDP per capita (current USD),10314.0506722115,16.658011765406087,Recovery
2022,MX,Mexico,GDP,NY.GDP.PCAP.CD,GDP per capita (current USD),11405.7940473759,10.585010776666204,Recovery
2023,MX,Mexico,GDP,NY.GDP.PCAP.CD,GDP per capita (current USD),13860.9597809326,21.525601140602333,Recovery
2024,MX,Mexico,GDP,NY.GDP.PCAP.CD,GDP per capita (current USD),14185.7812248529,2.343426783238556,Recovery
2015,JP,Japan,GDP,NY.GDP.PCAP.CD,GDP per capita (current USD),34960.6393843385,,Pre-Trade War
2016,JP,Japan,GDP,NY.GDP.PCAP.CD,GDP per capita (current USD),39375.4731620781,12.62801211729936,Pre-Trade War
2017,JP,Japan,GDP,NY.GDP.PCAP.CD,GDP per capita (current USD),38834.0529341227,-1.375018976221054,Pre-Trade War
2018,JP,Japan,GDP,NY.GDP.PCAP.CD,GDP per capita (current USD),39751.1330982711,2.3615360614152703,Trade War 1.0
2019,JP,Japan,GDP,NY.GDP.PCAP.CD,GDP per capita (current USD),40415.9567649547,1.6724646943775179,Trade War 1.0
2020,JP,Japan,GDP,NY.GDP.PCAP.CD,GDP per capita (current USD),40028.7341726762,-0.9580933454834573,Trade War 1.0
2021,JP,Japan,GDP,NY.GDP.PCAP.CD,GDP per capita (current USD),40094.5599795288,0.164446386359951,Recovery
2022,JP,Japan,GDP,NY.GDP.PCAP.CD,GDP per capita (current USD),34065.6438962526,-15.036743354595739,Recovery
2023,JP,Japan,GDP,NY.GDP.PCAP.CD,GDP per capita (current USD),33836.1756271617,-0.6736061405143268,Recovery
2024,JP,Japan,GDP,NY.GDP.PCAP.CD,GDP per capita (current USD),32487.0778047567,-3.987146293572319,Recovery
2015,KR,South Korea,GDP,NY.GDP.PCAP.CD,GDP per capita (current USD),30171.7906545222,,Pre-Trade War
2016,KR,South Korea,GDP,NY.GDP.PCAP.CD,GDP per capita (current USD),30832.0628072516,2.188375758965555,Pre-Trade War
2017,KR,South Korea,GDP,NY.GDP.PCAP.CD,GDP per capita (current USD),33296.9845439195,7.994670197960785,Pre-Trade War
2018,KR,South Korea,GDP,NY.GDP.PCAP.CD,GDP per capita (current USD),35363.9508228687,6.207668073434158,Trade War 1.0
2019,KR,South Korea,GDP,NY.GDP.PCAP.CD,GDP per capita (current USD),33826.9443301597,-4.346252205834045,Trade War 1.0
2020,KR,South Korea,GDP,NY.GDP.PCAP.CD,GDP per capita (current USD),33645.7719545073,-0.5355859928822149,Trade War 1.0
2021,KR,South Korea,GDP,NY.GDP.PCAP.CD,GDP per capita (current USD),37518.4635305697,11.510187910976445,Recovery
2022,KR,South Korea,GDP,NY.GDP.PCAP.CD,GDP per capita (current USD),34822.4048404971,-7.185951759127541,Recovery
2023,KR,South Korea,GDP,NY.GDP.PCAP.CD,GDP per capita (current USD),35674.095995632,2.4458137197475027,Recovery
2024,KR,South Korea,GDP,NY.GDP.PCAP.CD,GDP per capita (current USD),36238.639908315,1.5825037661840957,Recovery
2015,IN,India,GDP,NY.GDP.PCAP.CD,GDP per capita (current USD),1583.99815907985,,Pre-Trade War
2016,IN,India,GDP,NY.GDP.PCAP.CD,GDP per capita (current USD),1707.50892912243,7.7974061607702705,Pre-Trade War
2017,IN,India,GDP,NY.GDP.PCAP.CD,GDP per capita (current USD),1950.10468280866,14.207583313248717,Pre-Trade War
2018,IN,India,GDP,NY.GDP.PCAP.CD,GDP per capita (current USD),1966.25455171679,0.8281539473496302,Trade War 1.0
2019,IN,India,GDP,NY.GDP.PCAP.CD,GDP per capita (current USD),2041.42863698585,3.823212269409537,Trade War 1.0
2020,IN,India,GDP,NY.GDP.PCAP.CD,GDP per capita (current USD),1907.04251637669,-6.582944814939995,Trade War 1.0
2021,IN,India,GDP,NY.GDP.PCAP.CD,GDP per capita (current USD),2239.61384367482,17.439114463478433,Recovery
2022,IN,India,GDP,NY.GDP.PCAP.CD,GDP per capita (current USD),2347.44829434623,4.814868017357488,Recovery
2023,IN,India,GDP,NY.GDP.PCAP.CD,GDP per capita (current USD),2530.12031278204,7.781727029974239,Recovery
2024,IN,India,GDP,NY.GDP.PCAP.CD,GDP per capita (current USD),2694.73780859961,6.50631098394534,Recovery
2015,GB,UK,GDP,NY.GDP.PCAP.CD,GDP per capita (current USD),45255.3449216209,,Pre-Trade War
2016,GB,UK,GDP,NY.GDP.PCAP.CD,GDP per capita (current USD),41257.9085545556,-8.833070157764967,Pre-Trade War
2017,GB,UK,GDP,NY.GDP.PCAP.CD,GDP per capita (current USD),40916.8115070354,-0.8267434280367469,Pre-Trade War
2018,GB,UK,GDP,NY.GDP.PCAP.CD,GDP per capita (current USD),43702.9976303165,6.809392082767807,Trade War 1.0
2019,GB,UK,GDP,NY.GDP.PCAP.CD,GDP per capita (current USD),43158.7411267323,-1.24535279750847,Trade War 1.0
2020,GB,UK,GDP,NY.GDP.PCAP.CD,GDP per capita (current USD),40812.6794663879,-5.435889924257453,Trade War 1.0
2021,GB,UK,GDP,NY.GDP.PCAP.CD,GDP per capita (current USD),47691.3768799404,16.8543146480191,Recovery
2022,GB,UK,GDP,NY.GDP.PCAP.CD,GDP per capita (current USD),47057.043229179,-1.3300803882393408,Recovery
2023,GB,UK,GDP,NY.GDP.PCAP.CD,GDP per capita (current USD),49944.4702124201,6.136014473282225,Recovery
2024,GB,UK,GDP,NY.GDP.PCAP.CD,GDP per capita (current USD),53246.3676145108,6.611137104963394,Recovery
2015,FR,France,GDP,NY.GDP.PCAP.CD,GDP per capita (current USD),36702.4323733379,,Pre-Trade War
2016,FR,France,GDP,NY.GDP.PCAP.CD,GDP per capita (current USD),37024.2157133669,0.8767357344489302,Pre-Trade War
2017,FR,France,GDP,NY.GDP.PCAP.CD,GDP per capita (current USD),38687.1626407164,4.491511556176242,Pre-Trade War
2018,FR,France,GDP,NY.GDP.PCAP.CD,GDP per capita (current USD),41418.1766484844,7.05922538990682,Trade War 1.0
2019,FR,France,GDP,NY.GDP.PCAP.CD,GDP per capita (current USD),40408.2848574751,-2.4382816259156948,Trade War 1.0
2020,FR,France,GDP,NY.GDP.PCAP.CD,GDP per capita (current USD),39169.8606000707,-3.0647780814564873,Trade War 1.0
2021,FR,France,GDP,NY.GDP.PCAP.CD,GDP per capita (current USD),43725.0999521245,11.629449996167661,Recovery
2022,FR,France,GDP,NY.GDP.PCAP.CD,GDP per capita (current USD),40988.6396406579,-6.258328315916506,Recovery
2023,FR,France,GDP,NY.GDP.PCAP.CD,GDP per capita (current USD),44700.1384177544,9.054945003383219,Recovery
2024,FR,France,GDP,NY.GDP.PCAP.CD,GDP per capita (current USD),46103.0840855884,3.1385711934994065,Recovery
2015,AU,Australia,GDP,NY.GDP.PCAP.CD,GDP per capita (current USD),56970.3613028094,,Pre-Trade War
2016,AU,Australia,GDP,NY.GDP.PCAP.CD,GDP per capita (current USD),50084.4440606385,-12.086841446503737,Pre-Trade War
2017,AU,Australia,GDP,NY.GDP.PCAP.CD,GDP per capita (current USD),54117.547718609,8.052607418557978,Pre-Trade War
2018,AU,Australia,GDP,NY.GDP.PCAP.CD,GDP per capita (current USD),57410.1737346009,6.0842114153293325,Trade War 1.0
2019,AU,Australia,GDP,NY.GDP.PCAP.CD,GDP per capita (current USD),55194.7585097428,-3.858924439246003,Trade War 1.0
2020,AU,Australia,GDP,NY.GDP.PCAP.CD,GDP per capita (current USD),51983.4523666382,-5.818136050976197,Trade War 1.0
2021,AU,Australia,GDP,NY.GDP.PCAP.CD,GDP per capita (current USD),60758.9044397144,16.881241382706015,Recovery
2022,AU,Australia,GDP,NY.GDP.PCAP.CD,GDP per capita (current USD),65169.5191118657,7.259207045985416,Recovery
2023,AU,Australia,GDP,NY.GDP.PCAP.CD,GDP per capita (current USD),65058.3773146674,-0.1705426075149119,Recovery
2024,AU,Australia,GDP,NY.GDP.PCAP.CD,GDP per capita (current USD),64603.9856308464,-0.6984368540630004,Recovery
2015,BR,Brazil,GDP,NY.GDP.PCAP.CD,GDP per capita (current USD),8936.1955889444,,Pre-Trade War
2016,BR,Brazil,GDP,NY.GDP.PCAP.CD,GDP per capita (current USD),8836.28546025694,-1.1180387413528114,Pre-Trade War
2017,BR,Brazil,GDP,NY.GDP.PCAP.CD,GDP per capita (current USD),10080.5078722821,14.080830883308515,Pre-Trade War
2018,BR,Brazil,GDP,NY.GDP.PCAP.CD,GDP per capita (current USD),9300.66072904004,-7.736189020658058,Trade War 1.0
2019,BR,Brazil,GDP,NY.GDP.PCAP.CD,GDP per capita (current USD),9029.83304401079,-2.9119187649069844,Trade War 1.0
2020,BR,Brazil,GDP,NY.GDP.PCAP.CD,GDP per capita (current USD),7074.19407495707,-21.6575318671128,Trade War 1.0
2021,BR,Brazil,GDP,NY.GDP.PCAP.CD,GDP per capita (current USD),7972.53696080695,12.698872498141522,Recovery
2022,BR,Brazil,GDP,NY.GDP.PCAP.CD,GDP per capita (current USD),9281.33282136864,16.41630345517042,Recovery
2023,BR,Brazil,GDP,NY.GDP.PCAP.CD,GDP per capita (current USD),10377.5897719195,11.811417300184734,Recovery
2024,BR,Brazil,GDP,NY.GDP.PCAP.CD,GDP per capita (current USD),10310.5488778166,-0.6460160362505851,Recovery
2015,VN,Vietnam,GDP,NY.GDP.PCAP.CD,GDP per capita (current USD),2577.56885340113,,Pre-Trade War
2016,VN,Vietnam,GDP,NY.GDP.PCAP.CD,GDP per capita (current USD),2735.0604380416,6.1100825466857245,Pre-Trade War
2017,VN,Vietnam,GDP,NY.GDP.PCAP.CD,GDP per capita (current USD),2956.10992127753,8.082069418334648,Pre-Trade War
2018,VN,Vietnam,GDP,NY.GDP.PCAP.CD,GDP per capita (current USD),3222.31003125366,9.005081579005946,Trade War 1.0
2019,VN,Vietnam,GDP,NY.GDP.PCAP.CD,GDP per capita (current USD),3440.90025375434,6.7836496296303395,Trade War 1.0
2020,VN,Vietnam,GDP,NY.GDP.PCAP.CD,GDP per capita (current USD),3534.03953482647,2.706828858828625,Trade War 1.0
2021,VN,Vietnam,GDP,NY.GDP.PCAP.CD,GDP per capita (current USD),3704.1935590038,4.81471761989456,Recovery
2022,VN,Vietnam,GDP,NY.GDP.PCAP.CD,GDP per capita (current USD),4147.69777213621,11.973030190454882,Recovery
2023,VN,Vietnam,GDP,NY.GDP.PCAP.CD,GDP per capita (current USD),4323.35031982451,4.234940859681591,Recovery
2024,VN,Vietnam,GDP,NY.GDP.PCAP.CD,GDP per capita (current USD),4717.29028732449,9.111914102671449,Recovery
2015,SG,Singapore,GDP,NY.GDP.PCAP.CD,GDP per capita (current USD),55645.6068614606,,Pre-Trade War
2016,SG,Singapore,GDP,NY.GDP.PCAP.CD,GDP per capita (current USD),57005.5887176547,2.444005794707227,Pre-Trade War
2017,SG,Singapore,GDP,NY.GDP.PCAP.CD,GDP per capita (current USD),61236.251270627,7.421487345611899,Pre-Trade War
2018,SG,Singapore,GDP,NY.GDP.PCAP.CD,GDP per capita (current USD),66881.6067035265,9.218976204063289,Trade War 1.0
2019,SG,Singapore,GDP,NY.GDP.PCAP.CD,GDP per capita (current USD),65952.0378959293,-1.3898721239126388,Trade War 1.0
2020,SG,Singapore,GDP,NY.GDP.PCAP.CD,GDP per capita (current USD),61410.0792630788,-6.886760102875977,Trade War 1.0
2021,SG,Singapore,GDP,NY.GDP.PCAP.CD,GDP per capita (current USD),80056.1288247844,30.36317455612869,Recovery
2022,SG,Singapore,GDP,NY.GDP.PCAP.CD,GDP per capita (current USD),90299.0694637269,12.794698906014812,Recovery
2023,SG,Singapore,GDP,NY.GDP.PCAP.CD,GDP per capita (current USD),85412.230345235,-5.411837738211622,Recovery
2024,SG,Singapore,GDP,NY.GDP.PCAP.CD,GDP per capita (current USD),90674.066632628,6.160518541811566,Recovery
2015,MY,Malaysia,GDP,NY.GDP.PCAP.CD,GDP per capita (current USD),9648.6797937523,,Pre-Trade War
2016,MY,Malaysia,GDP,NY.GDP.PCAP.CD,GDP per capita (current USD),9476.53409809923,-1.7841373051320275,Pre-Trade War
2017,MY,Malaysia,GDP,NY.GDP.PCAP.CD,GDP per capita (current USD),9862.54806612235,4.073366528597688,Pre-Trade War
2018,MY,Malaysia,GDP,NY.GDP.PCAP.CD,GDP per capita (current USD),10901.8019954421,10.53737758591582,Trade War 1.0
2019,MY,Malaysia,GDP,NY.GDP.PCAP.CD,GDP per capita (current USD),10920.191763972,0.16868558553519986,Trade War 1.0
2020,MY,Malaysia,GDP,NY.GDP.PCAP.CD,GDP per capita (current USD),9957.52626697613,-8.815463297740834,Trade War 1.0
2021,MY,Malaysia,GDP,NY.GDP.PCAP.CD,GDP per capita (current USD),10903.1037480772,9.496108327999607,Recovery
2022,MY,Malaysia,GDP,NY.GDP.PCAP.CD,GDP per capita (current USD),11754.5678336248,7.809373415324594,Recovery
2023,MY,Malaysia,GDP,NY.GDP.PCAP.CD,GDP per capita (current USD),11386.0395636528,-3.135191996746989,Recovery
2024,MY,Malaysia,GDP,NY.GDP.PCAP.CD,GDP per capita (current USD),11874.4273684245,4.289356294973379,Recovery
2015,US,USA,Trade,BN.CAB.XOKA.CD,Current account balance (USD),-408447000000.0,,Pre-Trade War
2016,US,USA,Trade,BN.CAB.XOKA.CD,Current account balance (USD),-396219000000.0,-2.993778874615316,Pre-Trade War
2017,US,USA,Trade,BN.CAB.XOKA.CD,Current account balance (USD),-367614000000.0,-7.219492250497828,Pre-Trade War
2018,US,USA,Trade,BN.CAB.XOKA.CD,Current account balance (USD),-438989000000.0,19.41574586386807,Trade War 1.0
2019,US,USA,Trade,BN.CAB.XOKA.CD,Current account balance (USD),-441962000000.0,0.6772379262350636,Trade War 1.0
2020,US,USA,Trade,BN.CAB.XOKA.CD,Current account balance (USD),-593504000000.0,34.2884682393509,Trade War 1.0
2021,US,USA,Trade,BN.CAB.XOKA.CD,Current account balance (USD),-858634000000.0,44.671981991696775,Recovery
2022,US,USA,Trade,BN.CAB.XOKA.CD,Current account balance (USD),-993142000000.0,15.665347517102756,Recovery
2023,US,USA,Trade,BN.CAB.XOKA.CD,Current account balance (USD),-928017000000.0,-6.557471137057947,Recovery
2024,US,USA,Trade,BN.CAB.XOKA.CD,Current account balance (USD),-1185294000000.0,27.72330679287125,Recovery
2015,CN,China,Trade,BN.CAB.XOKA.CD,Current account balance (USD),293022317035.547,,Pre-Trade War
2016,CN,China,Trade,BN.CAB.XOKA.CD,Current account balance (USD),191337035941.993,-34.70223091615864,Pre-Trade War
2017,CN,China,Trade,BN.CAB.XOKA.CD,Current account balance (USD),188676126121.161,-1.3906925064098408,Pre-Trade War
2018,CN,China,Trade,BN.CAB.XOKA.CD,Current account balance (USD),24130909184.4985,-87.21040670031432,Trade War 1.0
2019,CN,China,Trade,BN.CAB.XOKA.CD,Current account balance (USD),102909876008.387,326.46497577677457,Trade War 1.0
2020,CN,China,Trade,BN.CAB.XOKA.CD,Current account balance (USD),248835643936.04,141.79957608321314,Trade War 1.0
2021,CN,China,Trade,BN.CAB.XOKA.CD,Current account balance (USD),352885754634.63,41.814793512996374,Recovery
2022,CN,China,Trade,BN.CAB.XOKA.CD,Current account balance (USD),443374257116.429,25.642435630616145,Recovery
2023,CN,China,Trade,BN.CAB.XOKA.CD,Current account balance (USD),263382353368.19,-40.595930155902934,Recovery
2024,CN,China,Trade,BN.CAB.XOKA.CD,Current account balance (USD),423919214716.3,60.95201872681682,Recovery
2015,DE,Germany,Trade,BN.CAB.XOKA.CD,Current account balance (USD),277320527052.803,,Pre-Trade War
2016,DE,Germany,Trade,BN.CAB.XOKA.CD,Current account balance (USD),314857603893.818,13.535628696489454,Pre-Trade War
2017,DE,Germany,Trade,BN.CAB.XOKA.CD,Current account balance (USD),304192789523.706,-3.3871865370952214,Pre-Trade War
2018,DE,Germany,Trade,BN.CAB.XOKA.CD,Current account balance (USD),342181727697.51,12.488441370778624,Trade War 1.0
2019,DE,Germany,Trade,BN.CAB.XOKA.CD,Current account balance (USD),311830319405.001,-8.869967574463766,Trade War 1.0
2020,DE,Germany,Trade,BN.CAB.XOKA.CD,Current account balance (USD),250193181663.212,-19.76624269872087,Trade War 1.0
2021,DE,Germany,Trade,BN.CAB.XOKA.CD,Current account balance (USD),301386469208.007,20.461503868521437,Recovery
2022,DE,Germany,Trade,BN.CAB.XOKA.CD,Current account balance (USD),161758503775.04,-46.32854480822773,Recovery
2023,DE,Germany,Trade,BN.CAB.XOKA.CD,Current account balance (USD),251479148832.124,55.46579806515757,Recovery
2024,DE,Germany,Trade,BN.CAB.XOKA.CD,Current account balance (USD),272306083203.612,8.281773844157204,Recovery
2015,CA,Canada,Trade,BN.CAB.XOKA.CD,Current account balance (USD),-54695520049.8055,,Pre-Trade War
2016,CA,Canada,Trade,BN.CAB.XOKA.CD,Current account balance (USD),-47262580270.0756,-13.589668354851536,Pre-Trade War
2017,CA,Canada,Trade,BN.CAB.XOKA.CD,Current account balance (USD),-46235966235.5001,-2.1721497825744063,Pre-Trade War
2018,CA,Canada,Trade,BN.CAB.XOKA.CD,Current account balance (USD),-41150336771.2767,-10.999293144042998,Trade War 1.0
2019,CA,Canada,Trade,BN.CAB.XOKA.CD,Current account balance (USD),-34032332330.5443,-17.29756060149873,Trade War 1.0
2020,CA,Canada,Trade,BN.CAB.XOKA.CD,Current account balance (USD),-33287434317.3916,-2.1887950726319882,Trade War 1.0
2021,CA,Canada,Trade,BN.CAB.XOKA.CD,Current account balance (USD),-444179661.058702,-98.66562361994168,Recovery
2022,CA,Canada,Trade,BN.CAB.XOKA.CD,Current account balance (USD),-9729614620.9418,2090.468288834132,Recovery
2023,CA,Canada,Trade,BN.CAB.XOKA.CD,Current account balance (USD),-15238758364.6521,56.62242502239037,Recovery
2024,CA,Canada,Trade,BN.CAB.XOKA.CD,Current account balance (USD),-11074626248.6308,-27.325927850397846,Recovery
2015,MX,Mexico,Trade,BN.CAB.XOKA.CD,Current account balance (USD),-31535662037.0,,Pre-Trade War
2016,MX,Mexico,Trade,BN.CAB.XOKA.CD,Current account balance (USD),-25282312906.9999,-19.829452518432,Pre-Trade War
2017,MX,Mexico,Trade,BN.CAB.XOKA.CD,Current account balance (USD),-21402776864.0,-15.344862067290432,Pre-Trade War
2018,MX,Mexico,Trade,BN.CAB.XOKA.CD,Current account balance (USD),-25931803949.0,21.16093212473722,Trade War 1.0
2019,MX,Mexico,Trade,BN.CAB.XOKA.CD,Current account balance (USD),-3871166263.00003,-85.07174329015659,Trade War 1.0
2020,MX,Mexico,Trade,BN.CAB.XOKA.CD,Current account balance (USD),26873079471.0,-794.1856186299326,Trade War 1.0
2021,MX,Mexico,Trade,BN.CAB.XOKA.CD,Current account balance (USD),-4485665790.0,-116.69204229028047,Recovery
2022,MX,Mexico,Trade,BN.CAB.XOKA.CD,Current account balance (USD),-18692667771.0,316.72002877860416,Recovery
2023,MX,Mexico,Trade,BN.CAB.XOKA.CD,Current account balance (USD),-12544311497.9999,-32.891807356351364,Recovery
2024,MX,Mexico,Trade,BN.CAB.XOKA.CD,Current account balance (USD),-16695744080.9999,33.09414457431097,Recovery
2015,JP,Japan,Trade,BN.CAB.XOKA.CD,Current account balance (USD),136471801667.014,,Pre-Trade War
2016,JP,Japan,Trade,BN.CAB.XOKA.CD,Current account balance (USD),197049392532.181,44.38835724685015,Pre-Trade War
2017,JP,Japan,Trade,BN.CAB.XOKA.CD,Current account balance (USD),203168727082.394,3.1054825754987414,Pre-Trade War
2018,JP,Japan,Trade,BN.CAB.XOKA.CD,Current account balance (USD),177268535276.423,-12.748119347849885,Trade War 1.0
2019,JP,Japan,Trade,BN.CAB.XOKA.CD,Current account balance (USD),176609997619.695,-0.37149156543834216,Trade War 1.0
2020,JP,Japan,Trade,BN.CAB.XOKA.CD,Current account balance (USD),150028926280.73,-15.050717228479682,Trade War 1.0
2021,JP,Japan,Trade,BN.CAB.XOKA.CD,Current account balance (USD),196525067468.841,30.991451009326475,Recovery
2022,JP,Japan,Trade,BN.CAB.XOKA.CD,Current account balance (USD),90209904940.9152,-54.09750720211917,Recovery
2023,JP,Japan,Trade,BN.CAB.XOKA.CD,Current account balance (USD),156962544064.083,73.99701747484247,Recovery
2024,JP,Japan,Trade,BN.CAB.XOKA.CD,Current account balance (USD),189754826535.882,20.89178833544574,Recovery
2015,KR,South Korea,Trade,BN.CAB.XOKA.CD,Current account balance (USD),105118600000.0,,Pre-Trade War
2016,KR,South Korea,Trade,BN.CAB.XOKA.CD,Current account balance (USD),97923700000.0,-6.844554626869082,Pre-Trade War
2017,KR,South Korea,Trade,BN.CAB.XOKA.CD,Current account balance (USD),75230900000.0,-23.1739609512304,Pre-Trade War
2018,KR,South Korea,Trade,BN.CAB.XOKA.CD,Current account balance (USD),77466500000.0,2.9716512762707925,Trade War 1.0
2019,KR,South Korea,Trade,BN.CAB.XOKA.CD,Current account balance (USD),59676100000.0,-22.965281766957336,Trade War 1.0
2020,KR,South Korea,Trade,BN.CAB.XOKA.CD,Current account balance (USD),76503400000.0,28.19772069555484,Trade War 1.0
2021,KR,South Korea,Trade,BN.CAB.XOKA.CD,Current account balance (USD),83879100000.0,9.641009419189217,Recovery
2022,KR,South Korea,Trade,BN.CAB.XOKA.CD,Current account balance (USD),23238400000.0,-72.29536320728288,Recovery
2023,KR,South Korea,Trade,BN.CAB.XOKA.CD,Current account balance (USD),32530200000.0,39.98468052877995,Recovery
2024,KR,South Korea,Trade,BN.CAB.XOKA.CD,Current account balance (USD),99973500000.0,207.32519320508328,Recovery
2015,IN,India,Trade,BN.CAB.XOKA.CD,Current account balance (USD),-22456838009.6208,,Pre-Trade War
2016,IN,India,Trade,BN.CAB.XOKA.CD,Current account balance (USD),-12113787707.3688,-46.05746498158335,Pre-Trade War
2017,IN,India,Trade,BN.CAB.XOKA.CD,Current account balance (USD),-38167659223.511,215.0761772083365,Pre-Trade War
2018,IN,India,Trade,BN.CAB.XOKA.CD,Current account balance (USD),-65599439052.6676,71.87178985359108,Trade War 1.0
2019,IN,India,Trade,BN.CAB.XOKA.CD,Current account balance (USD),-29762864650.3281,-54.629391531179884,Trade War 1.0
2020,IN,India,Trade,BN.CAB.XOKA.CD,Current account balance (USD),32730048588.2079,-209.96941649515276,Trade War 1.0
2021,IN,India,Trade,BN.CAB.XOKA.CD,Current account balance (USD),-33422359357.9397,-202.11521461040923,Recovery
2022,IN,India,Trade,BN.CAB.XOKA.CD,Current account balance (USD),-79050941951.3239,136.52112977638976,Recovery
2023,IN,India,Trade,BN.CAB.XOKA.CD,Current account balance (USD),-31955497930.2044,-59.57606937829888,Recovery
2024,IN,India,Trade,BN.CAB.XOKA.CD,Current account balance (USD),-32015418428.3173,0.18751232806253348,Recovery
2015,GB,UK,Trade,BN.CAB.XOKA.CD,Current account balance (USD),-144834307320.88,,Pre-Trade War
2016,GB,UK,Trade,BN.CAB.XOKA.CD,Current account balance (USD),-147868520452.342,2.0949547020925774,Pre-Trade War
2017,GB,UK,Trade,BN.CAB.XOKA.CD,Current account balance (USD),-93747523536.9687,-36.60075636776017,Pre-Trade War
2018,GB,UK,Trade,BN.CAB.XOKA.CD,Current account balance (USD),-112615839096.92,20.126734923841163,Trade War 1.0
2019,GB,UK,Trade,BN.CAB.XOKA.CD,Current account balance (USD),-76564527687.8271,-32.01264733113274,Trade War 1.0
2020,GB,UK,Trade,BN.CAB.XOKA.CD,Current account balance (USD),-79781478065.7869,4.201619829846148,Trade War 1.0
2021,GB,UK,Trade,BN.CAB.XOKA.CD,Current account balance (USD),-24049803045.1644,-69.85540550485514,Recovery
2022,GB,UK,Trade,BN.CAB.XOKA.CD,Current account balance (USD),-65768123497.5548,173.46637048979306,Recovery
2023,GB,UK,Trade,BN.CAB.XOKA.CD,Current account balance (USD),-122353749282.974,86.03807251323357,Recovery
2024,GB,UK,Trade,BN.CAB.XOKA.CD,Current account balance (USD),-109910214554.209,-10.170129482494383,Recovery
2015,FR,France,Trade,BN.CAB.XOKA.CD,Current account balance (USD),-8170801718.91239,,Pre-Trade War
2016,FR,France,Trade,BN.CAB.XOKA.CD,Current account balance (USD),-13306414663.5738,62.853231804344986,Pre-Trade War
2017,FR,France,Trade,BN.CAB.XOKA.CD,Current account balance (USD),-12287162187.7848,-7.659858057626856,Pre-Trade War
2018,FR,France,Trade,BN.CAB.XOKA.CD,Current account balance (USD),-20463239633.6479,66.54162548608085,Trade War 1.0
2019,FR,France,Trade,BN.CAB.XOKA.CD,Current account balance (USD),15992675264.402,-178.15319348606508,Trade War 1.0
2020,FR,France,Trade,BN.CAB.XOKA.CD,Current account balance (USD),-53041563679.7434,-431.66160634680233,Trade War 1.0
2021,FR,France,Trade,BN.CAB.XOKA.CD,Current account balance (USD),7245173502.31717,-113.65942668293565,Recovery
2022,FR,France,Trade,BN.CAB.XOKA.CD,Current account balance (USD),-40031107427.2457,-652.5210323043726,Recovery
2023,FR,France,Trade,BN.CAB.XOKA.CD,Current account balance (USD),-31877214983.9138,-20.36889051383638,Recovery
2024,FR,France,Trade,BN.CAB.XOKA.CD,Current account balance (USD),2690421226.67558,-108.43995069215818,Recovery
2015,AU,Australia,Trade,BN.CAB.XOKA.CD,Current account balance (USD),-58275684539.1343,,Pre-Trade War
2016,AU,Australia,Trade,BN.CAB.XOKA.CD,Current account balance (USD),-43642992157.1875,-25.109430284118584,Pre-Trade War
2017,AU,Australia,Trade,BN.CAB.XOKA.CD,Current account balance (USD),-39996696843.9993,-8.354824298149543,Pre-Trade War
2018,AU,Australia,Trade,BN.CAB.XOKA.CD,Current account balance (USD),-37110999152.7877,-7.214840021581792,Trade War 1.0
2019,AU,Australia,Trade,BN.CAB.XOKA.CD,Current account balance (USD),-1059194007.32674,-97.14587580095596,Trade War 1.0
2020,AU,Australia,Trade,BN.CAB.XOKA.CD,Current account balance (USD),21903017072.7105,-2167.894731390211,Trade War 1.0
2021,AU,Australia,Trade,BN.CAB.XOKA.CD,Current account balance (USD),38192956016.8806,74.3730367834399,Recovery
2022,AU,Australia,Trade,BN.CAB.XOKA.CD,Current account balance (USD),4310327613.06487,-88.71433881378601,Recovery
2023,AU,Australia,Trade,BN.CAB.XOKA.CD,Current account balance (USD),-7511409933.83157,-274.26540644066176,Recovery
2024,AU,Australia,Trade,BN.CAB.XOKA.CD,Current account balance (USD),-39336167476.593,423.6855373772368,Recovery
2015,BR,Brazil,Trade,BN.CAB.XOKA.CD,Current account balance (USD),-63408884124.215,,Pre-Trade War
2016,BR,Brazil,Trade,BN.CAB.XOKA.CD,Current account balance (USD),-30528825466.82,-51.85402504952543,Pre-Trade War
2017,BR,Brazil,Trade,BN.CAB.XOKA.CD,Current account balance (USD),-25263598550.21,-17.246739224646777,Pre-Trade War
2018,BR,Brazil,Trade,BN.CAB.XOKA.CD,Current account balance (USD),-53818304220.985,113.0270717927381,Trade War 1.0
2019,BR,Brazil,Trade,BN.CAB.XOKA.CD,Current account balance (USD),-63959511165.035,18.843415991720725,Trade War 1.0
2020,BR,Brazil,Trade,BN.CAB.XOKA.CD,Current account balance (USD),-24223442477.915,-62.126911171332836,Trade War 1.0
2021,BR,Brazil,Trade,BN.CAB.XOKA.CD,Current account balance (USD),-39397557333.0099,62.642272537974094,Recovery
2022,BR,Brazil,Trade,BN.CAB.XOKA.CD,Current account balance (USD),-41960059748.66,6.504216477154712,Recovery
2023,BR,Brazil,Trade,BN.CAB.XOKA.CD,Current account balance (USD),-27073227179.5849,-35.47857810081053,Recovery
2024,BR,Brazil,Trade,BN.CAB.XOKA.CD,Current account balance (USD),-66168310204.4699,144.40496053741762,Recovery
2015,VN,Vietnam,Trade,BN.CAB.XOKA.CD,Current account balance (USD),-2041000000.0,,Pre-Trade War
2016,VN,Vietnam,Trade,BN.CAB.XOKA.CD,Current account balance (USD),625000000.0,-130.62224399804018,Pre-Trade War
2017,VN,Vietnam,Trade,BN.CAB.XOKA.CD,Current account balance (USD),-1649000000.0,-363.84,Pre-Trade War
2018,VN,Vietnam,Trade,BN.CAB.XOKA.CD,Current account balance (USD),5899353000.00003,-457.7533656761691,Trade War 1.0
2019,VN,Vietnam,Trade,BN.CAB.XOKA.CD,Current account balance (USD),13101247000.0,122.07938734976418,Trade War 1.0
2020,VN,Vietnam,Trade,BN.CAB.XOKA.CD,Current account balance (USD),15060000000.0,14.950889789346,Trade War 1.0
2021,VN,Vietnam,Trade,BN.CAB.XOKA.CD,Current account balance (USD),-4628000000.0,-130.730411686587,Recovery
2022,VN,Vietnam,Trade,BN.CAB.XOKA.CD,Current account balance (USD),1402000000.0,-130.29386343993085,Recovery
2023,VN,Vietnam,Trade,BN.CAB.XOKA.CD,Current account balance (USD),25793000000.0,1739.7289586305278,Recovery
2024,VN,Vietnam,Trade,BN.CAB.XOKA.CD,Current account balance (USD),30175000000.0,16.98910557127904,Recovery
2015,SG,Singapore,Trade,BN.CAB.XOKA.CD,Current account balance (USD),57574236721.0372,,Pre-Trade War
2016,SG,Singapore,Trade,BN.CAB.XOKA.CD,Current account balance (USD),57822018936.6198,0.43036995311491744,Pre-Trade War
2017,SG,Singapore,Trade,BN.CAB.XOKA.CD,Current account balance (USD),63747777757.6624,10.248273806450747,Pre-Trade War
2018,SG,Singapore,Trade,BN.CAB.XOKA.CD,Current account balance (USD),59253211088.5266,-7.050546430374283,Trade War 1.0
2019,SG,Singapore,Trade,BN.CAB.XOKA.CD,Current account balance (USD),58233636124.8388,-1.7207083716771376,Trade War 1.0
2020,SG,Singapore,Trade,BN.CAB.XOKA.CD,Current account balance (USD),62158375058.1328,6.739642575092364,Trade War 1.0
2021,SG,Singapore,Trade,BN.CAB.XOKA.CD,Current account balance (USD),84926100063.2683,36.6285717473185,Recovery
2022,SG,Singapore,Trade,BN.CAB.XOKA.CD,Current account balance (USD),97310469052.2243,14.582524076496961,Recovery
2023,SG,Singapore,Trade,BN.CAB.XOKA.CD,Current account balance (USD),83791102946.6524,-13.893023265889681,Recovery
2024,SG,Singapore,Trade,BN.CAB.XOKA.CD,Current account balance (USD),98541098111.6072,17.603295154553255,Recovery
2015,MY,Malaysia,Trade,BN.CAB.XOKA.CD,Current account balance (USD),9067534382.29971,,Pre-Trade War
2016,MY,Malaysia,Trade,BN.CAB.XOKA.CD,Current account balance (USD),7132796676.88571,-21.336976777178883,Pre-Trade War
2017,MY,Malaysia,Trade,BN.CAB.XOKA.CD,Current account balance (USD),8960171430.00505,25.619330480021496,Pre-Trade War
2018,MY,Malaysia,Trade,BN.CAB.XOKA.CD,Current account balance (USD),8026400934.69379,-10.421346316927938,Trade War 1.0
2019,MY,Malaysia,Trade,BN.CAB.XOKA.CD,Current account balance (USD),12795413586.6751,59.41657650526086,Trade War 1.0
2020,MY,Malaysia,Trade,BN.CAB.XOKA.CD,Current account balance (USD),14137954762.8316,10.492362494281515,Trade War 1.0
2021,MY,Malaysia,Trade,BN.CAB.XOKA.CD,Current account balance (USD),14493419471.0048,2.5142583502085536,Recovery
2022,MY,Malaysia,Trade,BN.CAB.XOKA.CD,Current account balance (USD),12738468639.6038,-12.108604425007607,Recovery
2023,MY,Malaysia,Trade,BN.CAB.XOKA.CD,Current account balance (USD),6257096796.55397,-50.88030615312184,Recovery
2024,MY,Malaysia,Trade,BN.CAB.XOKA.CD,Current account balance (USD),7150093156.33009,14.271736378889454,Recovery
